account_id,account_name,industry,account_tier,employee_count,annual_revenue,region,country,state,city,website,owner_rep_id,created_date,is_active
1,Drake Capital AG,Real Estate,SMB,25,2358000.0,EMEA,Germany,,West Angela,https://www.drakecapitalag.example.com,1,2023-03-07,1
2,Orr Interactive AG,Manufacturing,SMB,92,18265000.0,EMEA,Netherlands,,Destinyfurt,https://www.orrinteractiveag.example.com,27,2025-06-11,1
3,Key Analytics GmbH,Software & SaaS,SMB,51,10272000.0,EMEA,United Kingdom,,Knappbury,https://www.keyanalyticsgmbh.example.com,36,2025-06-17,0
4,Nunez Partners PLC,Professional Services,SMB,164,34304000.0,LATAM,Mexico,,Rodriguezmouth,https://www.nunezpartnersplc.example.com,44,2026-06-19,1
5,Choi Technologies LLC,Construction,Mid-Market,378,46223000.0,NA,United States,TN,Whitebury,https://www.choitechnologiesllc.example.com,38,2022-05-13,1
6,Walker Interactive Corp,Manufacturing,Mid-Market,413,129606000.0,APAC,India,,West Angelbury,https://www.walkerinteractivecorp.example.com,56,2021-06-17,1
7,Andersen Health Inc,Education,SMB,38,5782000.0,EMEA,Ireland,,Jensenstad,https://www.andersenhealthinc.example.com,6,2021-04-06,1
8,Figueroa Capital Group,Manufacturing,Mid-Market,422,84011000.0,NA,United States,ME,Wendyton,https://www.figueroacapitalgroup.example.com,52,2025-04-23,1
9,Montoya Health Group,Logistics & Transportation,Enterprise,36849,8286101000.0,NA,Canada,,Robertfort,https://www.montoyahealthgroup.example.com,9,2024-06-17,1
10,Levine Digital PLC,Telecommunications,SMB,23,4425000.0,EMEA,United Kingdom,,Mosleystad,https://www.levinedigitalplc.example.com,42,2023-10-05,1
11,Goodwin Interactive Inc,Education,SMB,19,2192000.0,NA,United States,OR,Lake Saraburgh,https://www.goodwininteractiveinc.example.com,14,2023-01-27,1
12,Willis Labs AG,Healthcare,SMB,7,1179000.0,EMEA,Sweden,,South John,https://www.willislabsag.example.com,45,2022-11-24,1
13,Green Capital PLC,Financial Services,Mid-Market,302,54288000.0,EMEA,France,,South Shannonfurt,https://www.greencapitalplc.example.com,4,2023-01-20,1
14,Oconnor Bioscience PLC,Logistics & Transportation,SMB,25,3416000.0,NA,United States,FL,West Cassandra,https://www.oconnorbioscienceplc.example.com,15,2022-06-14,1
15,Hill Technologies Ltd,Education,SMB,74,12395000.0,EMEA,Sweden,,Mosleyland,https://www.hilltechnologiesltd.example.com,60,2022-12-19,1
16,Hubbard Foods Group,Media & Entertainment,SMB,49,8713000.0,EMEA,Ireland,,Jamesland,https://www.hubbardfoodsgroup.example.com,58,2021-10-31,1
17,Robertson Systems Co,Software & SaaS,Mid-Market,200,60799000.0,NA,United States,MN,Thompsonstad,https://www.robertsonsystemsco.example.com,34,2021-06-11,1
18,Guerra Labs Ltd,Manufacturing,SMB,32,4324000.0,APAC,Japan,,Katelynfurt,https://www.guerralabsltd.example.com,50,2021-11-02,1
19,Hernandez Industries GmbH,Real Estate,Mid-Market,446,96931000.0,NA,Canada,,Ryanside,https://www.hernandezindustriesgmbh.example.com,2,2026-03-30,1
20,Rocha Works PLC,Financial Services,SMB,14,1654000.0,LATAM,Brazil,,New Katieport,https://www.rochaworksplc.example.com,44,2026-06-16,1
21,Bowen Networks GmbH,Government & Public Sector,Enterprise,48123,11563874000.0,NA,Canada,,North Neil,https://www.bowennetworksgmbh.example.com,55,2024-06-21,1
22,Horton Ventures Co,Retail & E-commerce,SMB,37,4877000.0,NA,United States,ID,Farmerport,https://www.hortonventuresco.example.com,39,2025-01-30,1
23,Fitzpatrick Energy Corp,Professional Services,SMB,67,11813000.0,EMEA,France,,Hendersonton,https://www.fitzpatrickenergycorp.example.com,7,2021-05-26,1
24,Kane Interactive GmbH,Manufacturing,Mid-Market,1217,295567000.0,NA,United States,ID,Port Dwayneberg,https://www.kaneinteractivegmbh.example.com,52,2021-06-17,1
25,Mccarty Capital Ltd,Manufacturing,Enterprise,21365,6508513000.0,NA,Canada,,Ianburgh,https://www.mccartycapitalltd.example.com,2,2021-05-11,1
26,Hoover Dynamics Corp,Construction,SMB,43,7654000.0,NA,United States,MT,Port Julie,https://www.hooverdynamicscorp.example.com,17,2021-03-29,1
27,Yu Bioscience Corp,Media & Entertainment,SMB,35,6523000.0,EMEA,United Kingdom,,Williamshire,https://www.yubiosciencecorp.example.com,5,2024-06-14,1
28,Valentine Partners Ltd,Software & SaaS,Mid-Market,733,189972000.0,EMEA,Spain,,Cassandraberg,https://www.valentinepartnersltd.example.com,5,2021-03-22,1
29,Carpenter Digital Ltd,Construction,Mid-Market,2000,588565000.0,NA,Canada,,West Georgeshire,https://www.carpenterdigitalltd.example.com,28,2026-01-06,1
30,Mueller Foods Corp,Manufacturing,SMB,17,1810000.0,NA,United States,PR,East Julie,https://www.muellerfoodscorp.example.com,47,2023-11-30,1
31,Garza Partners LLC,Telecommunications,SMB,60,11784000.0,NA,Canada,,East Charles,https://www.garzapartnersllc.example.com,37,2021-09-06,1
32,Petersen Capital AG,Software & SaaS,Mid-Market,1110,162003000.0,LATAM,Mexico,,South Sarahberg,https://www.petersencapitalag.example.com,44,2024-12-11,1
33,Kelley Digital Group,Hospitality,Mid-Market,936,127605000.0,NA,Canada,,Englishchester,https://www.kelleydigitalgroup.example.com,26,2024-12-23,0
34,Watts Labs LLC,Construction,Mid-Market,2000,637484000.0,EMEA,Sweden,,Port Davidborough,https://www.wattslabsllc.example.com,1,2023-05-31,1
35,Warner Solutions Group,Manufacturing,SMB,5,897000.0,NA,United States,WA,Davidshire,https://www.warnersolutionsgroup.example.com,22,2021-05-10,1
36,Bauer Energy GmbH,Financial Services,SMB,42,3947000.0,EMEA,Germany,,Chloemouth,https://www.bauerenergygmbh.example.com,1,2022-08-23,1
37,Brown Systems LLC,Logistics & Transportation,Enterprise,39575,15670652000.0,LATAM,Brazil,,Ellisshire,https://www.brownsystemsllc.example.com,44,2023-05-02,1
38,Arellano Industries PLC,Financial Services,Mid-Market,588,71605000.0,NA,Canada,,New Michellemouth,https://www.arellanoindustriesplc.example.com,22,2024-06-07,1
39,Roth Holdings Corp,Retail & E-commerce,Mid-Market,663,173467000.0,EMEA,United Kingdom,,Jillton,https://www.rothholdingscorp.example.com,18,2022-03-08,1
40,Dean Industries Ltd,Education,SMB,200,26726000.0,NA,United States,NJ,Garrettfurt,https://www.deanindustriesltd.example.com,25,2025-05-12,1
41,Pierce Industries PLC,Software & SaaS,SMB,10,1507000.0,EMEA,Sweden,,South Shannonfurt,https://www.pierceindustriesplc.example.com,42,2021-12-22,1
42,Gonzales Works Group,Biotech & Pharma,Mid-Market,627,151868000.0,NA,United States,VT,East Kristen,https://www.gonzalesworksgroup.example.com,38,2026-07-20,1
43,Fry Dynamics Corp,Telecommunications,SMB,26,3559000.0,NA,United States,RI,Cookton,https://www.frydynamicscorp.example.com,51,2021-06-09,1
44,Melton Works GmbH,Manufacturing,Enterprise,13605,6548593000.0,NA,United States,ME,Davischester,https://www.meltonworksgmbh.example.com,29,2025-01-16,1
45,Roach Foods AG,Manufacturing,SMB,31,3263000.0,NA,Canada,,Tracichester,https://www.roachfoodsag.example.com,52,2021-06-28,1
46,Maxwell Cloud GmbH,Hospitality,Mid-Market,2000,461020000.0,LATAM,Chile,,New Blake,https://www.maxwellcloudgmbh.example.com,44,2024-07-11,1
47,Mccann Health Group,Retail & E-commerce,Mid-Market,633,175446000.0,EMEA,Sweden,,West Theresamouth,https://www.mccannhealthgroup.example.com,42,2025-04-08,1
48,Prince Cloud Group,Automotive,SMB,22,2573000.0,NA,United States,GU,South Jacqueline,https://www.princecloudgroup.example.com,17,2022-03-25,1
49,Church Systems AG,Software & SaaS,SMB,68,6337000.0,EMEA,United Kingdom,,Jenkinsburgh,https://www.churchsystemsag.example.com,27,2021-05-24,1
50,Mckee Foods PLC,Healthcare,SMB,45,4595000.0,EMEA,Sweden,,South Cassandra,https://www.mckeefoodsplc.example.com,42,2026-07-29,1
51,Floyd Foods LLC,Logistics & Transportation,SMB,35,4362000.0,NA,United States,GA,Moniqueport,https://www.floydfoodsllc.example.com,51,2026-03-30,1
52,Castro Cloud Ltd,Software & SaaS,SMB,57,11206000.0,NA,Canada,,North Jenniferchester,https://www.castrocloudltd.example.com,2,2024-07-04,1
53,Glass Systems Group,Manufacturing,SMB,32,5071000.0,EMEA,Netherlands,,New Tara,https://www.glasssystemsgroup.example.com,4,2022-07-21,1
54,Conrad Digital LLC,Logistics & Transportation,Enterprise,26882,9377006000.0,NA,United States,AK,Saraport,https://www.conraddigitalllc.example.com,43,2021-06-30,1
55,Garza Digital LLC,Healthcare,SMB,200,29037000.0,EMEA,Germany,,Ericland,https://www.garzadigitalllc.example.com,60,2022-09-20,1
56,Arellano Analytics Corp,Financial Services,SMB,35,6163000.0,NA,Canada,,Brianstad,https://www.arellanoanalyticscorp.example.com,55,2024-04-16,1
57,Randall Materials Group,Healthcare,SMB,36,5774000.0,NA,United States,VI,Robertside,https://www.randallmaterialsgroup.example.com,17,2021-08-04,1
58,Greer Holdings GmbH,Software & SaaS,SMB,8,857000.0,EMEA,Sweden,,West Robertfort,https://www.greerholdingsgmbh.example.com,5,2021-01-28,1
59,Newman Holdings LLC,Financial Services,SMB,21,2498000.0,EMEA,Spain,,North Logan,https://www.newmanholdingsllc.example.com,19,2025-08-19,1
60,Ray Capital LLC,Software & SaaS,SMB,74,8801000.0,LATAM,Mexico,,Debbieview,https://www.raycapitalllc.example.com,44,2024-03-05,1
61,Schneider Foods Ltd,Construction,Mid-Market,388,123576000.0,NA,Canada,,Davishaven,https://www.schneiderfoodsltd.example.com,38,2024-02-20,1
62,Blackburn Health Corp,Financial Services,SMB,11,1848000.0,EMEA,Germany,,North Ashley,https://www.blackburnhealthcorp.example.com,42,2025-12-30,1
63,Larsen Industries LLC,Software & SaaS,Enterprise,47415,16675680000.0,LATAM,Argentina,,Wendyton,https://www.larsenindustriesllc.example.com,40,2023-03-13,1
64,Hogan Works Inc,Construction,SMB,6,900000.0,EMEA,Spain,,North Yolanda,https://www.hoganworksinc.example.com,4,2022-04-01,1
65,Griffin Solutions Inc,Real Estate,SMB,32,4492000.0,LATAM,Chile,,Katelynfurt,https://www.griffinsolutionsinc.example.com,40,2025-09-07,1
66,Salazar Networks Group,Healthcare,Mid-Market,982,127048000.0,LATAM,Mexico,,Pageberg,https://www.salazarnetworksgroup.example.com,40,2026-06-01,1
67,Benton Holdings Group,Government & Public Sector,Mid-Market,342,83074000.0,APAC,India,,East Jaredfort,https://www.bentonholdingsgroup.example.com,23,2021-02-03,1
68,Fuller Logistics Ltd,Government & Public Sector,SMB,88,14288000.0,LATAM,Chile,,New Daltonmouth,https://www.fullerlogisticsltd.example.com,44,2022-04-25,1
69,Roth Networks PLC,Real Estate,SMB,32,6916000.0,EMEA,Germany,,Whitebury,https://www.rothnetworksplc.example.com,20,2022-06-13,1
70,Hendrix Cloud LLC,Media & Entertainment,SMB,24,3140000.0,NA,Canada,,Port Annette,https://www.hendrixcloudllc.example.com,9,2021-06-04,1
71,Bird Labs Corp,Media & Entertainment,SMB,7,1103000.0,APAC,Japan,,Daniellestad,https://www.birdlabscorp.example.com,50,2021-11-16,1
72,Clark Digital Co,Construction,SMB,44,6708000.0,APAC,Singapore,,Ellisville,https://www.clarkdigitalco.example.com,23,2021-02-09,1
73,Freeman Holdings LLC,Retail & E-commerce,SMB,51,9341000.0,NA,Canada,,Brianstad,https://www.freemanholdingsllc.example.com,51,2024-02-27,1
74,Dunlap Analytics Co,Professional Services,SMB,8,1480000.0,NA,Canada,,Livingstonview,https://www.dunlapanalyticsco.example.com,30,2021-06-01,1
75,Norris Technologies Inc,Software & SaaS,SMB,74,13674000.0,NA,Canada,,Gregoryburgh,https://www.norristechnologiesinc.example.com,28,2025-06-19,1
76,Church Partners Group,Telecommunications,Enterprise,28685,7886936000.0,APAC,Australia,,Whiteburgh,https://www.churchpartnersgroup.example.com,13,2023-06-30,1
77,Richardson Holdings PLC,Automotive,Mid-Market,943,248344000.0,NA,United States,AS,Kingmouth,https://www.richardsonholdingsplc.example.com,53,2022-06-03,1
78,Gallagher Industries Group,Software & SaaS,SMB,56,6507000.0,NA,United States,OH,Annborough,https://www.gallagherindustriesgroup.example.com,53,2024-11-21,1
79,Benton Materials PLC,Healthcare,SMB,73,10832000.0,NA,Canada,,Mclaughlinmouth,https://www.bentonmaterialsplc.example.com,15,2023-11-23,1
80,Allen Industries Inc,Professional Services,SMB,48,9382000.0,NA,United States,MT,Robinsonville,https://www.allenindustriesinc.example.com,55,2024-06-25,0
81,Mercado Energy Co,Telecommunications,SMB,51,7120000.0,LATAM,Argentina,,Port Penny,https://www.mercadoenergyco.example.com,40,2025-05-26,1
82,Price Networks AG,Telecommunications,Mid-Market,862,156184000.0,NA,United States,GA,West Travischester,https://www.pricenetworksag.example.com,14,2024-11-19,1
83,Cardenas Bioscience Co,Automotive,Mid-Market,548,163618000.0,NA,United States,HI,Lake Michaelborough,https://www.cardenasbioscienceco.example.com,48,2024-09-10,1
84,Frye Works GmbH,Software & SaaS,Enterprise,15033,6738466000.0,NA,Canada,,New Philip,https://www.fryeworksgmbh.example.com,47,2024-05-08,1
85,Reyes Capital Group,Energy & Utilities,Enterprise,18138,3623520000.0,EMEA,Sweden,,North Heather,https://www.reyescapitalgroup.example.com,58,2022-07-01,1
86,Steele Analytics LLC,Education,Enterprise,47896,12855150000.0,EMEA,Ireland,,Andrewfort,https://www.steeleanalyticsllc.example.com,6,2023-11-26,1
87,Powell Metrics Co,Financial Services,Enterprise,9859,1921650000.0,NA,Canada,,Alexisville,https://www.powellmetricsco.example.com,30,2023-06-02,1
88,Mills Interactive Group,Financial Services,SMB,46,10026000.0,NA,Canada,,South Danielberg,https://www.millsinteractivegroup.example.com,34,2026-03-05,1
89,Rasmussen Robotics PLC,Education,SMB,60,8245000.0,APAC,New Zealand,,Lake Wendybury,https://www.rasmussenroboticsplc.example.com,50,2023-02-06,1
90,Frank Networks Corp,Education,SMB,8,1238000.0,EMEA,UAE,,Port Scott,https://www.franknetworkscorp.example.com,36,2021-11-16,1
91,Benitez Foods PLC,Media & Entertainment,SMB,10,1517000.0,EMEA,France,,West Michaelport,https://www.benitezfoodsplc.example.com,36,2022-11-25,1
92,Mathis Materials Inc,Retail & E-commerce,SMB,18,2635000.0,NA,United States,MI,Hahnberg,https://www.mathismaterialsinc.example.com,26,2022-09-14,1
93,Martinez Energy Corp,Energy & Utilities,Mid-Market,966,204211000.0,LATAM,Brazil,,Simmonsstad,https://www.martinezenergycorp.example.com,44,2022-12-12,1
94,Russo Health Group,Healthcare,SMB,28,5598000.0,EMEA,France,,Frankmouth,https://www.russohealthgroup.example.com,3,2023-06-26,1
95,Dixon Interactive PLC,Financial Services,SMB,42,4628000.0,NA,Canada,,Rodriguezfort,https://www.dixoninteractiveplc.example.com,26,2026-01-01,1
96,Tate Works LLC,Media & Entertainment,SMB,40,6552000.0,LATAM,Mexico,,East Jenniferfort,https://www.tateworksllc.example.com,40,2022-02-09,1
97,Kirk Energy Co,Education,SMB,73,12441000.0,APAC,India,,Kaylaton,https://www.kirkenergyco.example.com,56,2026-03-24,1
98,Huber Logistics Corp,Professional Services,SMB,74,14849000.0,EMEA,United Kingdom,,New Anna,https://www.huberlogisticscorp.example.com,3,2024-09-11,1
99,Yoder Metrics PLC,Manufacturing,Mid-Market,207,31649000.0,EMEA,UAE,,New Gina,https://www.yodermetricsplc.example.com,4,2021-09-21,1
100,Lynn Interactive Corp,Real Estate,SMB,16,2707000.0,NA,Canada,,Angelaton,https://www.lynninteractivecorp.example.com,30,2022-02-08,1
101,Boyd Holdings PLC,Non-Profit,Mid-Market,714,207689000.0,NA,Canada,,South Tinaton,https://www.boydholdingsplc.example.com,51,2025-09-05,1
102,Edwards Systems Inc,Retail & E-commerce,SMB,37,7948000.0,NA,United States,NY,Alexisville,https://www.edwardssystemsinc.example.com,29,2024-11-04,1
103,Mckenzie Cloud PLC,Logistics & Transportation,SMB,16,3254000.0,EMEA,France,,Townsendbury,https://www.mckenziecloudplc.example.com,1,2021-07-16,1
104,Delacruz Digital Ltd,Non-Profit,SMB,27,3654000.0,NA,Canada,,Ericland,https://www.delacruzdigitalltd.example.com,34,2023-06-30,1
105,Chen Industries LLC,Healthcare,Mid-Market,446,137629000.0,NA,United States,IN,Rebeccaberg,https://www.chenindustriesllc.example.com,39,2022-02-02,1
106,Frank Materials Inc,Telecommunications,Mid-Market,2000,279806000.0,LATAM,Chile,,Rebeccaberg,https://www.frankmaterialsinc.example.com,44,2023-10-10,1
107,Lara Systems Group,Media & Entertainment,SMB,40,8072000.0,NA,United States,TN,Moniqueport,https://www.larasystemsgroup.example.com,53,2021-09-09,1
108,Boyer Interactive AG,Manufacturing,Enterprise,11012,2611001000.0,APAC,Japan,,Nicoleburgh,https://www.boyerinteractiveag.example.com,50,2022-05-30,1
109,Levine Technologies Group,Hospitality,SMB,5,1073000.0,NA,United States,WI,Burkeberg,https://www.levinetechnologiesgroup.example.com,51,2022-07-26,1
110,Ponce Partners Co,Financial Services,Mid-Market,710,191939000.0,NA,Canada,,West Amy,https://www.poncepartnersco.example.com,25,2023-04-10,0
111,Hurley Robotics Co,Software & SaaS,SMB,192,23700000.0,NA,United States,MN,Deborahberg,https://www.hurleyroboticsco.example.com,51,2021-12-09,1
112,Palmer Health Group,Financial Services,SMB,48,8128000.0,NA,Canada,,Port Heather,https://www.palmerhealthgroup.example.com,28,2024-05-03,1
113,Morton Dynamics Co,Government & Public Sector,Mid-Market,404,65853000.0,NA,Canada,,Abbottport,https://www.mortondynamicsco.example.com,10,2024-11-22,1
114,Klein Robotics LLC,Manufacturing,SMB,20,2533000.0,NA,United States,WV,Rodriguezview,https://www.kleinroboticsllc.example.com,9,2023-11-01,1
115,Williams Labs PLC,Energy & Utilities,SMB,134,23375000.0,EMEA,Ireland,,Lake Margaretport,https://www.williamslabsplc.example.com,27,2025-08-14,1
116,Meyers Cloud LLC,Financial Services,SMB,24,2452000.0,NA,United States,MA,New Danielleshire,https://www.meyerscloudllc.example.com,14,2024-10-04,1
117,Salas Networks Ltd,Retail & E-commerce,SMB,34,6305000.0,NA,Canada,,Andersonborough,https://www.salasnetworksltd.example.com,25,2021-03-08,1
118,Moses Holdings Group,Logistics & Transportation,Mid-Market,224,27181000.0,NA,Canada,,Freemanville,https://www.mosesholdingsgroup.example.com,26,2021-04-29,1
119,Weeks Materials Ltd,Financial Services,Mid-Market,1683,289683000.0,NA,United States,MN,Mclaughlinmouth,https://www.weeksmaterialsltd.example.com,12,2023-12-09,1
120,Horton Labs Co,Manufacturing,Mid-Market,486,141417000.0,NA,United States,MI,Rhodesmouth,https://www.hortonlabsco.example.com,12,2024-04-19,0
121,Combs Labs Ltd,Healthcare,SMB,21,3036000.0,NA,United States,FM,North Roger,https://www.combslabsltd.example.com,8,2026-03-19,1
122,Cohen Works Ltd,Software & SaaS,SMB,109,18132000.0,EMEA,UAE,,Ianburgh,https://www.cohenworksltd.example.com,7,2021-01-06,1
123,Young Robotics Group,Retail & E-commerce,SMB,29,2708000.0,EMEA,Netherlands,,North Robert,https://www.youngroboticsgroup.example.com,32,2021-12-07,1
124,Ruiz Solutions Ltd,Media & Entertainment,SMB,35,6314000.0,APAC,Australia,,Garrettfurt,https://www.ruizsolutionsltd.example.com,41,2025-01-13,1
125,Frost Health Group,Software & SaaS,SMB,78,12049000.0,EMEA,Spain,,North Garyfurt,https://www.frosthealthgroup.example.com,7,2025-06-27,1
126,Huffman Metrics Corp,Manufacturing,Enterprise,35110,13031963000.0,EMEA,Netherlands,,North Adrianland,https://www.huffmanmetricscorp.example.com,19,2022-12-06,1
127,Ayers Energy LLC,Retail & E-commerce,Mid-Market,349,51735000.0,NA,Canada,,Garyport,https://www.ayersenergyllc.example.com,53,2022-12-30,1
128,Watts Industries Co,Biotech & Pharma,Mid-Market,813,118807000.0,NA,Canada,,Ellisshire,https://www.wattsindustriesco.example.com,16,2025-03-17,1
129,Howard Health GmbH,Education,SMB,49,8393000.0,EMEA,Sweden,,New Michaelside,https://www.howardhealthgmbh.example.com,4,2022-11-30,1
130,Hart Metrics Ltd,Biotech & Pharma,SMB,30,3931000.0,NA,United States,WY,North Neil,https://www.hartmetricsltd.example.com,37,2024-09-26,1
131,Duke Partners Inc,Logistics & Transportation,SMB,72,7845000.0,NA,United States,AZ,Whiteburgh,https://www.dukepartnersinc.example.com,30,2026-01-05,1
132,Bolton Energy Inc,Professional Services,SMB,200,29321000.0,LATAM,Brazil,,New Jessica,https://www.boltonenergyinc.example.com,40,2022-01-05,1
133,Richard Works Group,Software & SaaS,SMB,40,8509000.0,NA,United States,ND,Michaelside,https://www.richardworksgroup.example.com,24,2022-01-27,1
134,Davies Networks Ltd,Media & Entertainment,SMB,34,4067000.0,NA,Canada,,New Blake,https://www.daviesnetworksltd.example.com,16,2025-12-08,1
135,Bowen Metrics Group,Manufacturing,SMB,35,6225000.0,LATAM,Chile,,Tiffanystad,https://www.bowenmetricsgroup.example.com,44,2022-09-28,1
136,Wilson Dynamics AG,Telecommunications,Enterprise,16085,3302986000.0,NA,Canada,,Keithfort,https://www.wilsondynamicsag.example.com,9,2021-01-27,1
137,Maldonado Networks Ltd,Government & Public Sector,SMB,84,8104000.0,NA,United States,DC,Lake Susanland,https://www.maldonadonetworksltd.example.com,10,2023-02-08,1
138,Blackburn Partners AG,Telecommunications,Enterprise,7519,1475396000.0,NA,United States,WI,Lake Pamela,https://www.blackburnpartnersag.example.com,38,2023-09-15,1
139,Ford Dynamics AG,Software & SaaS,SMB,20,3667000.0,NA,Canada,,Perezchester,https://www.forddynamicsag.example.com,28,2021-12-15,1
140,Marquez Materials Inc,Education,SMB,25,3025000.0,LATAM,Brazil,,Port Wesleyville,https://www.marquezmaterialsinc.example.com,44,2024-05-02,1
141,Crawford Digital GmbH,Real Estate,SMB,9,1338000.0,EMEA,Germany,,New Danielleshire,https://www.crawforddigitalgmbh.example.com,46,2021-12-02,1
142,Yoder Industries Inc,Software & SaaS,SMB,13,1792000.0,NA,Canada,,Jaimetown,https://www.yoderindustriesinc.example.com,55,2021-06-15,1
143,Stewart Bioscience Inc,Financial Services,SMB,21,2198000.0,NA,Canada,,Port Scott,https://www.stewartbioscienceinc.example.com,11,2021-12-21,1
144,Sweeney Solutions Co,Energy & Utilities,SMB,30,4048000.0,NA,United States,CO,Jaredshire,https://www.sweeneysolutionsco.example.com,53,2023-03-31,0
145,Lawson Interactive Co,Healthcare,Enterprise,61584,28164081000.0,EMEA,Ireland,,Wendyton,https://www.lawsoninteractiveco.example.com,4,2025-03-21,1
146,Yang Health Ltd,Software & SaaS,SMB,119,16126000.0,NA,Canada,,Perezchester,https://www.yanghealthltd.example.com,9,2023-03-25,0
147,Gibson Metrics Inc,Government & Public Sector,SMB,47,7420000.0,NA,Canada,,Michaelhaven,https://www.gibsonmetricsinc.example.com,43,2025-03-06,1
148,Marsh Dynamics Inc,Construction,SMB,15,3246000.0,EMEA,United Kingdom,,Glennshire,https://www.marshdynamicsinc.example.com,58,2021-03-30,1
149,Randall Works GmbH,Manufacturing,SMB,18,2720000.0,APAC,New Zealand,,Sarahfort,https://www.randallworksgmbh.example.com,41,2022-06-24,0
150,Lamb Dynamics Ltd,Automotive,SMB,88,18381000.0,APAC,Australia,,North Timothyport,https://www.lambdynamicsltd.example.com,23,2022-10-18,1
151,Smith Foods Corp,Hospitality,SMB,73,10950000.0,APAC,Singapore,,Troyton,https://www.smithfoodscorp.example.com,56,2024-11-04,1
152,Bright Energy LLC,Logistics & Transportation,Enterprise,9802,1985764000.0,EMEA,Spain,,Ramirezshire,https://www.brightenergyllc.example.com,5,2023-09-06,1
153,Huber Labs LLC,Real Estate,Mid-Market,1029,275576000.0,EMEA,UAE,,South Amandaville,https://www.huberlabsllc.example.com,60,2024-09-23,1
154,Sharp Dynamics Group,Biotech & Pharma,Mid-Market,1017,204694000.0,APAC,Australia,,Colleenmouth,https://www.sharpdynamicsgroup.example.com,41,2022-05-09,1
155,Cole Dynamics Co,Telecommunications,SMB,32,3327000.0,NA,Canada,,Andrewfort,https://www.coledynamicsco.example.com,55,2025-11-25,1
156,Harvey Labs GmbH,Healthcare,SMB,22,2638000.0,NA,United States,SC,Port Heather,https://www.harveylabsgmbh.example.com,12,2024-12-03,1
157,Yu Labs Corp,Financial Services,Enterprise,19254,7295325000.0,NA,United States,KS,Abbottport,https://www.yulabscorp.example.com,29,2025-09-23,1
158,Meza Works Corp,Retail & E-commerce,SMB,73,10437000.0,LATAM,Argentina,,Welchchester,https://www.mezaworkscorp.example.com,44,2022-01-06,1
159,Guzman Technologies AG,Financial Services,SMB,15,1984000.0,APAC,India,,Troyton,https://www.guzmantechnologiesag.example.com,56,2021-01-12,1
160,Haley Interactive Inc,Software & SaaS,SMB,42,8507000.0,APAC,Japan,,North Michael,https://www.haleyinteractiveinc.example.com,13,2023-09-14,1
161,Cox Systems Inc,Retail & E-commerce,Mid-Market,641,95956000.0,NA,United States,WI,Robertport,https://www.coxsystemsinc.example.com,53,2023-01-18,1
162,Price Health AG,Healthcare,Mid-Market,712,118192000.0,LATAM,Colombia,,Maryport,https://www.pricehealthag.example.com,44,2024-09-10,1
163,Briggs Ventures AG,Software & SaaS,Mid-Market,752,209748000.0,NA,United States,DE,West Ryan,https://www.briggsventuresag.example.com,48,2021-05-18,1
164,Cross Digital Corp,Government & Public Sector,Mid-Market,813,198904000.0,NA,Canada,,Arthurton,https://www.crossdigitalcorp.example.com,15,2023-07-30,1
165,Bush Energy Group,Software & SaaS,SMB,173,30833000.0,EMEA,Ireland,,Joemouth,https://www.bushenergygroup.example.com,45,2021-10-13,1
166,Reid Solutions LLC,Education,Enterprise,14050,4028473000.0,EMEA,Ireland,,Port Tyler,https://www.reidsolutionsllc.example.com,54,2023-03-03,1
167,Ward Dynamics LLC,Media & Entertainment,SMB,36,5946000.0,APAC,Singapore,,South Amandafort,https://www.warddynamicsllc.example.com,23,2021-08-16,1
168,Bowen Solutions AG,Construction,Mid-Market,869,236529000.0,NA,Canada,,Guerreroport,https://www.bowensolutionsag.example.com,12,2025-09-15,1
169,Warren Interactive PLC,Healthcare,SMB,17,2616000.0,NA,Canada,,South Diana,https://www.warreninteractiveplc.example.com,24,2021-09-21,1
170,Vang Materials GmbH,Financial Services,Enterprise,17886,8633432000.0,NA,Canada,,Mosleyland,https://www.vangmaterialsgmbh.example.com,29,2023-06-16,1
171,Lane Cloud Co,Education,SMB,43,6091000.0,NA,United States,MN,Stevenland,https://www.lanecloudco.example.com,17,2021-01-11,1
172,Baker Bioscience Ltd,Logistics & Transportation,SMB,22,3731000.0,APAC,Singapore,,Jamesland,https://www.bakerbioscienceltd.example.com,23,2021-08-11,1
173,Pace Labs AG,Professional Services,SMB,11,1168000.0,NA,Canada,,Port Stacey,https://www.pacelabsag.example.com,9,2023-02-02,1
174,Lin Systems Corp,Financial Services,SMB,53,5890000.0,NA,Canada,,Evansberg,https://www.linsystemscorp.example.com,30,2021-03-04,1
175,Shea Dynamics Co,Healthcare,SMB,73,9447000.0,NA,Canada,,East Charles,https://www.sheadynamicsco.example.com,26,2023-04-20,1
176,Franco Technologies Group,Software & SaaS,Mid-Market,1437,200540000.0,EMEA,Spain,,Quinnhaven,https://www.francotechnologiesgroup.example.com,54,2021-09-22,1
177,Martin Holdings Co,Telecommunications,SMB,25,2806000.0,APAC,Japan,,Port Patriciamouth,https://www.martinholdingsco.example.com,13,2024-05-01,1
178,Terry Dynamics LLC,Healthcare,Enterprise,11517,4776307000.0,NA,United States,WY,Joemouth,https://www.terrydynamicsllc.example.com,22,2025-04-28,1
179,Nixon Bioscience LLC,Financial Services,SMB,23,4095000.0,NA,United States,NH,North Susanside,https://www.nixonbiosciencellc.example.com,49,2024-07-10,1
180,Mullins Holdings Corp,Media & Entertainment,Mid-Market,659,139458000.0,LATAM,Brazil,,West Mary,https://www.mullinsholdingscorp.example.com,40,2021-03-29,1
181,Wilcox Foods AG,Healthcare,SMB,15,1398000.0,EMEA,UAE,,Lake Danielle,https://www.wilcoxfoodsag.example.com,20,2023-01-26,1
182,Kent Bioscience Group,Software & SaaS,Mid-Market,342,95562000.0,NA,United States,NJ,New Julieshire,https://www.kentbiosciencegroup.example.com,17,2021-06-04,1
183,Clark Dynamics Ltd,Financial Services,SMB,28,3103000.0,NA,United States,IL,Farmerport,https://www.clarkdynamicsltd.example.com,52,2022-09-07,1
184,Willis Ventures Ltd,Hospitality,SMB,20,4147000.0,LATAM,Chile,,New Melissa,https://www.willisventuresltd.example.com,44,2025-02-06,1
185,Carey Capital Ltd,Media & Entertainment,Enterprise,38206,6930373000.0,EMEA,Ireland,,Turnerside,https://www.careycapitalltd.example.com,5,2021-03-04,1
186,Mann Works LLC,Retail & E-commerce,SMB,14,3076000.0,NA,Canada,,Port Brenda,https://www.mannworksllc.example.com,2,2021-12-23,1
187,Reese Interactive GmbH,Retail & E-commerce,SMB,130,19940000.0,NA,Canada,,East Craigfurt,https://www.reeseinteractivegmbh.example.com,31,2024-12-27,1
188,Rojas Solutions GmbH,Automotive,Mid-Market,567,98181000.0,NA,United States,KS,Roblesberg,https://www.rojassolutionsgmbh.example.com,55,2022-09-02,1
189,Paul Partners Inc,Software & SaaS,Mid-Market,1113,171221000.0,NA,Canada,,Maryport,https://www.paulpartnersinc.example.com,17,2021-12-06,1
190,Holt Interactive Corp,Financial Services,SMB,44,6794000.0,NA,Canada,,Amybury,https://www.holtinteractivecorp.example.com,37,2026-01-07,1
191,Collins Health GmbH,Hospitality,SMB,48,9146000.0,NA,Canada,,Pamelaville,https://www.collinshealthgmbh.example.com,43,2021-08-10,1
192,Baldwin Solutions Group,Logistics & Transportation,Mid-Market,200,39271000.0,NA,Canada,,Joshuashire,https://www.baldwinsolutionsgroup.example.com,24,2024-09-30,1
193,French Holdings Co,Automotive,Mid-Market,200,37335000.0,NA,Canada,,West Theresamouth,https://www.frenchholdingsco.example.com,37,2021-09-15,1
194,Wilkins Cloud GmbH,Energy & Utilities,Enterprise,24298,11720590000.0,NA,United States,MO,Wilsonmouth,https://www.wilkinscloudgmbh.example.com,37,2026-03-04,1
195,Ortiz Technologies GmbH,Telecommunications,SMB,61,5777000.0,NA,Canada,,Port Justin,https://www.ortiztechnologiesgmbh.example.com,29,2024-09-24,1
196,Higgins Logistics Corp,Media & Entertainment,Mid-Market,1259,197782000.0,APAC,India,,Port Anthonychester,https://www.higginslogisticscorp.example.com,56,2022-02-01,0
197,King Metrics PLC,Software & SaaS,SMB,56,8149000.0,NA,United States,GA,Kaylaton,https://www.kingmetricsplc.example.com,25,2026-05-22,1
198,Gonzalez Capital AG,Non-Profit,Enterprise,46760,14449008000.0,APAC,Singapore,,Bryanfort,https://www.gonzalezcapitalag.example.com,13,2021-06-09,1
199,Thomas Solutions Co,Logistics & Transportation,SMB,23,2368000.0,APAC,Singapore,,Brianview,https://www.thomassolutionsco.example.com,41,2025-03-31,1
200,Hunt Partners AG,Software & SaaS,Mid-Market,1977,614430000.0,LATAM,Mexico,,Mosleystad,https://www.huntpartnersag.example.com,44,2024-03-04,1
201,Sherman Bioscience PLC,Financial Services,SMB,38,5401000.0,NA,Canada,,Kimberlyfurt,https://www.shermanbioscienceplc.example.com,29,2021-09-09,1
202,Barron Partners Ltd,Manufacturing,SMB,25,5447000.0,NA,Canada,,West Shane,https://www.barronpartnersltd.example.com,11,2023-04-27,1
203,Kelly Capital PLC,Healthcare,Mid-Market,244,52855000.0,EMEA,France,,Joemouth,https://www.kellycapitalplc.example.com,42,2021-01-20,1
204,Medina Holdings LLC,Software & SaaS,SMB,43,8083000.0,NA,United States,TN,Frankmouth,https://www.medinaholdingsllc.example.com,30,2023-06-14,1
205,Nixon Solutions Inc,Healthcare,Enterprise,14160,3785844000.0,NA,Canada,,South Kaylee,https://www.nixonsolutionsinc.example.com,22,2023-06-28,1
206,Arellano Networks GmbH,Government & Public Sector,SMB,40,8722000.0,NA,Canada,,South Sean,https://www.arellanonetworksgmbh.example.com,24,2022-09-06,1
207,Mueller Foods PLC,Media & Entertainment,Mid-Market,681,164540000.0,EMEA,Sweden,,Lake Saraburgh,https://www.muellerfoodsplc.example.com,42,2024-12-24,1
208,Shields Interactive AG,Healthcare,SMB,23,4301000.0,APAC,Japan,,Caseyton,https://www.shieldsinteractiveag.example.com,23,2025-11-13,1
209,Boyer Dynamics Co,Software & SaaS,SMB,11,1860000.0,NA,United States,KS,Crosbystad,https://www.boyerdynamicsco.example.com,16,2023-03-31,1
210,Gomez Metrics Corp,Real Estate,SMB,35,6582000.0,APAC,Singapore,,New Michellemouth,https://www.gomezmetricscorp.example.com,13,2024-01-01,1
211,Holt Solutions GmbH,Telecommunications,SMB,27,4743000.0,EMEA,Netherlands,,Thomasville,https://www.holtsolutionsgmbh.example.com,54,2021-07-22,1
212,Edwards Health AG,Software & SaaS,SMB,7,1052000.0,NA,United States,GU,Lake William,https://www.edwardshealthag.example.com,31,2026-07-18,1
213,Huang Partners GmbH,Automotive,Mid-Market,468,67496000.0,NA,United States,FM,Amybury,https://www.huangpartnersgmbh.example.com,2,2025-03-26,1
214,Thomas Partners GmbH,Healthcare,Mid-Market,520,125844000.0,NA,United States,SD,Lake Samantha,https://www.thomaspartnersgmbh.example.com,8,2026-01-06,1
215,Todd Metrics LLC,Healthcare,Mid-Market,795,183696000.0,APAC,Japan,,Adamsside,https://www.toddmetricsllc.example.com,56,2024-09-08,1
216,Meadows Capital GmbH,Healthcare,SMB,46,5889000.0,EMEA,France,,Mathewport,https://www.meadowscapitalgmbh.example.com,6,2022-04-11,1
217,Sweeney Metrics Inc,Construction,SMB,65,10246000.0,EMEA,Ireland,,New Blake,https://www.sweeneymetricsinc.example.com,54,2021-11-16,1
218,Santiago Dynamics PLC,Hospitality,SMB,200,24721000.0,EMEA,United Kingdom,,Robertside,https://www.santiagodynamicsplc.example.com,57,2023-02-24,1
219,Bautista Partners LLC,Education,Mid-Market,239,73226000.0,NA,United States,HI,Brownland,https://www.bautistapartnersllc.example.com,14,2021-04-27,1
220,Hatfield Systems Inc,Retail & E-commerce,Mid-Market,275,55677000.0,APAC,Singapore,,New Danielfurt,https://www.hatfieldsystemsinc.example.com,23,2023-05-09,1
221,Simpson Holdings PLC,Healthcare,SMB,23,3525000.0,APAC,India,,East Luisberg,https://www.simpsonholdingsplc.example.com,23,2022-06-22,0
222,Huber Holdings Corp,Healthcare,Mid-Market,504,139312000.0,EMEA,Germany,,Myersshire,https://www.huberholdingscorp.example.com,45,2024-05-03,1
223,Meyers Works GmbH,Healthcare,SMB,21,2289000.0,NA,Canada,,Whitneyberg,https://www.meyersworksgmbh.example.com,33,2023-10-02,1
224,Ho Solutions Group,Hospitality,SMB,13,2126000.0,NA,Canada,,Rodriguezfort,https://www.hosolutionsgroup.example.com,16,2021-12-17,1
225,Andersen Health PLC,Energy & Utilities,SMB,36,4388000.0,NA,United States,NY,South Tinaton,https://www.andersenhealthplc.example.com,30,2024-05-16,1
226,Mathis Works Ltd,Manufacturing,SMB,36,4614000.0,NA,United States,MT,Ashleyfort,https://www.mathisworksltd.example.com,11,2022-03-24,1
227,Harris Systems GmbH,Automotive,Mid-Market,567,102534000.0,EMEA,United Kingdom,,Schmidtfurt,https://www.harrissystemsgmbh.example.com,7,2021-12-20,1
228,Roach Ventures GmbH,Financial Services,Enterprise,110727,44534569000.0,EMEA,Germany,,Theresaborough,https://www.roachventuresgmbh.example.com,6,2022-09-20,1
229,Tapia Industries Ltd,Software & SaaS,SMB,17,2633000.0,LATAM,Chile,,Port Justin,https://www.tapiaindustriesltd.example.com,40,2021-08-14,1
230,Bright Dynamics Corp,Manufacturing,SMB,27,3000000.0,NA,United States,FL,Smithfurt,https://www.brightdynamicscorp.example.com,26,2022-04-14,1
231,Guzman Ventures Co,Automotive,Mid-Market,271,63899000.0,NA,United States,TN,Barnesmouth,https://www.guzmanventuresco.example.com,28,2021-12-31,1
232,Henderson Partners Ltd,Software & SaaS,Enterprise,5359,2242584000.0,NA,Canada,,Robinsonville,https://www.hendersonpartnersltd.example.com,22,2021-02-04,1
233,Oconnell Logistics AG,Software & SaaS,SMB,7,1506000.0,LATAM,Chile,,South Sean,https://www.oconnelllogisticsag.example.com,44,2022-03-10,1
234,Henry Solutions LLC,Manufacturing,SMB,63,9330000.0,EMEA,Sweden,,Ginastad,https://www.henrysolutionsllc.example.com,4,2022-12-08,1
235,Matthews Digital Inc,Automotive,Mid-Market,1143,349065000.0,NA,United States,ID,New Ashley,https://www.matthewsdigitalinc.example.com,8,2025-01-06,1
236,Turner Industries Co,Manufacturing,SMB,17,2309000.0,EMEA,UAE,,Maryport,https://www.turnerindustriesco.example.com,54,2021-09-17,1
237,Mcguire Foods Corp,Energy & Utilities,Enterprise,6810,1833050000.0,EMEA,UAE,,Crosbystad,https://www.mcguirefoodscorp.example.com,20,2022-04-19,1
238,Bray Networks AG,Hospitality,SMB,30,2814000.0,NA,Canada,,Duffyshire,https://www.braynetworksag.example.com,35,2021-02-16,1
239,Juarez Capital Group,Energy & Utilities,Mid-Market,462,113197000.0,NA,Canada,,Kanefurt,https://www.juarezcapitalgroup.example.com,14,2021-04-15,1
240,Tanner Digital LLC,Software & SaaS,SMB,10,1996000.0,NA,United States,OR,Davischester,https://www.tannerdigitalllc.example.com,30,2022-06-03,1
241,Kane Networks LLC,Financial Services,SMB,20,3427000.0,NA,United States,AZ,New Julieshire,https://www.kanenetworksllc.example.com,39,2023-02-03,1
242,Wood Interactive AG,Healthcare,Mid-Market,460,120627000.0,EMEA,UAE,,Bradleyberg,https://www.woodinteractiveag.example.com,18,2024-06-17,1
243,Travis Foods Ltd,Professional Services,SMB,25,3603000.0,NA,Canada,,Amandamouth,https://www.travisfoodsltd.example.com,10,2024-07-24,1
244,Ewing Digital AG,Professional Services,SMB,31,3779000.0,EMEA,Ireland,,Port Annette,https://www.ewingdigitalag.example.com,5,2025-09-18,1
245,Hodges Digital Group,Financial Services,Enterprise,83272,23865452000.0,EMEA,Netherlands,,Hernandezborough,https://www.hodgesdigitalgroup.example.com,21,2025-09-02,1
246,Collier Energy Inc,Manufacturing,Mid-Market,781,230549000.0,EMEA,Ireland,,Lake Sean,https://www.collierenergyinc.example.com,5,2021-05-24,1
247,Conner Energy Co,Software & SaaS,SMB,45,8409000.0,LATAM,Argentina,,Lake Darlenemouth,https://www.connerenergyco.example.com,40,2021-06-07,1
248,Hancock Foods LLC,Retail & E-commerce,SMB,93,19801000.0,NA,Canada,,New Alanhaven,https://www.hancockfoodsllc.example.com,38,2023-01-27,0
249,Holder Analytics LLC,Manufacturing,SMB,54,7533000.0,EMEA,France,,Mosleystad,https://www.holderanalyticsllc.example.com,54,2023-07-13,1
250,Griffin Solutions GmbH,Automotive,Mid-Market,574,175119000.0,NA,Canada,,East Anthony,https://www.griffinsolutionsgmbh.example.com,25,2023-08-04,1
251,Pratt Industries Corp,Manufacturing,SMB,65,6990000.0,EMEA,Spain,,Adamsside,https://www.prattindustriescorp.example.com,18,2023-01-05,1
252,Castaneda Robotics Inc,Software & SaaS,SMB,93,9690000.0,NA,United States,LA,Michaelshire,https://www.castanedaroboticsinc.example.com,30,2026-05-12,1
253,Jones Industries LLC,Logistics & Transportation,Enterprise,31907,6900814000.0,NA,United States,IL,North Joel,https://www.jonesindustriesllc.example.com,9,2023-02-21,1
254,Tate Interactive Corp,Non-Profit,Enterprise,28885,10792582000.0,NA,Canada,,Shannonstad,https://www.tateinteractivecorp.example.com,30,2025-11-28,1
255,Pratt Networks AG,Manufacturing,Mid-Market,1185,191561000.0,EMEA,United Kingdom,,Ebonyfort,https://www.prattnetworksag.example.com,20,2026-06-09,1
256,Cox Robotics Ltd,Professional Services,Enterprise,30900,15588656000.0,EMEA,UAE,,Chandlerchester,https://www.coxroboticsltd.example.com,42,2022-11-02,1
257,Dillon Capital Co,Manufacturing,Mid-Market,314,49979000.0,EMEA,UAE,,North Robert,https://www.dilloncapitalco.example.com,42,2021-06-30,1
258,Velez Industries Ltd,Media & Entertainment,Mid-Market,221,50851000.0,NA,Canada,,West Angela,https://www.velezindustriesltd.example.com,25,2022-04-15,1
259,Mccullough Robotics GmbH,Logistics & Transportation,Mid-Market,501,159871000.0,EMEA,Spain,,Gregoryhaven,https://www.mcculloughroboticsgmbh.example.com,4,2022-06-07,1
260,Stuart Foods LLC,Government & Public Sector,SMB,48,4360000.0,EMEA,Germany,,Chloemouth,https://www.stuartfoodsllc.example.com,3,2025-06-20,1
261,Stanley Industries Co,Media & Entertainment,SMB,30,5601000.0,NA,United States,MS,Livingstonview,https://www.stanleyindustriesco.example.com,12,2026-02-28,1
262,Hubbard Works Corp,Manufacturing,SMB,67,14578000.0,NA,Canada,,North Jenniferchester,https://www.hubbardworkscorp.example.com,31,2021-09-03,1
263,Lloyd Digital Inc,Real Estate,Mid-Market,661,144118000.0,NA,United States,AS,Perezchester,https://www.lloyddigitalinc.example.com,37,2021-02-02,1
264,Hancock Energy Co,Software & SaaS,SMB,70,15335000.0,APAC,Singapore,,Davisport,https://www.hancockenergyco.example.com,13,2025-01-09,1
265,Morrison Capital PLC,Healthcare,SMB,51,9789000.0,NA,Canada,,Port Gail,https://www.morrisoncapitalplc.example.com,25,2023-05-22,1
266,Murillo Interactive Ltd,Healthcare,SMB,10,1111000.0,NA,Canada,,Lake James,https://www.murillointeractiveltd.example.com,35,2024-06-21,1
267,Oconnor Capital Inc,Media & Entertainment,SMB,16,3474000.0,LATAM,Brazil,,Angelaton,https://www.oconnorcapitalinc.example.com,40,2022-04-26,1
268,Spencer Digital Corp,Professional Services,SMB,25,3315000.0,APAC,Australia,,West Erinville,https://www.spencerdigitalcorp.example.com,50,2021-08-16,1
269,Pruitt Energy Corp,Logistics & Transportation,Mid-Market,249,46359000.0,NA,Canada,,Nguyenshire,https://www.pruittenergycorp.example.com,24,2022-01-10,1
270,Bridges Holdings LLC,Retail & E-commerce,Mid-Market,223,50722000.0,APAC,New Zealand,,Kaylaton,https://www.bridgesholdingsllc.example.com,56,2021-03-12,1
271,Griffin Bioscience Co,Software & SaaS,SMB,56,7469000.0,NA,Canada,,South Joseshire,https://www.griffinbioscienceco.example.com,49,2022-07-20,1
272,Mayer Digital Co,Construction,SMB,31,5560000.0,APAC,India,,South Davidhaven,https://www.mayerdigitalco.example.com,23,2021-05-20,1
273,Moody Foods GmbH,Healthcare,SMB,74,7132000.0,NA,Canada,,Ericland,https://www.moodyfoodsgmbh.example.com,17,2022-12-05,1
274,Stanley Technologies PLC,Software & SaaS,Mid-Market,725,96337000.0,NA,Canada,,West Shane,https://www.stanleytechnologiesplc.example.com,48,2024-10-29,1
275,Hoffman Technologies AG,Professional Services,Mid-Market,358,55648000.0,LATAM,Chile,,New Victor,https://www.hoffmantechnologiesag.example.com,40,2021-03-11,1
276,Schroeder Robotics Corp,Government & Public Sector,SMB,84,16577000.0,NA,Canada,,Jacobsmouth,https://www.schroederroboticscorp.example.com,25,2025-07-18,1
277,Haynes Bioscience LLC,Healthcare,Mid-Market,212,31754000.0,APAC,New Zealand,,Michelleland,https://www.haynesbiosciencellc.example.com,56,2021-06-17,1
278,Carroll Foods Co,Logistics & Transportation,SMB,77,16913000.0,NA,United States,NJ,East Michelle,https://www.carrollfoodsco.example.com,33,2023-12-04,1
279,Jones Logistics Ltd,Professional Services,SMB,78,14879000.0,NA,United States,NJ,Sparksmouth,https://www.joneslogisticsltd.example.com,9,2021-12-10,1
280,Case Bioscience Group,Software & SaaS,Enterprise,34319,10638369000.0,LATAM,Argentina,,Jamesport,https://www.casebiosciencegroup.example.com,44,2025-02-24,1
281,Hill Health Co,Automotive,SMB,14,2683000.0,EMEA,France,,Mendozaberg,https://www.hillhealthco.example.com,7,2021-01-18,1
282,Dominguez Robotics AG,Healthcare,SMB,45,6333000.0,APAC,Australia,,Brownland,https://www.dominguezroboticsag.example.com,41,2022-09-23,1
283,Arnold Works PLC,Retail & E-commerce,SMB,20,1971000.0,APAC,New Zealand,,West Michaelport,https://www.arnoldworksplc.example.com,41,2026-03-02,1
284,Nichols Energy Ltd,Software & SaaS,SMB,9,1737000.0,NA,United States,WY,Katelynfurt,https://www.nicholsenergyltd.example.com,9,2021-06-07,1
285,Ramirez Logistics AG,Software & SaaS,Enterprise,27997,14520202000.0,NA,Canada,,Port Dwayneberg,https://www.ramirezlogisticsag.example.com,59,2024-07-16,1
286,Camacho Systems Inc,Software & SaaS,Enterprise,10836,2421946000.0,NA,Canada,,Lake Kelly,https://www.camachosystemsinc.example.com,2,2024-05-01,1
287,Mcdaniel Partners Co,Healthcare,SMB,25,4191000.0,EMEA,Spain,,North Jenniferchester,https://www.mcdanielpartnersco.example.com,45,2022-04-04,1
288,Knox Technologies Group,Biotech & Pharma,SMB,85,17698000.0,NA,Canada,,North Jenniferchester,https://www.knoxtechnologiesgroup.example.com,33,2021-03-25,1
289,Cardenas Technologies Group,Logistics & Transportation,Mid-Market,1304,163760000.0,NA,Canada,,Joemouth,https://www.cardenastechnologiesgrou.example.com,29,2025-01-16,1
290,Mercado Digital GmbH,Healthcare,SMB,44,4623000.0,APAC,Singapore,,Mckenziehaven,https://www.mercadodigitalgmbh.example.com,56,2025-08-21,1
291,Estrada Works GmbH,Retail & E-commerce,Mid-Market,393,103926000.0,NA,United States,GU,North Robert,https://www.estradaworksgmbh.example.com,35,2021-06-23,1
292,Schroeder Health Co,Healthcare,Mid-Market,1498,277272000.0,EMEA,Netherlands,,Freemanland,https://www.schroederhealthco.example.com,57,2025-03-04,1
293,Meyer Ventures Co,Education,SMB,143,18542000.0,NA,Canada,,East Amyside,https://www.meyerventuresco.example.com,2,2025-01-17,1
294,Bryan Solutions Ltd,Logistics & Transportation,Mid-Market,646,99295000.0,NA,Canada,,East Marisa,https://www.bryansolutionsltd.example.com,14,2023-06-20,1
295,Lee Energy GmbH,Manufacturing,SMB,36,4928000.0,NA,United States,MA,Martinezport,https://www.leeenergygmbh.example.com,24,2024-09-19,0
296,Buckley Robotics Inc,Energy & Utilities,SMB,198,35408000.0,NA,Canada,,Frankmouth,https://www.buckleyroboticsinc.example.com,53,2021-03-02,1
297,Pierce Systems Ltd,Manufacturing,SMB,36,6927000.0,EMEA,Sweden,,Jensenport,https://www.piercesystemsltd.example.com,60,2023-01-26,1
298,Franklin Holdings Inc,Professional Services,SMB,32,6878000.0,NA,United States,MD,Port Penny,https://www.franklinholdingsinc.example.com,24,2026-03-17,1
299,Kennedy Technologies AG,Media & Entertainment,Mid-Market,788,175290000.0,APAC,New Zealand,,Port Julie,https://www.kennedytechnologiesag.example.com,56,2024-09-02,1
300,Park Holdings Group,Financial Services,Mid-Market,539,99547000.0,APAC,India,,West Michael,https://www.parkholdingsgroup.example.com,50,2022-01-17,1
301,Simon Systems Inc,Financial Services,Enterprise,41303,18445747000.0,NA,United States,GA,Schmidtfurt,https://www.simonsystemsinc.example.com,33,2023-09-27,1
302,Larson Solutions GmbH,Healthcare,Enterprise,36701,18134660000.0,APAC,New Zealand,,Mathewport,https://www.larsonsolutionsgmbh.example.com,23,2021-11-03,1
303,Blackburn Interactive PLC,Non-Profit,SMB,12,1541000.0,LATAM,Brazil,,West John,https://www.blackburninteractiveplc.example.com,40,2021-11-17,1
304,Escobar Technologies AG,Professional Services,SMB,72,11100000.0,NA,Canada,,West Edwardview,https://www.escobartechnologiesag.example.com,33,2021-09-28,1
305,Meza Analytics Corp,Construction,Mid-Market,200,39721000.0,LATAM,Mexico,,Garrettfurt,https://www.mezaanalyticscorp.example.com,44,2021-09-29,1
306,Banks Solutions Group,Real Estate,Enterprise,65276,26612997000.0,NA,United States,PR,East Julie,https://www.bankssolutionsgroup.example.com,26,2023-02-02,1
307,Hansen Cloud PLC,Non-Profit,SMB,21,1969000.0,EMEA,Netherlands,,Turnerside,https://www.hansencloudplc.example.com,7,2022-03-22,1
308,Garza Cloud AG,Manufacturing,SMB,19,2335000.0,NA,Canada,,Victormouth,https://www.garzacloudag.example.com,49,2024-09-06,1
309,Fry Health AG,Education,SMB,82,11367000.0,APAC,Australia,,South Tylerland,https://www.fryhealthag.example.com,41,2025-07-08,1
310,Weaver Energy Corp,Manufacturing,SMB,75,12540000.0,APAC,Singapore,,Morganville,https://www.weaverenergycorp.example.com,56,2023-01-08,1
311,Ward Metrics Ltd,Hospitality,Mid-Market,269,49256000.0,LATAM,Colombia,,Susanland,https://www.wardmetricsltd.example.com,44,2021-09-30,1
312,Todd Logistics GmbH,Automotive,SMB,73,11038000.0,LATAM,Brazil,,Shannonstad,https://www.toddlogisticsgmbh.example.com,44,2026-07-17,0
313,Stanley Industries PLC,Real Estate,Mid-Market,575,69458000.0,NA,Canada,,Roblesberg,https://www.stanleyindustriesplc.example.com,39,2021-03-10,1
314,Thomas Dynamics Ltd,Professional Services,Mid-Market,831,214120000.0,EMEA,Ireland,,North Sheenaborough,https://www.thomasdynamicsltd.example.com,46,2023-05-04,1
315,Coleman Digital LLC,Government & Public Sector,Mid-Market,200,28428000.0,NA,Canada,,Jamesland,https://www.colemandigitalllc.example.com,28,2021-11-12,1
316,Henderson Cloud Ltd,Software & SaaS,SMB,24,3297000.0,NA,United States,MS,Rodriguezview,https://www.hendersoncloudltd.example.com,22,2025-12-04,1
317,Bautista Dynamics LLC,Retail & E-commerce,SMB,30,5134000.0,NA,Canada,,Toddhaven,https://www.bautistadynamicsllc.example.com,17,2022-04-14,1
318,Rubio Foods Co,Telecommunications,Mid-Market,607,99444000.0,APAC,India,,Turnerside,https://www.rubiofoodsco.example.com,23,2026-02-13,0
319,Stark Holdings Ltd,Media & Entertainment,Mid-Market,272,42993000.0,EMEA,Germany,,North Samanthastad,https://www.starkholdingsltd.example.com,5,2026-04-06,1
320,Atkinson Works Inc,Logistics & Transportation,SMB,30,5932000.0,NA,Canada,,Ashleyport,https://www.atkinsonworksinc.example.com,53,2025-12-18,1
321,Christensen Materials Corp,Manufacturing,Mid-Market,754,140450000.0,LATAM,Mexico,,Roblesberg,https://www.christensenmaterialscorp.example.com,44,2024-10-10,1
322,Christensen Industries Group,Financial Services,SMB,56,6799000.0,APAC,Singapore,,Hoodview,https://www.christensenindustriesgro.example.com,41,2024-06-04,1
323,Villanueva Analytics LLC,Biotech & Pharma,Mid-Market,623,94721000.0,NA,United States,VA,Ericland,https://www.villanuevaanalyticsllc.example.com,11,2026-01-22,1
324,Romero Robotics Ltd,Telecommunications,SMB,101,13592000.0,NA,United States,SD,Carlshire,https://www.romeroroboticsltd.example.com,12,2021-11-18,1
325,Fitzgerald Works PLC,Education,SMB,41,7447000.0,EMEA,Netherlands,,East Jenniferborough,https://www.fitzgeraldworksplc.example.com,5,2024-11-25,1
326,Barker Dynamics AG,Software & SaaS,SMB,139,26567000.0,EMEA,Germany,,New Hectorfort,https://www.barkerdynamicsag.example.com,27,2021-06-08,1
327,Ho Dynamics PLC,Software & SaaS,SMB,61,12035000.0,NA,United States,WA,Jasonburgh,https://www.hodynamicsplc.example.com,16,2022-06-11,1
328,Mcdaniel Metrics LLC,Retail & E-commerce,SMB,26,3048000.0,NA,Canada,,Lake Susanland,https://www.mcdanielmetricsllc.example.com,49,2022-08-25,1
329,Barber Partners Inc,Software & SaaS,SMB,58,9286000.0,NA,United States,ME,New Kevin,https://www.barberpartnersinc.example.com,38,2026-07-02,1
330,Jensen Materials GmbH,Financial Services,SMB,113,23391000.0,NA,Canada,,New Sophia,https://www.jensenmaterialsgmbh.example.com,55,2022-04-07,1
331,Lucas Materials Inc,Software & SaaS,Mid-Market,1104,209087000.0,NA,Canada,,Martinezside,https://www.lucasmaterialsinc.example.com,39,2023-05-15,0
332,Wise Holdings Corp,Healthcare,SMB,141,19874000.0,NA,United States,MO,Millermouth,https://www.wiseholdingscorp.example.com,30,2023-10-18,1
333,Combs Holdings Corp,Software & SaaS,Mid-Market,1407,237295000.0,NA,United States,FM,Vasquezburgh,https://www.combsholdingscorp.example.com,8,2024-01-11,1
334,Coleman Capital LLC,Telecommunications,Mid-Market,892,117961000.0,EMEA,Spain,,Jenkinsburgh,https://www.colemancapitalllc.example.com,3,2021-06-15,1
335,Horton Solutions Ltd,Media & Entertainment,SMB,77,11233000.0,NA,Canada,,Amandafurt,https://www.hortonsolutionsltd.example.com,51,2023-05-23,1
336,Gardner Technologies PLC,Logistics & Transportation,SMB,32,6977000.0,NA,Canada,,South Davidview,https://www.gardnertechnologiesplc.example.com,38,2023-10-20,1
337,Vaughan Works AG,Automotive,Mid-Market,1205,354406000.0,NA,United States,IN,Carlshire,https://www.vaughanworksag.example.com,9,2025-08-15,1
338,Rojas Dynamics Co,Retail & E-commerce,Mid-Market,486,88022000.0,LATAM,Argentina,,Shawntown,https://www.rojasdynamicsco.example.com,40,2026-02-10,1
339,Durham Technologies Corp,Hospitality,SMB,26,2722000.0,NA,Canada,,Kristyport,https://www.durhamtechnologiescorp.example.com,59,2021-12-03,1
340,Good Foods LLC,Financial Services,Mid-Market,2000,278113000.0,NA,United States,WY,South Stevenland,https://www.goodfoodsllc.example.com,35,2021-11-01,1
341,Morgan Robotics Inc,Healthcare,SMB,48,8723000.0,NA,United States,MH,East Joseph,https://www.morganroboticsinc.example.com,35,2024-01-26,1
342,Stephenson Logistics GmbH,Healthcare,SMB,110,22058000.0,EMEA,France,,East John,https://www.stephensonlogisticsgmbh.example.com,1,2023-01-11,0
343,Costa Analytics GmbH,Automotive,Mid-Market,253,56749000.0,NA,Canada,,Loritown,https://www.costaanalyticsgmbh.example.com,24,2024-06-07,1
344,Frank Networks AG,Non-Profit,SMB,43,4713000.0,NA,Canada,,Maryberg,https://www.franknetworksag.example.com,22,2025-03-05,1
345,Merritt Systems LLC,Retail & E-commerce,Mid-Market,425,61478000.0,APAC,New Zealand,,Rhodesmouth,https://www.merrittsystemsllc.example.com,50,2021-01-19,0
346,Spears Robotics Corp,Hospitality,SMB,44,8047000.0,EMEA,France,,Port Davidborough,https://www.spearsroboticscorp.example.com,60,2025-05-28,1
347,Ford Holdings Ltd,Financial Services,Mid-Market,1243,341351000.0,NA,United States,SC,Wilsonfort,https://www.fordholdingsltd.example.com,25,2022-01-11,1
348,Jenkins Cloud GmbH,Media & Entertainment,SMB,32,4834000.0,NA,United States,OH,Port Kristenview,https://www.jenkinscloudgmbh.example.com,8,2026-03-25,1
349,Olson Interactive Corp,Financial Services,SMB,24,4821000.0,LATAM,Chile,,Ellisville,https://www.olsoninteractivecorp.example.com,40,2022-10-07,1
350,Holt Holdings LLC,Media & Entertainment,SMB,28,5823000.0,LATAM,Brazil,,Chloeview,https://www.holtholdingsllc.example.com,44,2025-03-13,1
351,Rivera Digital AG,Financial Services,SMB,35,7120000.0,EMEA,Germany,,Jamesfurt,https://www.riveradigitalag.example.com,54,2021-10-14,1
352,Lawson Capital Inc,Media & Entertainment,Mid-Market,1112,147135000.0,EMEA,Ireland,,Whitehaven,https://www.lawsoncapitalinc.example.com,42,2023-03-20,0
353,Suarez Logistics PLC,Retail & E-commerce,SMB,114,11214000.0,APAC,India,,Shannonstad,https://www.suarezlogisticsplc.example.com,56,2021-03-29,0
354,Mendoza Materials Corp,Logistics & Transportation,SMB,26,4898000.0,LATAM,Argentina,,Rodriguezfort,https://www.mendozamaterialscorp.example.com,44,2024-05-21,1
355,Vasquez Dynamics Inc,Financial Services,SMB,32,6714000.0,NA,Canada,,Jamestown,https://www.vasquezdynamicsinc.example.com,28,2025-12-17,1
356,Spears Cloud Co,Logistics & Transportation,SMB,16,2732000.0,LATAM,Chile,,New Alanhaven,https://www.spearscloudco.example.com,44,2025-02-18,1
357,Dixon Cloud Corp,Healthcare,Mid-Market,911,193977000.0,EMEA,Germany,,Proctorberg,https://www.dixoncloudcorp.example.com,6,2024-01-17,1
358,Todd Metrics Corp,Financial Services,SMB,54,9078000.0,EMEA,Ireland,,West Michellefort,https://www.toddmetricscorp.example.com,3,2021-06-14,1
359,Calderon Solutions LLC,Logistics & Transportation,Enterprise,83972,16740445000.0,NA,United States,NC,North Matthewmouth,https://www.calderonsolutionsllc.example.com,9,2026-05-25,1
360,Flores Energy PLC,Software & SaaS,SMB,88,8435000.0,NA,Canada,,Amyside,https://www.floresenergyplc.example.com,34,2022-05-17,1
361,Barr Robotics Group,Retail & E-commerce,Mid-Market,1049,323895000.0,APAC,Australia,,Stephanieview,https://www.barrroboticsgroup.example.com,41,2023-10-17,1
362,Bright Works LLC,Healthcare,SMB,106,21336000.0,EMEA,UAE,,West Kellyland,https://www.brightworksllc.example.com,4,2022-01-25,1
363,Phelps Dynamics Corp,Logistics & Transportation,SMB,36,3457000.0,NA,United States,FM,Annashire,https://www.phelpsdynamicscorp.example.com,14,2024-12-30,1
364,Bruce Industries LLC,Retail & E-commerce,Mid-Market,200,30359000.0,EMEA,UAE,,Laurenborough,https://www.bruceindustriesllc.example.com,20,2022-07-04,1
365,Collins Analytics Co,Software & SaaS,Enterprise,28650,7951948000.0,NA,United States,AK,Whiteburgh,https://www.collinsanalyticsco.example.com,35,2022-07-31,1
366,Hill Cloud Co,Healthcare,Mid-Market,2000,320547000.0,NA,Canada,,West Robertfort,https://www.hillcloudco.example.com,25,2021-01-08,1
367,Rush Technologies GmbH,Logistics & Transportation,SMB,48,6276000.0,EMEA,France,,West Steven,https://www.rushtechnologiesgmbh.example.com,54,2023-06-16,1
368,Sanders Dynamics AG,Professional Services,SMB,28,5890000.0,EMEA,Spain,,West Traceyberg,https://www.sandersdynamicsag.example.com,32,2021-12-22,1
369,Whitaker Analytics Inc,Software & SaaS,Mid-Market,542,130130000.0,NA,United States,MN,Andersonborough,https://www.whitakeranalyticsinc.example.com,17,2025-10-14,1
370,Bates Works Inc,Software & SaaS,SMB,46,9819000.0,NA,United States,MS,East Ellen,https://www.batesworksinc.example.com,11,2024-09-18,1
371,Carter Digital Corp,Professional Services,Mid-Market,1610,508713000.0,NA,Canada,,New Juan,https://www.carterdigitalcorp.example.com,25,2026-01-19,1
372,Herman Analytics Inc,Healthcare,SMB,40,8758000.0,EMEA,Ireland,,North Stacy,https://www.hermananalyticsinc.example.com,54,2022-07-28,1
373,Flores Industries GmbH,Healthcare,SMB,33,5014000.0,APAC,Australia,,Livingstonview,https://www.floresindustriesgmbh.example.com,56,2023-12-12,1
374,Brandt Ventures GmbH,Financial Services,Mid-Market,200,39433000.0,EMEA,United Kingdom,,Jamesport,https://www.brandtventuresgmbh.example.com,58,2022-11-16,1
375,Lin Interactive Corp,Construction,Mid-Market,766,191292000.0,EMEA,United Kingdom,,Hoodview,https://www.lininteractivecorp.example.com,45,2025-09-05,1
376,Jensen Solutions AG,Logistics & Transportation,SMB,35,3957000.0,NA,Canada,,North Stacy,https://www.jensensolutionsag.example.com,9,2022-04-13,1
377,Hopkins Analytics Co,Financial Services,SMB,44,6751000.0,NA,United States,CO,West Williamfurt,https://www.hopkinsanalyticsco.example.com,16,2022-04-20,1
378,Arellano Foods Co,Manufacturing,SMB,25,2583000.0,APAC,India,,South Michaelside,https://www.arellanofoodsco.example.com,56,2022-06-16,1
379,Hood Ventures GmbH,Healthcare,SMB,26,5289000.0,NA,Canada,,East Lisashire,https://www.hoodventuresgmbh.example.com,29,2023-01-30,1
380,Huynh Analytics Co,Financial Services,SMB,113,18404000.0,NA,Canada,,East Dawnchester,https://www.huynhanalyticsco.example.com,35,2025-06-19,1
381,Daniel Ventures PLC,Construction,SMB,200,28517000.0,EMEA,Germany,,Jaimetown,https://www.danielventuresplc.example.com,3,2021-10-26,1
382,Rowe Ventures Group,Retail & E-commerce,Mid-Market,414,62292000.0,EMEA,UAE,,Robertsonland,https://www.roweventuresgroup.example.com,6,2023-11-24,1
383,Tate Solutions Co,Energy & Utilities,Mid-Market,971,241079000.0,NA,United States,FM,Allenbury,https://www.tatesolutionsco.example.com,29,2022-03-17,1
384,Villegas Technologies GmbH,Government & Public Sector,SMB,12,1204000.0,NA,United States,NY,Proctorberg,https://www.villegastechnologiesgmbh.example.com,10,2021-04-27,1
385,Olson Analytics AG,Financial Services,SMB,12,1712000.0,EMEA,United Kingdom,,North Markville,https://www.olsonanalyticsag.example.com,18,2026-01-26,1
386,Ochoa Bioscience LLC,Software & SaaS,SMB,15,3039000.0,NA,Canada,,Port Jamesland,https://www.ochoabiosciencellc.example.com,39,2024-09-24,1
387,Castro Dynamics Inc,Healthcare,SMB,29,5262000.0,NA,Canada,,Stevenston,https://www.castrodynamicsinc.example.com,26,2026-01-19,1
388,Hendrix Digital Ltd,Telecommunications,SMB,61,6144000.0,APAC,Japan,,North Patrickland,https://www.hendrixdigitalltd.example.com,41,2022-08-22,1
389,Adkins Dynamics Inc,Manufacturing,SMB,49,5429000.0,LATAM,Chile,,Pamelaville,https://www.adkinsdynamicsinc.example.com,44,2024-07-04,1
390,Martinez Interactive PLC,Retail & E-commerce,Mid-Market,802,136767000.0,NA,Canada,,New Danielfurt,https://www.martinezinteractiveplc.example.com,35,2023-11-24,1
391,Richards Industries Corp,Software & SaaS,SMB,35,4935000.0,NA,United States,MP,Port Donnashire,https://www.richardsindustriescorp.example.com,59,2023-09-20,1
392,Norris Works GmbH,Software & SaaS,SMB,47,4849000.0,NA,Canada,,Lake Stephen,https://www.norrisworksgmbh.example.com,8,2021-03-03,1
393,Alvarez Systems LLC,Manufacturing,SMB,18,3806000.0,NA,United States,ND,Brownberg,https://www.alvarezsystemsllc.example.com,59,2021-04-09,1
394,Marshall Logistics Inc,Financial Services,Mid-Market,832,201891000.0,APAC,Japan,,Andrewfort,https://www.marshalllogisticsinc.example.com,23,2021-10-06,1
395,Stuart Industries LLC,Professional Services,Mid-Market,285,39254000.0,EMEA,Ireland,,Reillyberg,https://www.stuartindustriesllc.example.com,27,2024-06-19,1
396,Bridges Systems Inc,Construction,SMB,26,4545000.0,NA,Canada,,Port Carloschester,https://www.bridgessystemsinc.example.com,55,2024-10-25,1
397,Lloyd Ventures LLC,Biotech & Pharma,Mid-Market,606,136346000.0,EMEA,Ireland,,Luketown,https://www.lloydventuresllc.example.com,46,2023-11-16,1
398,Dunn Holdings PLC,Retail & E-commerce,SMB,31,3172000.0,NA,Canada,,Rodriguezview,https://www.dunnholdingsplc.example.com,31,2021-10-01,1
399,Vincent Ventures PLC,Healthcare,SMB,9,1732000.0,EMEA,UAE,,New Bettyberg,https://www.vincentventuresplc.example.com,60,2024-09-06,1
400,Mann Digital Ltd,Retail & E-commerce,Enterprise,8905,1699427000.0,APAC,New Zealand,,Howardmouth,https://www.manndigitalltd.example.com,13,2021-06-08,1
401,Rivera Technologies Corp,Software & SaaS,SMB,13,1793000.0,NA,Canada,,North Michael,https://www.riveratechnologiescorp.example.com,2,2025-07-07,1
402,Lin Solutions Group,Biotech & Pharma,SMB,13,1584000.0,NA,United States,MS,Lake Sean,https://www.linsolutionsgroup.example.com,16,2022-07-18,1
403,Thompson Holdings GmbH,Energy & Utilities,SMB,56,9189000.0,APAC,Australia,,West Traceyberg,https://www.thompsonholdingsgmbh.example.com,13,2024-05-02,1
404,Foley Health GmbH,Healthcare,SMB,38,3486000.0,NA,Canada,,Rivasfort,https://www.foleyhealthgmbh.example.com,15,2021-09-03,1
405,Ramos Industries Group,Real Estate,Mid-Market,552,92450000.0,NA,Canada,,Rojastown,https://www.ramosindustriesgroup.example.com,34,2022-03-28,1
406,Hoover Ventures AG,Financial Services,SMB,50,7525000.0,NA,Canada,,Port Scott,https://www.hooverventuresag.example.com,38,2023-01-24,1
407,Mccarty Works Ltd,Real Estate,SMB,7,1398000.0,NA,United States,CO,Port Paula,https://www.mccartyworksltd.example.com,30,2023-01-26,1
408,Osborn Health Corp,Manufacturing,SMB,10,2106000.0,NA,Canada,,Shawntown,https://www.osbornhealthcorp.example.com,24,2021-05-18,1
409,Clark Systems LLC,Hospitality,SMB,52,6996000.0,NA,United States,VA,Mckenziehaven,https://www.clarksystemsllc.example.com,8,2023-05-02,1
410,Steele Networks Ltd,Automotive,SMB,5,868000.0,NA,Canada,,South Lisaville,https://www.steelenetworksltd.example.com,53,2021-04-15,1
411,Ponce Systems Inc,Healthcare,SMB,79,9439000.0,NA,United States,NY,Annborough,https://www.poncesystemsinc.example.com,59,2025-10-20,1
412,Hines Metrics Group,Logistics & Transportation,Mid-Market,916,234809000.0,EMEA,Sweden,,Port Jordanshire,https://www.hinesmetricsgroup.example.com,60,2022-09-25,1
413,Mckee Interactive PLC,Financial Services,SMB,8,1303000.0,APAC,Singapore,,Nixonland,https://www.mckeeinteractiveplc.example.com,13,2022-10-25,1
414,Nichols Holdings Co,Professional Services,SMB,59,7258000.0,EMEA,Sweden,,Allenbury,https://www.nicholsholdingsco.example.com,21,2023-06-20,1
415,Hunter Partners LLC,Retail & E-commerce,SMB,16,2628000.0,EMEA,Spain,,Port Jamesmouth,https://www.hunterpartnersllc.example.com,60,2024-09-16,1
416,Morgan Foods LLC,Automotive,SMB,69,7750000.0,APAC,Japan,,Adamsside,https://www.morganfoodsllc.example.com,13,2021-04-06,1
417,Martinez Technologies PLC,Government & Public Sector,SMB,200,42472000.0,NA,Canada,,Proctorberg,https://www.martineztechnologiesplc.example.com,8,2024-03-11,1
418,Robinson Energy GmbH,Healthcare,SMB,5,1026000.0,NA,Canada,,New Sandra,https://www.robinsonenergygmbh.example.com,22,2025-09-10,0
419,Delgado Bioscience PLC,Software & SaaS,SMB,53,7091000.0,NA,United States,TX,North Thomas,https://www.delgadobioscienceplc.example.com,59,2022-10-25,1
420,Adkins Technologies LLC,Education,Mid-Market,1328,357941000.0,NA,Canada,,North Timothyport,https://www.adkinstechnologiesllc.example.com,26,2021-01-22,1
421,Hess Digital PLC,Healthcare,Enterprise,84495,31823295000.0,LATAM,Argentina,,Kanefurt,https://www.hessdigitalplc.example.com,44,2021-12-17,1
422,Scott Labs Group,Healthcare,SMB,8,1528000.0,NA,United States,NV,Pamelaville,https://www.scottlabsgroup.example.com,35,2025-12-15,1
423,Bush Materials Ltd,Logistics & Transportation,SMB,43,4404000.0,APAC,Australia,,Fullerview,https://www.bushmaterialsltd.example.com,23,2021-06-12,1
424,Spencer Capital Ltd,Logistics & Transportation,SMB,27,5029000.0,NA,United States,PW,Saraport,https://www.spencercapitalltd.example.com,30,2021-01-22,1
425,Hines Dynamics GmbH,Logistics & Transportation,SMB,34,4308000.0,NA,United States,NV,Christinachester,https://www.hinesdynamicsgmbh.example.com,35,2025-12-01,1
426,Cruz Cloud GmbH,Healthcare,SMB,15,1615000.0,NA,Canada,,East Craigfurt,https://www.cruzcloudgmbh.example.com,52,2025-04-10,1
427,Jenkins Partners Inc,Financial Services,Mid-Market,708,205057000.0,NA,United States,WI,Priceside,https://www.jenkinspartnersinc.example.com,25,2022-11-30,1
428,Sanders Holdings Inc,Financial Services,Mid-Market,242,77072000.0,NA,Canada,,Bradleychester,https://www.sandersholdingsinc.example.com,48,2021-01-11,1
429,Solomon Partners AG,Telecommunications,Mid-Market,685,145132000.0,EMEA,Spain,,West Taylorland,https://www.solomonpartnersag.example.com,58,2023-06-29,1
430,Meza Metrics Group,Retail & E-commerce,SMB,56,9977000.0,NA,United States,AR,Angelatown,https://www.mezametricsgroup.example.com,29,2024-12-10,1
431,Little Energy Inc,Retail & E-commerce,Enterprise,10419,5410936000.0,APAC,Japan,,New Sandra,https://www.littleenergyinc.example.com,56,2022-02-17,1
432,Salazar Works LLC,Construction,SMB,10,1511000.0,APAC,Singapore,,Whitehaven,https://www.salazarworksllc.example.com,23,2021-09-08,1
433,Underwood Industries Co,Non-Profit,SMB,80,12713000.0,NA,United States,GU,Port Kathyshire,https://www.underwoodindustriesco.example.com,14,2025-08-21,1
434,Rowe Robotics GmbH,Software & SaaS,SMB,23,3626000.0,LATAM,Mexico,,Port Belindatown,https://www.roweroboticsgmbh.example.com,40,2024-08-08,1
435,Wilcox Robotics AG,Professional Services,Enterprise,28811,8496700000.0,NA,Canada,,Port Stacey,https://www.wilcoxroboticsag.example.com,9,2022-11-09,0
436,Shaw Solutions Ltd,Financial Services,SMB,11,1075000.0,NA,United States,MA,Quinnhaven,https://www.shawsolutionsltd.example.com,39,2025-08-22,1
437,Barr Cloud Group,Telecommunications,Mid-Market,2000,508238000.0,NA,Canada,,East Jenny,https://www.barrcloudgroup.example.com,34,2023-09-01,1
438,Andrade Bioscience PLC,Financial Services,SMB,104,10055000.0,EMEA,Ireland,,Kellerside,https://www.andradebioscienceplc.example.com,5,2025-12-22,1
439,Mcmahon Works GmbH,Financial Services,Enterprise,18444,4032969000.0,EMEA,France,,East Sarah,https://www.mcmahonworksgmbh.example.com,42,2021-05-26,1
440,Weber Ventures Corp,Biotech & Pharma,SMB,30,5045000.0,EMEA,UAE,,Fitzgeraldview,https://www.weberventurescorp.example.com,20,2022-10-19,1
441,Frazier Labs Ltd,Logistics & Transportation,SMB,132,22586000.0,APAC,Singapore,,Evansberg,https://www.frazierlabsltd.example.com,23,2024-01-15,1
442,White Labs Co,Manufacturing,Enterprise,16189,4155886000.0,NA,United States,CA,Port Carloschester,https://www.whitelabsco.example.com,51,2022-09-06,0
443,Skinner Robotics GmbH,Government & Public Sector,SMB,79,7594000.0,APAC,Australia,,West Justin,https://www.skinnerroboticsgmbh.example.com,23,2022-05-26,1
444,Carney Interactive Ltd,Healthcare,SMB,17,2366000.0,EMEA,Netherlands,,North Heather,https://www.carneyinteractiveltd.example.com,54,2024-02-23,1
445,King Capital Inc,Software & SaaS,SMB,29,4920000.0,NA,Canada,,Amberton,https://www.kingcapitalinc.example.com,15,2023-08-26,1
446,Davenport Foods GmbH,Manufacturing,SMB,34,5963000.0,NA,United States,FM,Port Stacey,https://www.davenportfoodsgmbh.example.com,39,2022-02-11,1
447,Blackburn Energy Ltd,Telecommunications,SMB,99,19570000.0,NA,United States,OK,North Andrewfort,https://www.blackburnenergyltd.example.com,2,2022-11-02,1
448,Owens Bioscience Corp,Energy & Utilities,SMB,43,6222000.0,NA,Canada,,Simsburgh,https://www.owensbiosciencecorp.example.com,11,2024-03-18,1
449,Dalton Cloud LLC,Retail & E-commerce,SMB,36,5806000.0,EMEA,Germany,,Lake Sean,https://www.daltoncloudllc.example.com,57,2023-10-04,1
450,Mason Networks PLC,Logistics & Transportation,Mid-Market,2000,247369000.0,NA,Canada,,Mcdanielfurt,https://www.masonnetworksplc.example.com,34,2022-11-17,1
451,Obrien Foods Inc,Logistics & Transportation,SMB,27,4461000.0,NA,Canada,,Port Jamesland,https://www.obrienfoodsinc.example.com,31,2021-12-31,1
452,Horton Partners LLC,Manufacturing,SMB,30,3917000.0,EMEA,Ireland,,Ramirezshire,https://www.hortonpartnersllc.example.com,5,2021-06-09,1
453,Blanchard Capital PLC,Software & SaaS,SMB,84,8148000.0,EMEA,Sweden,,Fullerview,https://www.blanchardcapitalplc.example.com,36,2025-02-07,1
454,Berg Systems Group,Financial Services,SMB,31,2807000.0,LATAM,Mexico,,North Neil,https://www.bergsystemsgroup.example.com,40,2024-12-17,1
455,Harrell Systems PLC,Telecommunications,Mid-Market,200,60203000.0,EMEA,United Kingdom,,West Shannon,https://www.harrellsystemsplc.example.com,58,2023-09-11,1
456,Barajas Technologies Group,Professional Services,Enterprise,39667,14497841000.0,EMEA,Germany,,Brooksville,https://www.barajastechnologiesgroup.example.com,42,2023-06-12,1
457,Stephenson Robotics PLC,Manufacturing,Enterprise,26860,9799233000.0,NA,Canada,,Lake Coreyborough,https://www.stephensonroboticsplc.example.com,34,2021-07-05,1
458,Cherry Metrics PLC,Healthcare,SMB,23,4570000.0,EMEA,United Kingdom,,New Whitney,https://www.cherrymetricsplc.example.com,57,2022-11-08,1
459,Austin Materials PLC,Media & Entertainment,SMB,20,2321000.0,NA,United States,KY,West Georgeshire,https://www.austinmaterialsplc.example.com,49,2022-12-30,1
460,Carlson Robotics PLC,Software & SaaS,SMB,20,3439000.0,NA,Canada,,West Taramouth,https://www.carlsonroboticsplc.example.com,49,2022-12-01,1
461,Park Capital GmbH,Media & Entertainment,SMB,11,1815000.0,LATAM,Chile,,North Patrick,https://www.parkcapitalgmbh.example.com,40,2021-12-13,1
462,Mcgee Metrics Corp,Retail & E-commerce,SMB,18,2555000.0,EMEA,Sweden,,North Chadview,https://www.mcgeemetricscorp.example.com,45,2021-06-18,1
463,Ochoa Materials Co,Retail & E-commerce,Mid-Market,663,161208000.0,EMEA,Ireland,,Martinezchester,https://www.ochoamaterialsco.example.com,46,2025-11-15,0
464,Greene Foods Inc,Software & SaaS,SMB,97,19240000.0,NA,Canada,,Michaelton,https://www.greenefoodsinc.example.com,14,2023-05-17,1
465,Garner Industries Corp,Biotech & Pharma,SMB,27,4881000.0,EMEA,France,,Robertstad,https://www.garnerindustriescorp.example.com,54,2025-04-08,1
466,Novak Works Co,Financial Services,SMB,53,4927000.0,NA,United States,PA,North Angelaton,https://www.novakworksco.example.com,14,2023-12-28,1
467,Bryan Holdings PLC,Software & SaaS,SMB,5,955000.0,NA,United States,MP,North Dustinview,https://www.bryanholdingsplc.example.com,31,2024-12-17,1
468,Hendrix Metrics AG,Manufacturing,SMB,48,7484000.0,NA,United States,IN,South Tinaton,https://www.hendrixmetricsag.example.com,55,2021-11-08,1
469,Briggs Works Ltd,Real Estate,SMB,28,3783000.0,NA,Canada,,East Charles,https://www.briggsworksltd.example.com,38,2021-05-31,1
470,Holmes Metrics LLC,Real Estate,Mid-Market,1272,259830000.0,NA,United States,CT,West Ryan,https://www.holmesmetricsllc.example.com,11,2023-09-12,1
471,Wiley Logistics LLC,Logistics & Transportation,SMB,22,4059000.0,EMEA,United Kingdom,,Proctorberg,https://www.wileylogisticsllc.example.com,58,2023-05-03,1
472,Skinner Networks Co,Logistics & Transportation,SMB,36,6451000.0,NA,Canada,,North Neil,https://www.skinnernetworksco.example.com,35,2021-05-17,1
473,Oconnell Energy Corp,Retail & E-commerce,SMB,21,2738000.0,APAC,India,,North Logan,https://www.oconnellenergycorp.example.com,41,2023-09-07,1
474,Neal Cloud AG,Software & SaaS,Mid-Market,551,113981000.0,APAC,Japan,,North Larryton,https://www.nealcloudag.example.com,41,2021-09-20,1
475,Harmon Materials LLC,Healthcare,SMB,6,1307000.0,NA,United States,WV,North Joel,https://www.harmonmaterialsllc.example.com,24,2021-06-02,0
476,Payne Energy Ltd,Manufacturing,Mid-Market,447,121405000.0,EMEA,Ireland,,Lake Jose,https://www.payneenergyltd.example.com,5,2026-05-29,1
477,Shepard Ventures GmbH,Logistics & Transportation,Enterprise,32859,7976046000.0,NA,United States,IA,Robinsonville,https://www.shepardventuresgmbh.example.com,10,2023-05-16,1
478,Martinez Bioscience Corp,Education,SMB,63,10983000.0,APAC,Singapore,,Hoodview,https://www.martinezbiosciencecorp.example.com,41,2022-04-22,1
479,Briggs Industries Group,Automotive,Mid-Market,517,148221000.0,NA,Canada,,Port Dwayneberg,https://www.briggsindustriesgroup.example.com,39,2021-05-19,1
480,Palmer Materials LLC,Logistics & Transportation,SMB,37,6244000.0,NA,Canada,,New Sophia,https://www.palmermaterialsllc.example.com,17,2025-09-26,1
481,Byrd Digital Ltd,Energy & Utilities,Enterprise,12128,5218117000.0,NA,Canada,,Lake Michaelborough,https://www.byrddigitalltd.example.com,47,2025-12-18,1
482,Gates Bioscience Ltd,Construction,SMB,24,2378000.0,APAC,Singapore,,South Frances,https://www.gatesbioscienceltd.example.com,13,2021-12-29,1
483,Cook Interactive PLC,Healthcare,Enterprise,19623,3761423000.0,NA,United States,TN,Kimberlyfurt,https://www.cookinteractiveplc.example.com,33,2022-10-17,0
484,Barrett Bioscience GmbH,Retail & E-commerce,SMB,15,1895000.0,APAC,Singapore,,Port Jamesland,https://www.barrettbiosciencegmbh.example.com,23,2023-11-13,1
485,Richards Analytics AG,Telecommunications,SMB,10,1481000.0,NA,Canada,,Hendersonton,https://www.richardsanalyticsag.example.com,28,2021-06-04,1
486,Mullen Solutions LLC,Media & Entertainment,SMB,37,6363000.0,EMEA,Spain,,Ellisshire,https://www.mullensolutionsllc.example.com,46,2023-04-07,1
487,Hines Metrics Corp,Government & Public Sector,Mid-Market,956,269191000.0,NA,Canada,,North Larryton,https://www.hinesmetricscorp.example.com,14,2021-11-11,1
488,Harris Labs Group,Media & Entertainment,SMB,106,16606000.0,NA,Canada,,West Traceyberg,https://www.harrislabsgroup.example.com,17,2021-11-22,1
489,Moss Energy GmbH,Biotech & Pharma,SMB,36,6811000.0,NA,United States,CO,Joshuashire,https://www.mossenergygmbh.example.com,24,2023-08-18,1
490,Logan Health LLC,Financial Services,Mid-Market,267,59305000.0,NA,Canada,,Davisstad,https://www.loganhealthllc.example.com,38,2022-03-23,1
491,Delgado Networks Ltd,Professional Services,Mid-Market,1542,299502000.0,EMEA,Sweden,,Deborahport,https://www.delgadonetworksltd.example.com,19,2023-05-05,1
492,Juarez Dynamics Group,Financial Services,SMB,11,1365000.0,EMEA,Germany,,New Jasminefort,https://www.juarezdynamicsgroup.example.com,32,2022-01-05,1
493,Robertson Dynamics Inc,Software & SaaS,SMB,37,6707000.0,NA,Canada,,Smithfurt,https://www.robertsondynamicsinc.example.com,26,2023-01-09,1
494,Marks Metrics Ltd,Software & SaaS,SMB,30,5885000.0,NA,Canada,,Rebeccashire,https://www.marksmetricsltd.example.com,8,2025-11-18,1
495,Russell Analytics Corp,Media & Entertainment,Mid-Market,606,187319000.0,NA,Canada,,Farmerport,https://www.russellanalyticscorp.example.com,2,2023-01-02,1
496,Lang Foods PLC,Healthcare,SMB,60,11367000.0,EMEA,Spain,,South Sean,https://www.langfoodsplc.example.com,42,2023-02-06,1
497,Hobbs Labs Corp,Financial Services,Mid-Market,313,77261000.0,EMEA,France,,East John,https://www.hobbslabscorp.example.com,36,2023-01-19,1
498,Ramirez Industries LLC,Education,SMB,49,9320000.0,APAC,Singapore,,North Heather,https://www.ramirezindustriesllc.example.com,56,2025-03-24,1
499,Cruz Analytics LLC,Retail & E-commerce,SMB,5,1028000.0,APAC,Japan,,Sparksborough,https://www.cruzanalyticsllc.example.com,56,2024-01-22,1
500,Moody Health LLC,Manufacturing,SMB,47,4744000.0,NA,United States,OH,South Jacqueline,https://www.moodyhealthllc.example.com,17,2021-02-18,1
501,Mora Analytics Corp,Logistics & Transportation,SMB,14,2529000.0,NA,Canada,,Priceside,https://www.moraanalyticscorp.example.com,30,2021-06-11,1
502,Fischer Health Group,Hospitality,Mid-Market,1469,336005000.0,APAC,Singapore,,Lake Beth,https://www.fischerhealthgroup.example.com,13,2023-06-21,1
503,Ellis Works LLC,Telecommunications,SMB,10,2159000.0,NA,Canada,,Schwartzmouth,https://www.ellisworksllc.example.com,22,2024-07-15,1
504,Boone Foods Group,Retail & E-commerce,SMB,27,4444000.0,NA,Canada,,Lake William,https://www.boonefoodsgroup.example.com,59,2021-06-11,1
505,Carter Health GmbH,Professional Services,Enterprise,12555,4824817000.0,NA,United States,CT,Lake Jose,https://www.carterhealthgmbh.example.com,15,2023-02-09,1
506,Bradley Metrics GmbH,Hospitality,Enterprise,19259,6032913000.0,EMEA,Germany,,New Whitney,https://www.bradleymetricsgmbh.example.com,5,2023-11-07,1
507,Miller Interactive Corp,Manufacturing,Mid-Market,200,47933000.0,EMEA,France,,Ortizshire,https://www.millerinteractivecorp.example.com,54,2022-08-23,1
508,Burns Foods Co,Financial Services,SMB,43,5085000.0,LATAM,Mexico,,Farmerport,https://www.burnsfoodsco.example.com,40,2024-02-20,1
509,Larson Robotics LLC,Software & SaaS,SMB,9,1979000.0,NA,Canada,,West Justin,https://www.larsonroboticsllc.example.com,26,2022-05-14,1
510,Bryan Industries Corp,Education,Mid-Market,417,102571000.0,NA,United States,DE,Thomasfurt,https://www.bryanindustriescorp.example.com,26,2023-09-27,1
511,Rodgers Materials Ltd,Biotech & Pharma,SMB,53,5974000.0,NA,United States,NH,Jenkinsburgh,https://www.rodgersmaterialsltd.example.com,17,2024-08-01,1
512,Oconnell Analytics Inc,Software & SaaS,SMB,56,7483000.0,EMEA,United Kingdom,,Guerreroport,https://www.oconnellanalyticsinc.example.com,45,2026-02-04,1
513,Fowler Metrics GmbH,Retail & E-commerce,Mid-Market,411,107935000.0,NA,United States,GA,Brownland,https://www.fowlermetricsgmbh.example.com,52,2023-10-31,1
514,Price Metrics AG,Financial Services,SMB,32,3596000.0,LATAM,Brazil,,Lopezville,https://www.pricemetricsag.example.com,40,2022-05-30,1
515,Davis Partners AG,Logistics & Transportation,SMB,16,2406000.0,NA,Canada,,East Julie,https://www.davispartnersag.example.com,16,2024-04-17,1
516,Morgan Energy LLC,Hospitality,Enterprise,20455,4209291000.0,EMEA,Netherlands,,West Joseph,https://www.morganenergyllc.example.com,45,2024-11-11,1
517,Morton Capital AG,Professional Services,SMB,15,2167000.0,APAC,Singapore,,Wendyton,https://www.mortoncapitalag.example.com,50,2022-09-14,0
518,Howe Bioscience LLC,Construction,SMB,68,10463000.0,NA,United States,MO,South Patriciamouth,https://www.howebiosciencellc.example.com,2,2022-06-13,1
519,Parsons Metrics GmbH,Retail & E-commerce,SMB,10,2106000.0,EMEA,Ireland,,Jeffreyport,https://www.parsonsmetricsgmbh.example.com,36,2021-08-04,1
520,Washington Foods LLC,Energy & Utilities,SMB,70,10653000.0,NA,United States,AK,Port Shari,https://www.washingtonfoodsllc.example.com,31,2024-01-09,1
521,Hobbs Cloud Corp,Government & Public Sector,SMB,27,4236000.0,APAC,Australia,,New Hectorfort,https://www.hobbscloudcorp.example.com,13,2022-11-03,1
522,Flores Logistics AG,Energy & Utilities,Mid-Market,2000,461274000.0,APAC,India,,Janetmouth,https://www.floreslogisticsag.example.com,41,2021-06-29,1
523,Huber Ventures Co,Construction,Mid-Market,378,111537000.0,EMEA,Ireland,,Nguyenshire,https://www.huberventuresco.example.com,32,2023-05-26,1
524,May Labs LLC,Financial Services,SMB,29,5953000.0,NA,United States,ID,East John,https://www.maylabsllc.example.com,35,2026-06-13,1
525,Bush Bioscience Corp,Software & SaaS,SMB,8,1570000.0,LATAM,Brazil,,West Shane,https://www.bushbiosciencecorp.example.com,40,2021-03-16,1
526,Welch Partners Group,Financial Services,Mid-Market,200,58389000.0,LATAM,Mexico,,East John,https://www.welchpartnersgroup.example.com,44,2023-03-06,1
527,Jensen Digital AG,Hospitality,SMB,28,3393000.0,EMEA,Spain,,Kanefurt,https://www.jensendigitalag.example.com,7,2025-12-01,1
528,Wheeler Labs Corp,Software & SaaS,SMB,50,4584000.0,LATAM,Brazil,,Fullerview,https://www.wheelerlabscorp.example.com,40,2026-02-18,1
529,Wells Partners Inc,Professional Services,SMB,11,1890000.0,NA,Canada,,New Michellemouth,https://www.wellspartnersinc.example.com,29,2022-05-12,1
530,Benitez Capital LLC,Retail & E-commerce,Mid-Market,408,85048000.0,NA,Canada,,Port Justin,https://www.benitezcapitalllc.example.com,26,2021-09-07,1
531,Bryant Partners Co,Energy & Utilities,SMB,45,8992000.0,NA,Canada,,West Ryan,https://www.bryantpartnersco.example.com,51,2022-09-23,0
532,Cohen Digital Inc,Real Estate,Mid-Market,890,136799000.0,NA,Canada,,Laraport,https://www.cohendigitalinc.example.com,25,2022-04-04,1
533,May Ventures Group,Retail & E-commerce,SMB,33,5342000.0,EMEA,UAE,,Ellisshire,https://www.mayventuresgroup.example.com,32,2022-12-29,0
534,Gross Materials Ltd,Financial Services,SMB,19,2232000.0,EMEA,UAE,,Amyside,https://www.grossmaterialsltd.example.com,7,2023-07-31,1
535,Anderson Partners GmbH,Education,SMB,60,11183000.0,NA,United States,WV,North Roger,https://www.andersonpartnersgmbh.example.com,37,2024-08-09,1
536,Mathis Holdings Inc,Construction,SMB,6,1062000.0,NA,Canada,,West Williamfurt,https://www.mathisholdingsinc.example.com,49,2023-10-19,1
537,Gibson Dynamics Corp,Software & SaaS,SMB,41,6702000.0,EMEA,Germany,,Brooksville,https://www.gibsondynamicscorp.example.com,57,2025-06-30,1
538,Simmons Digital Corp,Financial Services,SMB,106,21437000.0,EMEA,Netherlands,,Wilsonmouth,https://www.simmonsdigitalcorp.example.com,3,2024-05-22,0
539,Rice Analytics GmbH,Government & Public Sector,SMB,93,17851000.0,LATAM,Chile,,Jaimetown,https://www.riceanalyticsgmbh.example.com,44,2023-03-09,1
540,Simon Foods GmbH,Software & SaaS,SMB,42,7427000.0,NA,United States,AK,West Brian,https://www.simonfoodsgmbh.example.com,26,2021-06-14,0
541,Maxwell Bioscience AG,Software & SaaS,SMB,25,4410000.0,APAC,Singapore,,Brownland,https://www.maxwellbioscienceag.example.com,13,2024-11-08,0
542,Park Industries Ltd,Government & Public Sector,SMB,19,3346000.0,NA,United States,WV,Welchchester,https://www.parkindustriesltd.example.com,31,2024-03-30,1
543,Blevins Metrics LLC,Real Estate,Enterprise,89168,34630935000.0,NA,United States,FM,Lake Beth,https://www.blevinsmetricsllc.example.com,25,2022-05-04,1
544,Rhodes Industries AG,Healthcare,SMB,25,3957000.0,EMEA,France,,Jaredshire,https://www.rhodesindustriesag.example.com,1,2021-12-01,1
545,Humphrey Bioscience PLC,Construction,Mid-Market,1138,267807000.0,NA,Canada,,Ericland,https://www.humphreybioscienceplc.example.com,35,2023-12-06,1
546,Adkins Digital Ltd,Telecommunications,Enterprise,18407,7405095000.0,EMEA,Spain,,East Anthony,https://www.adkinsdigitalltd.example.com,45,2021-04-29,1
547,Blair Robotics Corp,Software & SaaS,SMB,47,7065000.0,NA,United States,NC,South Davidhaven,https://www.blairroboticscorp.example.com,33,2024-09-26,1
548,Frye Industries GmbH,Retail & E-commerce,Mid-Market,2000,488296000.0,NA,Canada,,Brownland,https://www.fryeindustriesgmbh.example.com,51,2021-11-24,1
549,Hardin Cloud Corp,Hospitality,Mid-Market,1816,408011000.0,EMEA,Ireland,,Mosleystad,https://www.hardincloudcorp.example.com,45,2023-07-25,1
550,Cruz Capital Group,Energy & Utilities,Mid-Market,728,217028000.0,NA,Canada,,West Natasha,https://www.cruzcapitalgroup.example.com,16,2022-03-15,1
551,Rios Holdings Group,Media & Entertainment,SMB,17,3098000.0,NA,Canada,,Lopezville,https://www.riosholdingsgroup.example.com,12,2022-12-22,1
552,Huff Interactive Ltd,Manufacturing,SMB,55,9315000.0,NA,United States,PR,South Michaelside,https://www.huffinteractiveltd.example.com,26,2024-10-31,0
553,Erickson Holdings Ltd,Financial Services,SMB,156,23977000.0,NA,Canada,,Port Stacey,https://www.ericksonholdingsltd.example.com,35,2022-02-18,1
554,Nunez Metrics Group,Education,SMB,30,3194000.0,EMEA,UAE,,South Danielberg,https://www.nunezmetricsgroup.example.com,32,2021-02-22,1
555,Hunt Holdings Corp,Financial Services,Enterprise,4540,1445569000.0,NA,Canada,,West Natasha,https://www.huntholdingscorp.example.com,17,2021-04-19,1
556,Robinson Interactive Group,Professional Services,Enterprise,63664,28475469000.0,EMEA,United Kingdom,,Crosbystad,https://www.robinsoninteractivegroup.example.com,32,2021-04-14,1
557,Knight Partners PLC,Financial Services,SMB,11,1994000.0,EMEA,Sweden,,Kanefurt,https://www.knightpartnersplc.example.com,1,2022-11-28,1
558,Ray Robotics Corp,Software & SaaS,Mid-Market,324,44908000.0,EMEA,United Kingdom,,Knappbury,https://www.rayroboticscorp.example.com,54,2021-04-28,1
559,Smith Materials GmbH,Software & SaaS,SMB,11,1914000.0,NA,United States,KS,Brownchester,https://www.smithmaterialsgmbh.example.com,59,2022-09-12,1
560,Blair Digital Group,Professional Services,Enterprise,31319,10753503000.0,EMEA,France,,Davidshire,https://www.blairdigitalgroup.example.com,54,2024-02-29,1
561,Burns Ventures Corp,Retail & E-commerce,SMB,56,7532000.0,APAC,Japan,,Davischester,https://www.burnsventurescorp.example.com,50,2025-06-02,1
562,Powell Dynamics Inc,Manufacturing,Enterprise,20268,5327882000.0,NA,United States,MH,West Nicholasfurt,https://www.powelldynamicsinc.example.com,31,2021-11-16,1
563,Mann Works Inc,Logistics & Transportation,Mid-Market,2000,354967000.0,APAC,Australia,,Stevenland,https://www.mannworksinc.example.com,56,2025-05-22,1
564,Dixon Solutions Inc,Media & Entertainment,SMB,30,4090000.0,NA,United States,FL,North Nichole,https://www.dixonsolutionsinc.example.com,48,2026-04-29,1
565,Avila Technologies Inc,Government & Public Sector,SMB,61,7447000.0,NA,United States,VT,South Tylerland,https://www.avilatechnologiesinc.example.com,33,2023-10-02,0
566,Webb Interactive AG,Manufacturing,Mid-Market,479,140423000.0,NA,Canada,,Lake James,https://www.webbinteractiveag.example.com,25,2024-05-27,1
567,Bradford Systems Group,Financial Services,SMB,21,4516000.0,NA,United States,NY,New Blake,https://www.bradfordsystemsgroup.example.com,49,2022-12-29,1
568,Jacobs Energy Co,Hospitality,SMB,58,11706000.0,NA,Canada,,Troyton,https://www.jacobsenergyco.example.com,12,2021-04-14,1
569,Davenport Networks AG,Retail & E-commerce,Enterprise,16109,8107603000.0,NA,United States,OH,East Dawnchester,https://www.davenportnetworksag.example.com,16,2026-02-20,0
570,Henry Foods Co,Media & Entertainment,SMB,28,4562000.0,NA,Canada,,East David,https://www.henryfoodsco.example.com,47,2025-12-25,0
571,Pham Solutions Corp,Financial Services,SMB,18,2560000.0,EMEA,Netherlands,,New Sophia,https://www.phamsolutionscorp.example.com,6,2022-04-11,1
572,Lang Capital PLC,Hospitality,SMB,23,4273000.0,NA,Canada,,Hoodview,https://www.langcapitalplc.example.com,52,2021-10-07,1
573,Ballard Works PLC,Biotech & Pharma,SMB,12,1903000.0,APAC,Japan,,Port Juliantown,https://www.ballardworksplc.example.com,13,2021-03-31,1
574,Bowen Digital Inc,Retail & E-commerce,Enterprise,10991,5493916000.0,APAC,Singapore,,Port Brenda,https://www.bowendigitalinc.example.com,41,2023-01-30,1
575,Warner Robotics AG,Software & SaaS,SMB,140,30360000.0,NA,United States,IN,Lake Coreyborough,https://www.warnerroboticsag.example.com,17,2025-10-23,1
576,Duran Materials LLC,Software & SaaS,SMB,29,2818000.0,NA,United States,PA,Davisstad,https://www.duranmaterialsllc.example.com,31,2021-03-04,1
577,Hooper Networks Corp,Healthcare,SMB,51,4817000.0,NA,United States,MP,Cassandraberg,https://www.hoopernetworkscorp.example.com,30,2023-09-07,1
578,Rogers Robotics AG,Retail & E-commerce,Enterprise,95663,18599155000.0,APAC,New Zealand,,Michaelshire,https://www.rogersroboticsag.example.com,13,2025-01-24,1
579,Shields Health Ltd,Retail & E-commerce,SMB,21,3442000.0,NA,Canada,,Knappbury,https://www.shieldshealthltd.example.com,39,2022-07-06,1
580,Flowers Dynamics Ltd,Media & Entertainment,Mid-Market,386,118843000.0,NA,Canada,,Annashire,https://www.flowersdynamicsltd.example.com,30,2023-09-08,0
581,Davidson Ventures GmbH,Healthcare,Mid-Market,462,94795000.0,LATAM,Argentina,,Port Shari,https://www.davidsonventuresgmbh.example.com,44,2022-11-02,0
582,Howe Digital Co,Financial Services,Mid-Market,247,39157000.0,NA,Canada,,West Ronaldview,https://www.howedigitalco.example.com,35,2021-03-31,1
583,Goodwin Solutions Ltd,Construction,Enterprise,23247,11637199000.0,NA,United States,LA,West Williamfurt,https://www.goodwinsolutionsltd.example.com,38,2023-02-13,0
584,Parsons Holdings Co,Healthcare,Mid-Market,446,91013000.0,APAC,India,,Deborahberg,https://www.parsonsholdingsco.example.com,13,2021-05-06,1
585,Ponce Industries LLC,Biotech & Pharma,Enterprise,6073,2667102000.0,APAC,Singapore,,East Ralphshire,https://www.ponceindustriesllc.example.com,50,2024-01-30,1
586,Espinoza Robotics Group,Media & Entertainment,SMB,14,1630000.0,NA,United States,IA,Mckenziehaven,https://www.espinozaroboticsgroup.example.com,49,2022-03-23,1
587,Harrell Partners PLC,Software & SaaS,Mid-Market,531,112165000.0,NA,Canada,,West Cassandra,https://www.harrellpartnersplc.example.com,11,2024-11-06,1
588,Powell Metrics Group,Media & Entertainment,SMB,26,4383000.0,NA,United States,VT,North Kylie,https://www.powellmetricsgroup.example.com,37,2023-07-07,1
589,Lane Health AG,Automotive,SMB,72,13794000.0,NA,United States,MT,Moniqueport,https://www.lanehealthag.example.com,12,2025-11-27,1
590,Mann Health AG,Professional Services,Mid-Market,1094,244962000.0,NA,United States,DE,West Georgeshire,https://www.mannhealthag.example.com,2,2024-05-28,1
591,Sanchez Interactive PLC,Healthcare,Enterprise,28591,5672223000.0,NA,Canada,,Port Jessica,https://www.sanchezinteractiveplc.example.com,39,2024-04-26,1
592,Murray Dynamics Inc,Software & SaaS,Mid-Market,472,82539000.0,EMEA,Sweden,,Whitneyberg,https://www.murraydynamicsinc.example.com,1,2022-03-16,0
593,Murphy Partners PLC,Retail & E-commerce,SMB,21,2267000.0,EMEA,Ireland,,Teresabury,https://www.murphypartnersplc.example.com,27,2022-10-31,1
594,Kane Technologies AG,Software & SaaS,SMB,16,2356000.0,LATAM,Mexico,,Woodburgh,https://www.kanetechnologiesag.example.com,44,2024-06-12,0
595,Sheppard Materials PLC,Healthcare,SMB,35,6283000.0,APAC,Australia,,North Ginamouth,https://www.sheppardmaterialsplc.example.com,13,2024-04-19,1
596,Arellano Networks Ltd,Non-Profit,SMB,45,8928000.0,NA,United States,TN,Lake Samantha,https://www.arellanonetworksltd.example.com,25,2024-02-16,1
597,Bowen Foods Ltd,Education,SMB,108,16689000.0,NA,Canada,,Brittanyland,https://www.bowenfoodsltd.example.com,39,2021-01-14,1
598,Oconnell Cloud Co,Professional Services,SMB,41,4789000.0,EMEA,UAE,,Robertport,https://www.oconnellcloudco.example.com,7,2021-01-29,1
599,Mercado Networks Group,Logistics & Transportation,SMB,51,8474000.0,NA,Canada,,Jamesfurt,https://www.mercadonetworksgroup.example.com,53,2021-04-02,0
600,Fitzpatrick Logistics Co,Financial Services,Mid-Market,244,44536000.0,NA,United States,IN,Alvarezshire,https://www.fitzpatricklogisticsco.example.com,11,2021-02-19,1
601,Meadows Holdings AG,Financial Services,SMB,54,8051000.0,EMEA,France,,South Emily,https://www.meadowsholdingsag.example.com,4,2024-08-26,1
602,Brooks Holdings Inc,Real Estate,Enterprise,55253,19170421000.0,NA,United States,MA,Mathewport,https://www.brooksholdingsinc.example.com,28,2023-04-28,1
603,Mendoza Networks LLC,Retail & E-commerce,SMB,13,2475000.0,NA,United States,MO,North David,https://www.mendozanetworksllc.example.com,10,2023-02-13,1
604,Hale Networks GmbH,Retail & E-commerce,SMB,15,2433000.0,NA,United States,NV,Smithmouth,https://www.halenetworksgmbh.example.com,49,2021-04-30,1
605,Mcgee Networks GmbH,Financial Services,SMB,14,1769000.0,LATAM,Brazil,,Lake Annstad,https://www.mcgeenetworksgmbh.example.com,40,2024-08-31,1
606,Grant Holdings Co,Manufacturing,SMB,11,2069000.0,EMEA,Sweden,,South Joseshire,https://www.grantholdingsco.example.com,4,2021-05-12,1
607,Pierce Ventures Corp,Software & SaaS,Enterprise,25144,4339414000.0,NA,Canada,,North Matthewmouth,https://www.pierceventurescorp.example.com,59,2021-11-16,1
608,Bryan Ventures Inc,Financial Services,SMB,57,8967000.0,NA,Canada,,North Joyside,https://www.bryanventuresinc.example.com,51,2024-12-13,1
609,Simon Logistics PLC,Government & Public Sector,SMB,39,4410000.0,APAC,Japan,,Jamesport,https://www.simonlogisticsplc.example.com,13,2024-02-16,1
610,Kirk Health Co,Telecommunications,Enterprise,11371,4229882000.0,NA,United States,CT,South Amandaville,https://www.kirkhealthco.example.com,59,2021-05-11,1
611,Delacruz Holdings GmbH,Hospitality,Enterprise,10633,5273410000.0,EMEA,United Kingdom,,Guerreroport,https://www.delacruzholdingsgmbh.example.com,42,2021-04-13,1
612,West Solutions Corp,Government & Public Sector,SMB,33,5386000.0,EMEA,United Kingdom,,Padillatown,https://www.westsolutionscorp.example.com,19,2022-09-02,0
613,Bright Energy GmbH,Media & Entertainment,SMB,5,1066000.0,EMEA,UAE,,South Patriciamouth,https://www.brightenergygmbh.example.com,46,2023-08-21,1
614,Lowe Metrics AG,Healthcare,SMB,147,26712000.0,NA,United States,SC,Debbieview,https://www.lowemetricsag.example.com,22,2021-12-17,1
615,Best Industries LLC,Retail & E-commerce,SMB,16,2062000.0,APAC,New Zealand,,Lisatown,https://www.bestindustriesllc.example.com,23,2023-07-03,0
616,Townsend Digital PLC,Software & SaaS,SMB,147,26815000.0,NA,Canada,,Port Lisaville,https://www.townsenddigitalplc.example.com,17,2022-06-08,1
617,Chan Cloud Ltd,Professional Services,SMB,10,1267000.0,NA,Canada,,Janetmouth,https://www.chancloudltd.example.com,51,2023-07-12,1
618,Duran Logistics Corp,Professional Services,Enterprise,11238,3287739000.0,NA,United States,OH,Angelamouth,https://www.duranlogisticscorp.example.com,37,2024-04-29,1
619,Navarro Solutions LLC,Logistics & Transportation,SMB,17,2729000.0,NA,Canada,,Luketown,https://www.navarrosolutionsllc.example.com,25,2025-02-18,0
620,Sweeney Networks LLC,Manufacturing,Mid-Market,200,50224000.0,NA,United States,GU,New Joanne,https://www.sweeneynetworksllc.example.com,14,2021-10-07,1
621,Hogan Ventures LLC,Financial Services,SMB,6,951000.0,EMEA,UAE,,West Edwardview,https://www.hoganventuresllc.example.com,18,2021-04-30,1
622,Espinoza Ventures Group,Software & SaaS,Mid-Market,740,180826000.0,APAC,Australia,,South Jacqueline,https://www.espinozaventuresgroup.example.com,23,2021-06-14,1
623,Gregory Materials Co,Healthcare,SMB,41,5009000.0,NA,Canada,,East Mark,https://www.gregorymaterialsco.example.com,2,2021-08-30,1
624,Vargas Partners Co,Biotech & Pharma,Mid-Market,667,168364000.0,APAC,India,,Jasonburgh,https://www.vargaspartnersco.example.com,56,2022-04-13,1
625,Valdez Robotics AG,Software & SaaS,Enterprise,70003,24018384000.0,LATAM,Brazil,,East Matthew,https://www.valdezroboticsag.example.com,40,2021-02-16,1
626,Burton Analytics PLC,Biotech & Pharma,SMB,13,1758000.0,NA,Canada,,West Bryan,https://www.burtonanalyticsplc.example.com,8,2025-01-15,1
627,Townsend Cloud AG,Logistics & Transportation,SMB,14,2975000.0,EMEA,UAE,,Lake Lisabury,https://www.townsendcloudag.example.com,36,2025-03-06,1
628,Silva Logistics PLC,Retail & E-commerce,SMB,11,1348000.0,LATAM,Brazil,,Welchchester,https://www.silvalogisticsplc.example.com,40,2024-03-28,1
629,Luna Logistics Ltd,Software & SaaS,SMB,56,10871000.0,EMEA,France,,Brianview,https://www.lunalogisticsltd.example.com,7,2022-06-06,1
630,Elliott Labs GmbH,Software & SaaS,Enterprise,21190,5126321000.0,NA,Canada,,North Heather,https://www.elliottlabsgmbh.example.com,38,2024-03-18,1
631,Huynh Industries PLC,Logistics & Transportation,SMB,53,9368000.0,APAC,Singapore,,Bushville,https://www.huynhindustriesplc.example.com,23,2023-06-16,1
632,Roberson Works GmbH,Media & Entertainment,Mid-Market,417,81506000.0,EMEA,Spain,,North Dustinview,https://www.robersonworksgmbh.example.com,32,2023-12-13,1
633,Ferguson Materials Group,Retail & E-commerce,SMB,123,19587000.0,NA,Canada,,Alvarezshire,https://www.fergusonmaterialsgroup.example.com,16,2021-05-05,1
634,Gray Capital PLC,Healthcare,SMB,18,1942000.0,NA,United States,KS,East Jaredfort,https://www.graycapitalplc.example.com,49,2025-05-16,1
635,Ibarra Materials Group,Software & SaaS,SMB,37,4314000.0,NA,United States,NM,East David,https://www.ibarramaterialsgroup.example.com,49,2022-05-24,1
636,Benson Networks Group,Healthcare,Mid-Market,445,83345000.0,NA,United States,OK,Ramseytown,https://www.bensonnetworksgroup.example.com,28,2022-01-18,1
637,Hinton Energy PLC,Telecommunications,Mid-Market,846,161000000.0,NA,United States,MA,Port Charleshaven,https://www.hintonenergyplc.example.com,17,2022-08-01,1
638,Campbell Networks Co,Media & Entertainment,SMB,12,1359000.0,NA,Canada,,North Heather,https://www.campbellnetworksco.example.com,12,2021-12-17,0
639,Aguirre Interactive GmbH,Financial Services,SMB,24,3991000.0,APAC,Japan,,Ebonyfort,https://www.aguirreinteractivegmbh.example.com,41,2026-06-28,1
640,Hatfield Works PLC,Professional Services,Mid-Market,1794,556562000.0,EMEA,Germany,,Jamesfurt,https://www.hatfieldworksplc.example.com,42,2023-11-14,1
641,Reynolds Dynamics PLC,Financial Services,SMB,21,4547000.0,NA,United States,CO,Lake Sean,https://www.reynoldsdynamicsplc.example.com,16,2025-07-17,1
642,Wolfe Technologies LLC,Professional Services,Enterprise,6348,2251894000.0,NA,United States,MP,West Williamfurt,https://www.wolfetechnologiesllc.example.com,35,2026-01-14,0
643,Howell Energy Inc,Logistics & Transportation,SMB,44,8978000.0,NA,Canada,,Quinnhaven,https://www.howellenergyinc.example.com,43,2023-06-27,1
644,Reid Analytics Group,Telecommunications,SMB,67,6250000.0,NA,United States,NC,Angelatown,https://www.reidanalyticsgroup.example.com,43,2024-10-31,1
645,Davies Foods Corp,Software & SaaS,SMB,66,8289000.0,EMEA,Spain,,Angelatown,https://www.daviesfoodscorp.example.com,18,2025-08-25,1
646,Morris Solutions GmbH,Real Estate,SMB,16,1767000.0,NA,United States,CT,Lake Jessica,https://www.morrissolutionsgmbh.example.com,55,2021-07-29,1
647,Nixon Materials Inc,Telecommunications,SMB,66,14311000.0,LATAM,Chile,,Farmerport,https://www.nixonmaterialsinc.example.com,40,2022-01-18,0
648,Gonzales Health Co,Financial Services,SMB,30,3619000.0,NA,Canada,,Loritown,https://www.gonzaleshealthco.example.com,37,2022-08-24,1
649,Huffman Logistics GmbH,Software & SaaS,Enterprise,29826,13389693000.0,NA,Canada,,Wilsonmouth,https://www.huffmanlogisticsgmbh.example.com,30,2023-09-26,1
650,Norton Bioscience Corp,Real Estate,SMB,24,2788000.0,APAC,New Zealand,,East Thomasland,https://www.nortonbiosciencecorp.example.com,13,2024-08-09,1
651,Galloway Metrics Group,Manufacturing,SMB,18,3073000.0,NA,Canada,,North Robert,https://www.gallowaymetricsgroup.example.com,24,2022-05-18,1
652,Melton Solutions LLC,Education,SMB,20,3246000.0,NA,Canada,,New Danielleshire,https://www.meltonsolutionsllc.example.com,24,2025-02-17,1
653,Deleon Foods Corp,Software & SaaS,SMB,116,13846000.0,NA,Canada,,Port Jamesland,https://www.deleonfoodscorp.example.com,25,2023-11-30,1
654,Love Capital Ltd,Financial Services,SMB,39,6909000.0,EMEA,Netherlands,,North Chadview,https://www.lovecapitalltd.example.com,57,2022-06-24,1
655,Beard Partners Ltd,Real Estate,SMB,36,3694000.0,NA,Canada,,New Megan,https://www.beardpartnersltd.example.com,52,2024-01-18,1
656,Huff Interactive GmbH,Financial Services,Mid-Market,352,70065000.0,APAC,Japan,,Jaredshire,https://www.huffinteractivegmbh.example.com,23,2025-03-13,1
657,Kramer Logistics Inc,Software & SaaS,SMB,25,2313000.0,EMEA,UAE,,West Steventon,https://www.kramerlogisticsinc.example.com,36,2022-05-04,1
658,Shaffer Partners Group,Financial Services,Enterprise,24855,5902888000.0,APAC,India,,Jamesland,https://www.shafferpartnersgroup.example.com,23,2022-07-22,1
659,Harmon Foods Corp,Professional Services,SMB,198,19941000.0,EMEA,France,,East Cynthiaport,https://www.harmonfoodscorp.example.com,6,2024-02-15,1
660,Aguilar Analytics Corp,Manufacturing,Mid-Market,676,163069000.0,EMEA,Spain,,Crawfordberg,https://www.aguilaranalyticscorp.example.com,57,2022-10-07,1
661,Ballard Cloud PLC,Logistics & Transportation,SMB,84,11544000.0,EMEA,Spain,,Brownchester,https://www.ballardcloudplc.example.com,21,2021-09-14,1
662,Luna Industries Inc,Media & Entertainment,SMB,18,3902000.0,NA,United States,OH,Lake Kelly,https://www.lunaindustriesinc.example.com,33,2025-03-18,1
663,Sandoval Holdings Group,Manufacturing,Mid-Market,1297,291266000.0,EMEA,Ireland,,South Joseshire,https://www.sandovalholdingsgroup.example.com,45,2021-10-17,1
664,Taylor Capital Inc,Software & SaaS,Mid-Market,353,104221000.0,EMEA,United Kingdom,,East Isaacfort,https://www.taylorcapitalinc.example.com,18,2021-12-16,1
665,Salinas Metrics Ltd,Healthcare,Mid-Market,625,121140000.0,NA,United States,IA,Alexandrachester,https://www.salinasmetricsltd.example.com,15,2025-04-25,1
666,Graham Energy AG,Financial Services,SMB,25,4029000.0,EMEA,Netherlands,,New Tara,https://www.grahamenergyag.example.com,1,2023-11-06,0
667,Kent Industries AG,Non-Profit,Mid-Market,614,126993000.0,NA,Canada,,North Jillfort,https://www.kentindustriesag.example.com,14,2022-10-11,1
668,Tapia Foods Inc,Real Estate,Mid-Market,236,68100000.0,EMEA,Netherlands,,North Joanland,https://www.tapiafoodsinc.example.com,32,2022-07-11,1
669,Shields Industries LLC,Professional Services,Mid-Market,717,109121000.0,NA,Canada,,Abbottport,https://www.shieldsindustriesllc.example.com,2,2021-09-21,1
670,Hunter Digital Ltd,Professional Services,SMB,26,4891000.0,NA,United States,PA,Englishchester,https://www.hunterdigitalltd.example.com,49,2021-04-05,1
671,Juarez Capital Group,Software & SaaS,Mid-Market,647,154542000.0,NA,United States,TX,Lake Jessicaborough,https://www.juarezcapitalgroup.example.com,15,2025-09-07,1
672,Berg Robotics Group,Real Estate,Mid-Market,959,191782000.0,NA,Canada,,Roblesberg,https://www.bergroboticsgroup.example.com,10,2021-03-09,1
673,Christensen Systems PLC,Retail & E-commerce,Enterprise,15968,5736588000.0,NA,United States,OR,Port Donnashire,https://www.christensensystemsplc.example.com,17,2021-03-26,1
674,Lloyd Systems Group,Real Estate,SMB,35,4613000.0,NA,United States,CA,South Jonathanbury,https://www.lloydsystemsgroup.example.com,30,2024-06-24,1
675,Lee Labs Ltd,Construction,SMB,18,3303000.0,EMEA,Germany,,North Chadview,https://www.leelabsltd.example.com,27,2025-07-07,1
676,Mccann Analytics Inc,Manufacturing,Mid-Market,259,82144000.0,NA,Canada,,Lopezstad,https://www.mccannanalyticsinc.example.com,55,2024-03-22,1
677,Gallegos Foods AG,Media & Entertainment,SMB,43,9271000.0,LATAM,Chile,,North Jenniferchester,https://www.gallegosfoodsag.example.com,44,2021-12-13,1
678,Day Technologies Inc,Healthcare,Mid-Market,637,168344000.0,APAC,Australia,,Lake Wendybury,https://www.daytechnologiesinc.example.com,23,2022-01-20,1
679,Hunt Solutions Inc,Government & Public Sector,SMB,93,12695000.0,NA,Canada,,East Jenniferborough,https://www.huntsolutionsinc.example.com,51,2026-02-27,1
680,Stone Logistics Corp,Healthcare,SMB,11,2419000.0,NA,United States,GA,North Larryton,https://www.stonelogisticscorp.example.com,12,2024-03-05,1
681,Wilkerson Technologies GmbH,Manufacturing,Mid-Market,1782,217602000.0,NA,Canada,,Jordanport,https://www.wilkersontechnologiesgmb.example.com,31,2024-12-31,1
682,Bartlett Bioscience Ltd,Government & Public Sector,SMB,13,2249000.0,NA,Canada,,Jaimetown,https://www.bartlettbioscienceltd.example.com,49,2022-11-07,1
683,Guerrero Analytics Co,Software & SaaS,SMB,22,4121000.0,NA,United States,MP,Rebeccaberg,https://www.guerreroanalyticsco.example.com,47,2024-09-04,1
684,Lewis Technologies Group,Retail & E-commerce,Mid-Market,2000,575790000.0,EMEA,Ireland,,Brownberg,https://www.lewistechnologiesgroup.example.com,45,2026-05-11,1
685,Dalton Solutions Group,Media & Entertainment,Mid-Market,1651,430310000.0,EMEA,Ireland,,Andersonborough,https://www.daltonsolutionsgroup.example.com,45,2022-06-06,1
686,Gross Analytics Ltd,Media & Entertainment,Mid-Market,261,60602000.0,NA,Canada,,Lake Loganstad,https://www.grossanalyticsltd.example.com,29,2022-04-06,1
687,Cain Partners Co,Software & SaaS,SMB,22,2701000.0,EMEA,United Kingdom,,North Richard,https://www.cainpartnersco.example.com,42,2021-03-05,1
688,James Technologies Ltd,Software & SaaS,SMB,141,24478000.0,NA,Canada,,South Stevenberg,https://www.jamestechnologiesltd.example.com,15,2024-05-25,1
689,Swanson Networks Corp,Manufacturing,Enterprise,10402,2992360000.0,APAC,New Zealand,,New Melissa,https://www.swansonnetworkscorp.example.com,23,2021-12-10,1
690,Villegas Labs Group,Retail & E-commerce,SMB,67,10481000.0,LATAM,Chile,,Hunterfort,https://www.villegaslabsgroup.example.com,40,2021-12-25,1
691,Alvarez Cloud LLC,Biotech & Pharma,SMB,64,13717000.0,NA,United States,DE,Lake James,https://www.alvarezcloudllc.example.com,47,2023-10-16,1
692,Morrison Energy Group,Real Estate,SMB,25,5190000.0,EMEA,Spain,,Lake Sean,https://www.morrisonenergygroup.example.com,27,2024-05-29,1
693,Turner Health LLC,Media & Entertainment,SMB,25,3539000.0,APAC,Australia,,Lake Darlenemouth,https://www.turnerhealthllc.example.com,13,2022-09-05,1
694,Rios Materials Co,Financial Services,Mid-Market,887,148329000.0,NA,United States,VA,Port Juliantown,https://www.riosmaterialsco.example.com,28,2025-12-23,1
695,Becker Capital Group,Non-Profit,Mid-Market,440,65940000.0,NA,Canada,,South Davidview,https://www.beckercapitalgroup.example.com,15,2021-08-23,1
696,Hayes Cloud GmbH,Financial Services,Mid-Market,782,192122000.0,EMEA,Ireland,,Ramseytown,https://www.hayescloudgmbh.example.com,1,2023-03-22,1
697,Reese Labs Co,Biotech & Pharma,SMB,10,2131000.0,NA,United States,OR,Lake Susanland,https://www.reeselabsco.example.com,39,2023-09-18,1
698,Winters Digital Group,Biotech & Pharma,SMB,56,11481000.0,NA,Canada,,Jeremystad,https://www.wintersdigitalgroup.example.com,52,2023-09-18,1
699,Fox Technologies Inc,Construction,SMB,45,7504000.0,EMEA,France,,Carlshire,https://www.foxtechnologiesinc.example.com,32,2023-12-05,0
700,Flores Ventures LLC,Healthcare,SMB,82,8255000.0,NA,United States,CO,South Davidhaven,https://www.floresventuresllc.example.com,52,2023-10-19,1
701,Dunn Metrics Inc,Software & SaaS,SMB,26,2883000.0,NA,Canada,,West Shannon,https://www.dunnmetricsinc.example.com,53,2024-10-08,1
702,Thompson Health Group,Education,SMB,28,2800000.0,LATAM,Colombia,,Bradleyberg,https://www.thompsonhealthgroup.example.com,40,2024-12-04,1
703,Cobb Health Group,Retail & E-commerce,SMB,35,3641000.0,NA,Canada,,East Amyside,https://www.cobbhealthgroup.example.com,37,2026-04-27,1
704,Hamilton Analytics Inc,Manufacturing,SMB,61,13237000.0,NA,United States,KY,Frankmouth,https://www.hamiltonanalyticsinc.example.com,47,2025-12-10,1
705,Cannon Interactive PLC,Logistics & Transportation,Mid-Market,354,73628000.0,EMEA,Spain,,South Davidhaven,https://www.cannoninteractiveplc.example.com,58,2023-03-10,1
706,Walter Foods Co,Energy & Utilities,SMB,10,1176000.0,NA,United States,NH,Frankview,https://www.walterfoodsco.example.com,16,2024-03-15,1
707,Bennett Networks AG,Healthcare,SMB,54,9710000.0,EMEA,Sweden,,Amandamouth,https://www.bennettnetworksag.example.com,58,2022-08-26,1
708,Lane Networks GmbH,Healthcare,Mid-Market,200,58465000.0,EMEA,United Kingdom,,Lake Darlenemouth,https://www.lanenetworksgmbh.example.com,3,2023-11-23,1
709,Castro Robotics Inc,Education,Mid-Market,488,84168000.0,NA,Canada,,Lake Michaelberg,https://www.castroroboticsinc.example.com,22,2021-01-13,0
710,Higgins Energy PLC,Software & SaaS,Mid-Market,1087,269037000.0,EMEA,Ireland,,Leemouth,https://www.higginsenergyplc.example.com,57,2022-06-20,0
711,Mcgee Digital AG,Energy & Utilities,SMB,31,5355000.0,LATAM,Mexico,,New Matthew,https://www.mcgeedigitalag.example.com,40,2025-09-19,1
712,Parks Bioscience GmbH,Professional Services,Mid-Market,784,133099000.0,APAC,Japan,,Guerreroport,https://www.parksbiosciencegmbh.example.com,41,2024-01-04,1
713,Mayer Technologies PLC,Government & Public Sector,SMB,14,2409000.0,NA,Canada,,Angelaton,https://www.mayertechnologiesplc.example.com,11,2021-01-28,1
714,Hooper Capital LLC,Real Estate,SMB,6,701000.0,NA,United States,MT,Davidshire,https://www.hoopercapitalllc.example.com,9,2023-03-15,1
715,Fleming Interactive AG,Logistics & Transportation,SMB,28,4629000.0,NA,Canada,,Robertstad,https://www.fleminginteractiveag.example.com,49,2022-06-16,1
716,Russo Capital GmbH,Government & Public Sector,SMB,93,15933000.0,APAC,New Zealand,,Port Jamesland,https://www.russocapitalgmbh.example.com,41,2024-11-21,1
717,Oliver Networks Co,Retail & E-commerce,SMB,111,18221000.0,APAC,India,,Ianburgh,https://www.olivernetworksco.example.com,41,2021-06-09,1
718,Novak Holdings AG,Professional Services,SMB,41,4682000.0,NA,United States,MT,West Mary,https://www.novakholdingsag.example.com,29,2023-08-22,1
719,Rivas Holdings Co,Software & SaaS,Mid-Market,855,211410000.0,APAC,India,,North Andrewfort,https://www.rivasholdingsco.example.com,41,2024-03-27,1
720,Davenport Logistics Co,Telecommunications,SMB,137,25208000.0,NA,Canada,,South Davidhaven,https://www.davenportlogisticsco.example.com,33,2023-07-30,1
721,Wise Labs GmbH,Software & SaaS,SMB,30,2986000.0,NA,United States,FL,South Chad,https://www.wiselabsgmbh.example.com,9,2022-01-27,1
722,Vaughan Technologies PLC,Software & SaaS,SMB,64,10679000.0,EMEA,Ireland,,Joshuashire,https://www.vaughantechnologiesplc.example.com,4,2024-10-11,1
723,Huang Health Co,Logistics & Transportation,SMB,22,3228000.0,NA,United States,WY,North Patrickland,https://www.huanghealthco.example.com,14,2024-10-13,1
724,Cowan Solutions GmbH,Software & SaaS,SMB,21,2573000.0,EMEA,France,,North Peterburgh,https://www.cowansolutionsgmbh.example.com,3,2022-06-10,1
725,Hardy Energy AG,Healthcare,SMB,19,3704000.0,NA,Canada,,Millsland,https://www.hardyenergyag.example.com,9,2022-01-13,1
726,Hayes Interactive Ltd,Real Estate,SMB,6,677000.0,EMEA,France,,Port Brenda,https://www.hayesinteractiveltd.example.com,1,2023-12-15,1
727,Wilkinson Industries AG,Logistics & Transportation,Mid-Market,743,96344000.0,LATAM,Colombia,,Lake Darlenemouth,https://www.wilkinsonindustriesag.example.com,40,2022-06-20,1
728,Forbes Networks Corp,Telecommunications,Enterprise,10068,4321527000.0,NA,Canada,,Crosbystad,https://www.forbesnetworkscorp.example.com,30,2022-05-19,1
729,Wang Works Co,Professional Services,SMB,83,17537000.0,NA,Canada,,Baldwinville,https://www.wangworksco.example.com,34,2022-11-14,1
730,Deleon Dynamics Ltd,Retail & E-commerce,Mid-Market,856,169780000.0,EMEA,Ireland,,Michaelton,https://www.deleondynamicsltd.example.com,27,2022-11-25,0
731,Velez Partners Ltd,Automotive,Mid-Market,940,145265000.0,NA,United States,RI,West Cassandra,https://www.velezpartnersltd.example.com,11,2025-01-06,1
732,Vincent Capital LLC,Financial Services,Enterprise,50515,20849254000.0,EMEA,Ireland,,Frankmouth,https://www.vincentcapitalllc.example.com,5,2026-01-22,1
733,Merritt Bioscience Co,Software & SaaS,SMB,19,3895000.0,EMEA,United Kingdom,,North Patrickland,https://www.merrittbioscienceco.example.com,36,2024-03-29,1
734,Brown Holdings LLC,Healthcare,Mid-Market,514,123970000.0,NA,United States,UT,East John,https://www.brownholdingsllc.example.com,39,2021-05-05,1
735,Mills Foods PLC,Real Estate,Enterprise,26921,11079722000.0,APAC,Japan,,Port Belindatown,https://www.millsfoodsplc.example.com,41,2022-05-06,1
736,Valencia Solutions GmbH,Software & SaaS,Mid-Market,673,123392000.0,NA,United States,VT,East Marystad,https://www.valenciasolutionsgmbh.example.com,10,2021-09-29,1
737,Villanueva Cloud PLC,Retail & E-commerce,SMB,17,2327000.0,NA,United States,MN,Michaelhaven,https://www.villanuevacloudplc.example.com,49,2023-12-14,1
738,Hurst Robotics GmbH,Media & Entertainment,SMB,13,1686000.0,NA,Canada,,South Jacqueline,https://www.hurstroboticsgmbh.example.com,53,2023-08-07,1
739,Joyce Foods Ltd,Professional Services,SMB,27,2913000.0,EMEA,France,,Lake Ronniebury,https://www.joycefoodsltd.example.com,21,2026-05-18,1
740,Hart Technologies Corp,Hospitality,SMB,118,24676000.0,APAC,India,,West Kellyland,https://www.harttechnologiescorp.example.com,50,2022-11-09,1
741,Curry Holdings Inc,Financial Services,SMB,152,26080000.0,NA,United States,MN,Barberburgh,https://www.curryholdingsinc.example.com,37,2021-05-28,1
742,Myers Foods Inc,Healthcare,SMB,9,847000.0,NA,Canada,,Chandlerchester,https://www.myersfoodsinc.example.com,31,2023-08-07,1
743,Woods Industries AG,Energy & Utilities,SMB,24,3754000.0,NA,United States,WV,East Joshuaberg,https://www.woodsindustriesag.example.com,43,2022-06-17,1
744,Farrell Works GmbH,Hospitality,SMB,14,1416000.0,EMEA,Sweden,,Gutierrezmouth,https://www.farrellworksgmbh.example.com,57,2021-09-15,1
745,Silva Interactive Corp,Financial Services,Mid-Market,2000,548613000.0,NA,United States,UT,Mccannville,https://www.silvainteractivecorp.example.com,16,2022-06-23,1
746,Branch Labs AG,Telecommunications,SMB,66,10863000.0,NA,United States,MH,West Cassandra,https://www.branchlabsag.example.com,53,2021-12-08,1
747,Bauer Bioscience Group,Financial Services,SMB,39,6090000.0,NA,United States,MS,Guerreroport,https://www.bauerbiosciencegroup.example.com,52,2021-10-11,1
748,Tran Industries PLC,Financial Services,Mid-Market,703,100472000.0,NA,United States,PW,Lake Madisonhaven,https://www.tranindustriesplc.example.com,38,2022-12-30,1
749,Bryan Materials LLC,Healthcare,Mid-Market,652,150770000.0,EMEA,Germany,,Baldwinville,https://www.bryanmaterialsllc.example.com,6,2024-11-25,1
750,Hodges Industries PLC,Professional Services,Enterprise,32017,9477324000.0,EMEA,UAE,,Reillyberg,https://www.hodgesindustriesplc.example.com,7,2025-06-13,1
751,Sullivan Capital Inc,Real Estate,Mid-Market,683,163056000.0,NA,United States,SC,North Ashley,https://www.sullivancapitalinc.example.com,59,2022-01-03,1
752,Gregory Ventures PLC,Retail & E-commerce,Mid-Market,537,66814000.0,NA,Canada,,Baldwinville,https://www.gregoryventuresplc.example.com,17,2022-11-10,1
753,Freeman Holdings Co,Telecommunications,SMB,19,1915000.0,NA,United States,LA,Mosleystad,https://www.freemanholdingsco.example.com,52,2025-02-17,1
754,Ballard Robotics Ltd,Manufacturing,SMB,33,6470000.0,EMEA,Germany,,Freemanville,https://www.ballardroboticsltd.example.com,27,2026-06-10,0
755,Parker Solutions Inc,Financial Services,SMB,22,2730000.0,NA,Canada,,Marymouth,https://www.parkersolutionsinc.example.com,8,2025-03-07,1
756,Garner Ventures Corp,Hospitality,SMB,106,17002000.0,NA,United States,DC,Jensenport,https://www.garnerventurescorp.example.com,43,2023-01-22,1
757,Buckley Systems LLC,Software & SaaS,Enterprise,26866,10094646000.0,EMEA,Ireland,,Smithmouth,https://www.buckleysystemsllc.example.com,4,2025-05-02,1
758,Johnston Systems Ltd,Non-Profit,SMB,47,8135000.0,NA,Canada,,Bradleychester,https://www.johnstonsystemsltd.example.com,17,2024-03-18,1
759,Christian Health Inc,Professional Services,SMB,52,11185000.0,EMEA,United Kingdom,,North Samanthastad,https://www.christianhealthinc.example.com,21,2021-06-08,1
760,Singh Partners AG,Telecommunications,SMB,5,771000.0,NA,United States,MI,South Chad,https://www.singhpartnersag.example.com,55,2021-04-29,1
761,Randolph Capital LLC,Media & Entertainment,SMB,30,6278000.0,NA,United States,MS,Abbottport,https://www.randolphcapitalllc.example.com,33,2025-12-02,1
762,Winters Energy Co,Professional Services,SMB,150,20420000.0,EMEA,UAE,,West Autumnmouth,https://www.wintersenergyco.example.com,32,2025-10-22,1
763,Winters Health AG,Software & SaaS,SMB,85,17125000.0,NA,United States,SC,Sawyerland,https://www.wintershealthag.example.com,14,2022-11-28,1
764,Sherman Ventures Corp,Media & Entertainment,Enterprise,28590,11275629000.0,NA,Canada,,Javierport,https://www.shermanventurescorp.example.com,22,2023-12-13,1
765,Knox Robotics Co,Healthcare,SMB,7,845000.0,APAC,New Zealand,,New Danielleshire,https://www.knoxroboticsco.example.com,23,2022-03-16,1
766,Christian Energy AG,Education,Mid-Market,456,58002000.0,NA,United States,AZ,Port Patriciamouth,https://www.christianenergyag.example.com,51,2024-03-07,1
767,Barajas Networks Inc,Energy & Utilities,Mid-Market,739,134238000.0,APAC,India,,New Megan,https://www.barajasnetworksinc.example.com,13,2022-11-07,1
768,Boyer Ventures Ltd,Financial Services,SMB,24,4367000.0,NA,United States,UT,Sarahfort,https://www.boyerventuresltd.example.com,48,2022-05-24,0
769,Dennis Solutions Ltd,Financial Services,SMB,12,1218000.0,APAC,Japan,,Victormouth,https://www.dennissolutionsltd.example.com,50,2022-10-27,1
770,Sullivan Technologies PLC,Media & Entertainment,Mid-Market,432,104464000.0,APAC,New Zealand,,Lake Madisonhaven,https://www.sullivantechnologiesplc.example.com,13,2022-11-22,1
771,Curry Systems Ltd,Biotech & Pharma,SMB,114,24873000.0,NA,Canada,,Davischester,https://www.currysystemsltd.example.com,24,2025-12-18,1
772,Boyer Systems Co,Energy & Utilities,Enterprise,15736,6374544000.0,EMEA,United Kingdom,,Mcdowellville,https://www.boyersystemsco.example.com,36,2025-06-12,0
773,Waller Labs Co,Retail & E-commerce,SMB,37,7918000.0,EMEA,Spain,,North Samanthastad,https://www.wallerlabsco.example.com,21,2021-10-05,1
774,Howard Energy Group,Biotech & Pharma,Mid-Market,567,177202000.0,NA,Canada,,Simmonsstad,https://www.howardenergygroup.example.com,16,2022-02-04,1
775,Holder Health Corp,Professional Services,Mid-Market,349,48217000.0,NA,Canada,,Jenkinsburgh,https://www.holderhealthcorp.example.com,8,2022-03-09,1
776,Freeman Analytics AG,Telecommunications,SMB,17,2507000.0,LATAM,Argentina,,West Jacqueline,https://www.freemananalyticsag.example.com,44,2021-01-20,1
777,Washington Energy Ltd,Retail & E-commerce,SMB,32,5060000.0,EMEA,France,,Arthurton,https://www.washingtonenergyltd.example.com,4,2023-03-28,1
778,Greer Energy PLC,Retail & E-commerce,Enterprise,19162,7034222000.0,LATAM,Brazil,,North Markville,https://www.greerenergyplc.example.com,44,2022-12-29,1
779,Spears Metrics LLC,Healthcare,SMB,5,839000.0,APAC,Australia,,Mejiabury,https://www.spearsmetricsllc.example.com,23,2021-06-20,1
780,Young Works Corp,Professional Services,SMB,14,1761000.0,APAC,New Zealand,,Port Tonihaven,https://www.youngworkscorp.example.com,41,2026-06-15,1
781,Hull Analytics LLC,Healthcare,SMB,32,5686000.0,EMEA,Netherlands,,Jensenport,https://www.hullanalyticsllc.example.com,7,2024-07-18,1
782,Parsons Digital AG,Telecommunications,SMB,59,10668000.0,EMEA,United Kingdom,,West Justin,https://www.parsonsdigitalag.example.com,3,2021-09-21,1
783,Armstrong Interactive AG,Government & Public Sector,Mid-Market,685,178533000.0,APAC,Australia,,Abbottport,https://www.armstronginteractiveag.example.com,41,2024-03-14,1
784,Rocha Solutions Corp,Logistics & Transportation,Mid-Market,980,253372000.0,EMEA,Spain,,South Jonathanbury,https://www.rochasolutionscorp.example.com,58,2022-05-11,0
785,Wilkinson Materials Corp,Financial Services,SMB,7,1108000.0,NA,United States,IL,New Jasminefort,https://www.wilkinsonmaterialscorp.example.com,11,2023-10-17,1
786,Conway Analytics PLC,Software & SaaS,Mid-Market,539,136849000.0,EMEA,Sweden,,New Megan,https://www.conwayanalyticsplc.example.com,32,2022-12-14,1
787,Ali Logistics LLC,Energy & Utilities,SMB,23,2512000.0,NA,Canada,,Kennethland,https://www.alilogisticsllc.example.com,8,2021-07-08,1
788,Barber Works Ltd,Financial Services,SMB,67,14036000.0,LATAM,Brazil,,Laurenborough,https://www.barberworksltd.example.com,40,2022-11-30,1
789,Solis Foods LLC,Software & SaaS,SMB,10,1050000.0,EMEA,France,,Mclaughlinmouth,https://www.solisfoodsllc.example.com,18,2026-02-28,1
790,Doyle Partners Co,Manufacturing,Enterprise,53569,25287231000.0,EMEA,Netherlands,,Kennethland,https://www.doylepartnersco.example.com,18,2024-06-17,1
791,Hobbs Works PLC,Media & Entertainment,SMB,37,6356000.0,NA,Canada,,Alvarezshire,https://www.hobbsworksplc.example.com,22,2023-10-03,1
792,Goodman Technologies PLC,Logistics & Transportation,SMB,33,3412000.0,NA,United States,AS,Lisatown,https://www.goodmantechnologiesplc.example.com,14,2025-02-19,1
793,Freeman Industries LLC,Financial Services,SMB,114,12425000.0,NA,United States,LA,Livingstonview,https://www.freemanindustriesllc.example.com,2,2025-01-02,1
794,Chen Ventures Group,Media & Entertainment,Mid-Market,200,44646000.0,EMEA,Sweden,,Robbinsstad,https://www.chenventuresgroup.example.com,3,2025-06-20,1
795,Hill Health Corp,Manufacturing,SMB,26,2409000.0,EMEA,Spain,,New Anna,https://www.hillhealthcorp.example.com,21,2021-06-02,1
796,Velasquez Partners PLC,Retail & E-commerce,SMB,27,3705000.0,NA,Canada,,North Courtney,https://www.velasquezpartnersplc.example.com,47,2021-06-24,0
797,Gutierrez Partners Group,Government & Public Sector,Mid-Market,984,308351000.0,NA,Canada,,Myersshire,https://www.gutierrezpartnersgroup.example.com,52,2024-10-28,1
798,Russell Capital Co,Software & SaaS,SMB,60,10389000.0,EMEA,Sweden,,Mathewport,https://www.russellcapitalco.example.com,3,2026-07-02,1
799,Owen Technologies Group,Logistics & Transportation,SMB,11,1736000.0,NA,United States,OR,Rhodesmouth,https://www.owentechnologiesgroup.example.com,52,2023-05-29,1
800,Rubio Labs Corp,Financial Services,SMB,26,4620000.0,APAC,Australia,,Port Kirk,https://www.rubiolabscorp.example.com,50,2026-03-09,1
801,Mcbride Labs Co,Financial Services,SMB,22,3911000.0,APAC,Australia,,Williamshire,https://www.mcbridelabsco.example.com,41,2023-12-14,1
802,Hanna Logistics LLC,Education,SMB,28,3030000.0,EMEA,United Kingdom,,New Joanne,https://www.hannalogisticsllc.example.com,45,2021-04-30,1
803,Ellis Dynamics Inc,Energy & Utilities,Mid-Market,692,152486000.0,NA,Canada,,Angelamouth,https://www.ellisdynamicsinc.example.com,49,2025-10-29,1
804,Fleming Dynamics LLC,Media & Entertainment,Mid-Market,300,86298000.0,NA,Canada,,North Michael,https://www.flemingdynamicsllc.example.com,11,2025-02-05,1
805,Little Foods Co,Biotech & Pharma,Mid-Market,1129,194757000.0,APAC,Australia,,Lewisbury,https://www.littlefoodsco.example.com,41,2023-04-05,1
806,Hess Digital LLC,Professional Services,Enterprise,64602,16122559000.0,LATAM,Mexico,,Crawfordberg,https://www.hessdigitalllc.example.com,44,2024-06-08,1
807,Hicks Labs Inc,Financial Services,SMB,59,5750000.0,NA,Canada,,Stevenland,https://www.hickslabsinc.example.com,12,2022-05-30,0
808,Haney Partners GmbH,Education,SMB,47,8051000.0,EMEA,Sweden,,Port Belindatown,https://www.haneypartnersgmbh.example.com,6,2023-09-14,1
809,Vaughn Capital AG,Education,Enterprise,8941,1610189000.0,NA,United States,ME,Phillipston,https://www.vaughncapitalag.example.com,49,2022-09-13,1
810,Mueller Interactive Co,Education,SMB,18,3149000.0,NA,Canada,,Port Brenda,https://www.muellerinteractiveco.example.com,2,2023-03-22,1
811,Terry Bioscience Ltd,Retail & E-commerce,Mid-Market,221,62159000.0,LATAM,Brazil,,Whitehaven,https://www.terrybioscienceltd.example.com,40,2023-10-25,1
812,Villanueva Solutions LLC,Biotech & Pharma,Mid-Market,1385,442243000.0,APAC,India,,Port Scott,https://www.villanuevasolutionsllc.example.com,13,2021-03-18,1
813,Mills Bioscience Inc,Retail & E-commerce,SMB,35,5683000.0,LATAM,Argentina,,Reillyberg,https://www.millsbioscienceinc.example.com,40,2021-05-17,1
814,Boyer Ventures Inc,Professional Services,SMB,96,11707000.0,NA,Canada,,Ryanburgh,https://www.boyerventuresinc.example.com,43,2021-04-27,1
815,Whitaker Logistics LLC,Retail & E-commerce,SMB,16,3126000.0,NA,United States,MN,Robertafurt,https://www.whitakerlogisticsllc.example.com,11,2023-07-28,1
816,Joseph Robotics LLC,Professional Services,SMB,35,3494000.0,APAC,Japan,,Proctorberg,https://www.josephroboticsllc.example.com,50,2022-09-13,1
817,Hardy Analytics PLC,Manufacturing,SMB,27,4649000.0,EMEA,France,,Campbellport,https://www.hardyanalyticsplc.example.com,4,2023-02-03,1
818,Hobbs Holdings PLC,Software & SaaS,SMB,30,3170000.0,NA,United States,MP,Livingstonview,https://www.hobbsholdingsplc.example.com,8,2023-02-03,1
819,Bowers Ventures PLC,Retail & E-commerce,Mid-Market,605,182720000.0,NA,United States,AL,Jaredshire,https://www.bowersventuresplc.example.com,47,2021-03-03,1
820,Nichols Materials Group,Logistics & Transportation,Enterprise,19127,9687849000.0,NA,Canada,,Victormouth,https://www.nicholsmaterialsgroup.example.com,43,2024-10-18,1
821,Barnes Technologies Corp,Software & SaaS,Mid-Market,200,36163000.0,EMEA,Netherlands,,North Michael,https://www.barnestechnologiescorp.example.com,4,2024-03-06,1
822,Phelps Systems Corp,Energy & Utilities,SMB,9,1576000.0,APAC,Australia,,New Megan,https://www.phelpssystemscorp.example.com,23,2024-02-06,1
823,Shepard Networks LLC,Hospitality,SMB,91,13132000.0,NA,Canada,,New Philip,https://www.shepardnetworksllc.example.com,9,2021-02-24,1
824,Holloway Works Co,Hospitality,SMB,17,3117000.0,NA,United States,IL,Port Patriciamouth,https://www.hollowayworksco.example.com,8,2023-11-24,1
825,Hart Robotics Co,Manufacturing,SMB,68,6581000.0,NA,Canada,,Sawyerland,https://www.hartroboticsco.example.com,52,2023-02-03,1
826,Nunez Robotics LLC,Manufacturing,Enterprise,41962,7631383000.0,EMEA,France,,Ellisville,https://www.nunezroboticsllc.example.com,1,2024-07-16,1
827,Spears Health Group,Hospitality,SMB,19,3081000.0,NA,Canada,,Wilsonfort,https://www.spearshealthgroup.example.com,16,2021-05-18,1
828,Branch Digital Co,Automotive,SMB,19,2068000.0,NA,United States,MH,Sawyerland,https://www.branchdigitalco.example.com,55,2024-06-13,1
829,Huynh Solutions Inc,Software & SaaS,Mid-Market,722,208825000.0,EMEA,France,,Evansberg,https://www.huynhsolutionsinc.example.com,19,2026-02-28,1
830,Garza Works Ltd,Software & SaaS,SMB,78,13939000.0,NA,Canada,,North Terri,https://www.garzaworksltd.example.com,31,2025-03-11,1
831,Allen Solutions Corp,Software & SaaS,SMB,66,6969000.0,EMEA,Germany,,Mcdanielfurt,https://www.allensolutionscorp.example.com,3,2025-07-08,1
832,Alexander Health PLC,Retail & E-commerce,SMB,36,3584000.0,EMEA,France,,Lake Saraburgh,https://www.alexanderhealthplc.example.com,3,2021-04-15,1
833,Liu Bioscience PLC,Professional Services,Mid-Market,466,64798000.0,NA,United States,IN,Theresaborough,https://www.liubioscienceplc.example.com,59,2023-03-27,1
834,Richards Health Corp,Software & SaaS,Mid-Market,416,106305000.0,EMEA,Spain,,Jensenstad,https://www.richardshealthcorp.example.com,6,2021-12-17,1
835,Mckinney Cloud Corp,Energy & Utilities,SMB,55,10049000.0,EMEA,Germany,,South Shawnfort,https://www.mckinneycloudcorp.example.com,32,2023-04-25,1
836,Dunlap Technologies Co,Financial Services,Enterprise,91731,44495409000.0,EMEA,Ireland,,Port Carloschester,https://www.dunlaptechnologiesco.example.com,6,2024-03-18,1
837,Humphrey Health Inc,Software & SaaS,Mid-Market,363,68400000.0,EMEA,Netherlands,,South Joseshire,https://www.humphreyhealthinc.example.com,20,2024-06-13,1
838,White Analytics LLC,Media & Entertainment,Mid-Market,574,144495000.0,NA,United States,ME,Rodriguezside,https://www.whiteanalyticsllc.example.com,53,2026-06-19,1
839,Sherman Robotics LLC,Media & Entertainment,SMB,25,2456000.0,NA,United States,OH,Pageberg,https://www.shermanroboticsllc.example.com,35,2026-02-11,1
840,Burke Technologies Group,Healthcare,SMB,31,3695000.0,NA,Canada,,East Ralphshire,https://www.burketechnologiesgroup.example.com,10,2021-12-17,1
841,Mueller Health Ltd,Healthcare,Mid-Market,439,88875000.0,NA,Canada,,Wilsonfort,https://www.muellerhealthltd.example.com,52,2025-09-23,1
842,Montoya Logistics Group,Manufacturing,SMB,19,3747000.0,NA,United States,AZ,Port Christina,https://www.montoyalogisticsgroup.example.com,24,2025-06-11,1
843,Hamilton Labs Co,Biotech & Pharma,SMB,62,12106000.0,NA,United States,MP,Lake Madisonhaven,https://www.hamiltonlabsco.example.com,16,2024-04-23,1
844,Hall Bioscience PLC,Hospitality,Mid-Market,200,24361000.0,EMEA,Sweden,,Hugheshaven,https://www.hallbioscienceplc.example.com,20,2021-12-29,1
845,Pham Metrics PLC,Logistics & Transportation,SMB,18,3619000.0,NA,Canada,,Debbieview,https://www.phammetricsplc.example.com,34,2021-09-27,1
846,Wallace Technologies Co,Construction,Mid-Market,1641,272825000.0,APAC,Japan,,Kimberlybury,https://www.wallacetechnologiesco.example.com,56,2022-10-18,1
847,Gardner Solutions Ltd,Media & Entertainment,Enterprise,85095,32372059000.0,EMEA,United Kingdom,,East Angela,https://www.gardnersolutionsltd.example.com,32,2021-03-02,1
848,Villanueva Dynamics Corp,Software & SaaS,Mid-Market,526,67579000.0,NA,United States,PW,Vasquezburgh,https://www.villanuevadynamicscorp.example.com,24,2022-02-14,1
849,Shields Capital Co,Retail & E-commerce,SMB,96,12710000.0,EMEA,Germany,,Meganchester,https://www.shieldscapitalco.example.com,1,2021-04-13,1
850,Bartlett Metrics GmbH,Government & Public Sector,Mid-Market,365,74991000.0,NA,United States,TX,Phillipston,https://www.bartlettmetricsgmbh.example.com,43,2023-03-17,1
851,Fleming Solutions Co,Energy & Utilities,SMB,24,3808000.0,APAC,New Zealand,,South Frances,https://www.flemingsolutionsco.example.com,50,2023-09-15,1
852,Hubbard Ventures Corp,Construction,Mid-Market,271,78052000.0,APAC,Singapore,,West Shannon,https://www.hubbardventurescorp.example.com,56,2021-06-04,1
853,Nixon Capital AG,Logistics & Transportation,Mid-Market,1127,301584000.0,APAC,India,,Millermouth,https://www.nixoncapitalag.example.com,56,2025-05-14,1
854,Dawson Ventures AG,Non-Profit,Mid-Market,238,66112000.0,EMEA,UAE,,Bishopview,https://www.dawsonventuresag.example.com,60,2021-05-18,1
855,Hodges Energy GmbH,Real Estate,SMB,32,6097000.0,APAC,Japan,,North Williamhaven,https://www.hodgesenergygmbh.example.com,23,2022-08-12,1
856,Boyer Energy GmbH,Professional Services,SMB,55,5929000.0,EMEA,Ireland,,West Michellefort,https://www.boyerenergygmbh.example.com,3,2023-02-06,1
857,Bridges Foods Corp,Automotive,SMB,32,5893000.0,APAC,Singapore,,Lake Madisonhaven,https://www.bridgesfoodscorp.example.com,23,2023-06-28,1
858,Houston Foods AG,Healthcare,SMB,25,2567000.0,NA,United States,FL,Cunninghamview,https://www.houstonfoodsag.example.com,16,2022-04-04,1
859,Moore Ventures Ltd,Education,SMB,30,6262000.0,APAC,India,,Reillyberg,https://www.mooreventuresltd.example.com,56,2024-03-28,1
860,Hunt Industries AG,Healthcare,SMB,61,10544000.0,EMEA,United Kingdom,,Pageberg,https://www.huntindustriesag.example.com,60,2022-05-12,1
861,Harrison Materials Inc,Hospitality,SMB,19,2928000.0,NA,Canada,,East Ericbury,https://www.harrisonmaterialsinc.example.com,53,2021-12-24,1
862,Kline Analytics Inc,Media & Entertainment,Mid-Market,699,196727000.0,LATAM,Argentina,,Alexandrachester,https://www.klineanalyticsinc.example.com,44,2022-11-17,1
863,Morgan Materials Inc,Financial Services,Enterprise,12310,6041090000.0,EMEA,UAE,,New Michaelside,https://www.morganmaterialsinc.example.com,7,2021-06-08,1
864,Peters Dynamics AG,Retail & E-commerce,SMB,28,4284000.0,APAC,India,,East Douglas,https://www.petersdynamicsag.example.com,56,2026-03-13,1
865,Lutz Foods Group,Financial Services,Mid-Market,408,79310000.0,NA,Canada,,East Matthew,https://www.lutzfoodsgroup.example.com,10,2023-05-04,1
866,Boyer Materials Inc,Retail & E-commerce,Mid-Market,426,94233000.0,EMEA,Ireland,,Kempshire,https://www.boyermaterialsinc.example.com,20,2021-07-19,1
867,Banks Holdings PLC,Software & SaaS,SMB,31,3521000.0,EMEA,Germany,,New Alanhaven,https://www.banksholdingsplc.example.com,3,2024-10-19,0
868,Graves Logistics GmbH,Construction,SMB,60,8098000.0,NA,Canada,,South Kaylee,https://www.graveslogisticsgmbh.example.com,29,2024-04-16,1
869,Cox Digital AG,Media & Entertainment,Mid-Market,276,61187000.0,EMEA,Germany,,Mcdowellville,https://www.coxdigitalag.example.com,19,2022-10-09,1
870,Lowe Health Ltd,Automotive,Enterprise,58182,21142374000.0,EMEA,Germany,,South Shannonfurt,https://www.lowehealthltd.example.com,57,2026-05-22,1
871,Parsons Capital PLC,Financial Services,Mid-Market,397,56629000.0,NA,United States,PA,North Susanside,https://www.parsonscapitalplc.example.com,55,2023-02-04,1
872,Durham Cloud Ltd,Manufacturing,Enterprise,23365,10644233000.0,EMEA,Ireland,,Leeland,https://www.durhamcloudltd.example.com,42,2021-11-03,1
873,Jenkins Technologies PLC,Biotech & Pharma,Enterprise,48941,20538800000.0,NA,United States,NC,New Katieport,https://www.jenkinstechnologiesplc.example.com,49,2024-10-07,1
874,Daniels Systems Co,Energy & Utilities,SMB,29,5351000.0,APAC,Australia,,East Cheryl,https://www.danielssystemsco.example.com,50,2025-11-06,0
875,Jefferson Health Inc,Software & SaaS,Mid-Market,636,152404000.0,APAC,India,,West Traceyberg,https://www.jeffersonhealthinc.example.com,56,2022-01-05,1
876,Harrell Labs LLC,Government & Public Sector,SMB,122,19559000.0,NA,Canada,,Kanefurt,https://www.harrelllabsllc.example.com,49,2021-01-12,1
877,Acosta Labs AG,Financial Services,Enterprise,40387,14096693000.0,NA,Canada,,West Amy,https://www.acostalabsag.example.com,35,2023-09-04,1
878,Nicholson Partners Inc,Healthcare,SMB,28,4447000.0,NA,Canada,,Port Daniel,https://www.nicholsonpartnersinc.example.com,33,2024-05-15,1
879,French Foods Inc,Telecommunications,SMB,26,3000000.0,NA,Canada,,Jordanport,https://www.frenchfoodsinc.example.com,14,2022-01-03,1
880,Randolph Systems GmbH,Telecommunications,Mid-Market,754,199083000.0,APAC,India,,New Elizabethshire,https://www.randolphsystemsgmbh.example.com,50,2026-03-06,1
881,Norris Industries AG,Energy & Utilities,SMB,27,4853000.0,NA,Canada,,Destinyfurt,https://www.norrisindustriesag.example.com,17,2021-09-02,1
882,Conway Analytics Co,Software & SaaS,Mid-Market,350,84768000.0,NA,Canada,,Oconnorhaven,https://www.conwayanalyticsco.example.com,34,2024-11-01,1
883,Tanner Bioscience LLC,Financial Services,SMB,11,1551000.0,NA,United States,RI,Brooksville,https://www.tannerbiosciencellc.example.com,22,2025-05-21,1
884,Anthony Energy Ltd,Manufacturing,Enterprise,8665,2519752000.0,EMEA,Ireland,,Port Chad,https://www.anthonyenergyltd.example.com,36,2021-09-06,1
885,Mccall Analytics Inc,Manufacturing,Mid-Market,590,158824000.0,APAC,Australia,,Elizabethstad,https://www.mccallanalyticsinc.example.com,13,2023-02-06,1
886,Russo Partners Corp,Software & SaaS,SMB,14,1593000.0,NA,United States,NC,Duffyshire,https://www.russopartnerscorp.example.com,22,2021-02-15,1
887,Lutz Holdings Ltd,Energy & Utilities,Mid-Market,1231,176991000.0,NA,Canada,,Garrettfurt,https://www.lutzholdingsltd.example.com,38,2023-11-06,1
888,Martin Ventures GmbH,Government & Public Sector,SMB,21,4467000.0,NA,United States,AS,Christinachester,https://www.martinventuresgmbh.example.com,39,2023-04-27,1
889,Jimenez Technologies LLC,Automotive,SMB,74,11535000.0,NA,United States,MI,Vasquezburgh,https://www.jimeneztechnologiesllc.example.com,30,2024-09-09,1
890,Beck Holdings Ltd,Professional Services,Mid-Market,200,54456000.0,NA,United States,HI,West Kenneth,https://www.beckholdingsltd.example.com,17,2023-02-06,1
891,Oconnor Bioscience Inc,Financial Services,Mid-Market,629,101664000.0,EMEA,Spain,,West Geoffrey,https://www.oconnorbioscienceinc.example.com,19,2022-06-01,1
892,Watts Solutions Co,Logistics & Transportation,SMB,30,4759000.0,EMEA,France,,Rhodesmouth,https://www.wattssolutionsco.example.com,58,2021-07-05,1
893,Rubio Labs PLC,Non-Profit,SMB,21,4569000.0,NA,Canada,,Ginastad,https://www.rubiolabsplc.example.com,12,2021-03-16,1
894,Beard Industries Inc,Software & SaaS,Mid-Market,309,91268000.0,EMEA,UAE,,Saraport,https://www.beardindustriesinc.example.com,46,2023-03-24,1
895,Davenport Holdings PLC,Financial Services,SMB,79,10873000.0,EMEA,Ireland,,Saraport,https://www.davenportholdingsplc.example.com,7,2025-10-02,1
896,Shea Partners AG,Healthcare,SMB,101,21472000.0,NA,United States,NY,Grahamland,https://www.sheapartnersag.example.com,16,2024-08-02,1
897,Peters Analytics Group,Media & Entertainment,SMB,81,14608000.0,NA,Canada,,South Sean,https://www.petersanalyticsgroup.example.com,22,2022-08-05,1
898,Hampton Analytics PLC,Construction,SMB,16,2757000.0,EMEA,Ireland,,Woodburgh,https://www.hamptonanalyticsplc.example.com,36,2026-05-22,0
899,Doyle Interactive Co,Retail & E-commerce,Mid-Market,287,48499000.0,NA,United States,OH,Lake Sean,https://www.doyleinteractiveco.example.com,55,2021-09-22,1
900,Jacobs Labs AG,Media & Entertainment,SMB,21,2530000.0,APAC,Japan,,North Nichole,https://www.jacobslabsag.example.com,41,2026-07-16,1
901,Avila Partners Ltd,Education,SMB,123,11898000.0,APAC,India,,Thompsonstad,https://www.avilapartnersltd.example.com,23,2021-11-29,1
902,Bowman Energy GmbH,Hospitality,Enterprise,33777,5439085000.0,APAC,Australia,,Jacobsmouth,https://www.bowmanenergygmbh.example.com,13,2021-09-02,1
903,Bird Materials LLC,Healthcare,SMB,37,5436000.0,NA,Canada,,Williammouth,https://www.birdmaterialsllc.example.com,22,2025-03-27,1
904,Sellers Dynamics Group,Education,Mid-Market,769,167948000.0,NA,Canada,,Katelynfurt,https://www.sellersdynamicsgroup.example.com,52,2022-12-12,1
905,Barnes Technologies Corp,Biotech & Pharma,SMB,25,2283000.0,APAC,India,,West Taramouth,https://www.barnestechnologiescorp.example.com,41,2025-06-30,1
906,Marks Holdings AG,Biotech & Pharma,Mid-Market,420,91330000.0,NA,United States,VI,Gonzalezmouth,https://www.marksholdingsag.example.com,31,2024-06-17,1
907,Fleming Networks Ltd,Manufacturing,Mid-Market,253,43964000.0,NA,Canada,,Rodriguezfort,https://www.flemingnetworksltd.example.com,28,2021-08-12,1
908,Reyes Works LLC,Software & SaaS,Mid-Market,1707,328328000.0,EMEA,France,,New Sandra,https://www.reyesworksllc.example.com,19,2021-06-16,1
909,Byrd Analytics GmbH,Biotech & Pharma,SMB,54,5358000.0,NA,Canada,,Lake Peterberg,https://www.byrdanalyticsgmbh.example.com,16,2022-11-08,1
910,Valdez Dynamics Ltd,Biotech & Pharma,SMB,67,11215000.0,EMEA,Spain,,Mendozaberg,https://www.valdezdynamicsltd.example.com,5,2023-05-26,0
911,Booth Robotics Corp,Software & SaaS,Mid-Market,1261,198128000.0,LATAM,Chile,,Georgeside,https://www.boothroboticscorp.example.com,40,2022-09-27,1
912,Sims Works Corp,Software & SaaS,SMB,20,3684000.0,EMEA,Spain,,Port Justin,https://www.simsworkscorp.example.com,42,2021-11-02,1
913,Carter Dynamics PLC,Financial Services,SMB,37,4138000.0,NA,Canada,,Williamsville,https://www.carterdynamicsplc.example.com,47,2021-11-10,1
914,Austin Interactive GmbH,Education,SMB,63,11669000.0,LATAM,Brazil,,North Neil,https://www.austininteractivegmbh.example.com,40,2023-02-23,1
915,Baldwin Works Co,Healthcare,Enterprise,47540,11900493000.0,EMEA,Germany,,Jaredshire,https://www.baldwinworksco.example.com,20,2021-01-25,1
916,Robles Industries GmbH,Financial Services,Mid-Market,200,46804000.0,NA,Canada,,Port Julie,https://www.roblesindustriesgmbh.example.com,49,2022-10-25,1
917,Gray Industries PLC,Professional Services,Mid-Market,209,63245000.0,EMEA,Sweden,,Mejiabury,https://www.grayindustriesplc.example.com,3,2021-02-22,1
918,Hogan Works Inc,Financial Services,Mid-Market,987,180938000.0,NA,United States,SD,West Edwardview,https://www.hoganworksinc.example.com,59,2025-05-12,1
919,Schultz Health GmbH,Construction,SMB,13,2775000.0,NA,United States,PA,Jaimetown,https://www.schultzhealthgmbh.example.com,49,2023-09-21,1
920,Estrada Robotics Ltd,Retail & E-commerce,SMB,31,5785000.0,EMEA,Sweden,,New Melissa,https://www.estradaroboticsltd.example.com,57,2021-08-19,1
921,Marquez Partners Co,Retail & E-commerce,SMB,13,2496000.0,NA,United States,AR,New Jessica,https://www.marquezpartnersco.example.com,9,2024-08-12,1
922,Frazier Cloud Ltd,Biotech & Pharma,Mid-Market,510,113022000.0,NA,United States,WI,Tylerland,https://www.fraziercloudltd.example.com,52,2023-01-18,1
923,Benitez Partners Inc,Software & SaaS,SMB,15,2716000.0,EMEA,Sweden,,Davischester,https://www.benitezpartnersinc.example.com,36,2023-02-24,1
924,Yu Industries AG,Software & SaaS,Mid-Market,1948,569549000.0,NA,Canada,,Padillatown,https://www.yuindustriesag.example.com,35,2021-12-28,1
925,Hardy Bioscience GmbH,Retail & E-commerce,Mid-Market,1004,211342000.0,EMEA,France,,South Jennifer,https://www.hardybiosciencegmbh.example.com,32,2022-08-07,1
926,Sims Digital AG,Media & Entertainment,SMB,20,2384000.0,NA,Canada,,Lake Meganville,https://www.simsdigitalag.example.com,30,2025-05-27,1
927,Hopkins Energy Ltd,Logistics & Transportation,SMB,45,6161000.0,EMEA,Spain,,New Karenside,https://www.hopkinsenergyltd.example.com,60,2021-07-25,1
928,Stark Works Group,Construction,SMB,24,5122000.0,APAC,New Zealand,,Jordanport,https://www.starkworksgroup.example.com,41,2023-09-27,1
929,Church Health Ltd,Automotive,Enterprise,22025,11070559000.0,NA,Canada,,Maryberg,https://www.churchhealthltd.example.com,16,2021-11-09,1
930,Lutz Labs Group,Software & SaaS,Enterprise,18588,4817383000.0,EMEA,UAE,,West Nicholasfurt,https://www.lutzlabsgroup.example.com,45,2022-11-03,1
931,Hardin Energy Co,Financial Services,Enterprise,6879,2962557000.0,NA,United States,MO,Lake Melissa,https://www.hardinenergyco.example.com,30,2023-03-30,1
932,Young Materials GmbH,Logistics & Transportation,SMB,19,3343000.0,NA,Canada,,Ellisville,https://www.youngmaterialsgmbh.example.com,48,2021-06-16,1
933,Goodman Technologies LLC,Construction,SMB,32,6162000.0,NA,Canada,,North Logan,https://www.goodmantechnologiesllc.example.com,34,2021-04-20,1
934,Rivera Analytics Co,Healthcare,SMB,13,2807000.0,NA,Canada,,New Anna,https://www.riveraanalyticsco.example.com,10,2022-12-30,1
935,King Cloud Co,Manufacturing,SMB,43,5164000.0,NA,United States,NM,Smithfort,https://www.kingcloudco.example.com,43,2022-09-07,1
936,Herrera Analytics AG,Financial Services,SMB,73,9623000.0,EMEA,Sweden,,Arthurton,https://www.herreraanalyticsag.example.com,60,2025-10-10,1
937,Parker Ventures Co,Construction,SMB,29,5041000.0,EMEA,Ireland,,West Angela,https://www.parkerventuresco.example.com,45,2024-03-01,1
938,Mullen Works Corp,Financial Services,Enterprise,37338,12809142000.0,LATAM,Argentina,,Priceside,https://www.mullenworkscorp.example.com,44,2025-07-18,1
939,Joyce Bioscience Corp,Media & Entertainment,SMB,27,2515000.0,APAC,Singapore,,South Stevenland,https://www.joycebiosciencecorp.example.com,50,2025-11-05,1
940,Bates Bioscience Group,Software & SaaS,SMB,41,6735000.0,NA,United States,WI,Loritown,https://www.batesbiosciencegroup.example.com,48,2021-02-01,1
941,Best Foods LLC,Media & Entertainment,Mid-Market,791,226425000.0,NA,Canada,,Michaelton,https://www.bestfoodsllc.example.com,38,2025-06-02,1
942,Mcneil Holdings PLC,Manufacturing,SMB,6,1171000.0,NA,Canada,,Lake Darlenemouth,https://www.mcneilholdingsplc.example.com,14,2026-02-16,1
943,Bates Partners PLC,Media & Entertainment,Mid-Market,293,61318000.0,EMEA,Ireland,,South Sarahberg,https://www.batespartnersplc.example.com,5,2022-11-17,1
944,Mendez Metrics LLC,Software & SaaS,Mid-Market,914,190156000.0,APAC,Singapore,,Bryanfort,https://www.mendezmetricsllc.example.com,50,2023-10-24,1
945,Tapia Robotics Co,Software & SaaS,Mid-Market,242,36650000.0,NA,United States,VT,New Stephaniefurt,https://www.tapiaroboticsco.example.com,17,2022-05-19,1
946,Romero Industries PLC,Software & SaaS,Mid-Market,1683,244028000.0,NA,Canada,,Ianburgh,https://www.romeroindustriesplc.example.com,29,2021-05-19,1
947,Palmer Works PLC,Professional Services,SMB,47,7960000.0,NA,Canada,,Port Carloschester,https://www.palmerworksplc.example.com,51,2022-01-06,1
948,Figueroa Networks Inc,Telecommunications,Mid-Market,868,210316000.0,APAC,Australia,,West Stephanie,https://www.figueroanetworksinc.example.com,23,2021-04-23,1
949,Neal Dynamics Inc,Software & SaaS,SMB,200,25680000.0,NA,United States,UT,Port Kirk,https://www.nealdynamicsinc.example.com,48,2023-01-05,1
950,Coleman Materials Inc,Healthcare,SMB,28,5156000.0,EMEA,France,,Baileystad,https://www.colemanmaterialsinc.example.com,21,2023-11-29,1
951,Valentine Ventures Co,Retail & E-commerce,SMB,28,3052000.0,NA,Canada,,Lisatown,https://www.valentineventuresco.example.com,10,2021-01-09,1
952,Bowman Materials AG,Software & SaaS,SMB,55,11348000.0,NA,Canada,,Angelatown,https://www.bowmanmaterialsag.example.com,9,2021-11-26,1
953,Lynch Materials Inc,Professional Services,Mid-Market,340,97059000.0,NA,United States,KY,New Donna,https://www.lynchmaterialsinc.example.com,8,2021-04-13,1
954,Kelley Health PLC,Manufacturing,SMB,108,11137000.0,EMEA,Spain,,East Kristen,https://www.kelleyhealthplc.example.com,27,2026-03-12,1
955,Best Networks PLC,Energy & Utilities,SMB,65,13147000.0,EMEA,Spain,,Port Stacey,https://www.bestnetworksplc.example.com,7,2024-11-07,1
956,Collins Partners AG,Education,SMB,6,928000.0,NA,United States,NC,New Whitney,https://www.collinspartnersag.example.com,53,2021-02-18,1
957,Peters Logistics Ltd,Non-Profit,Mid-Market,1156,170026000.0,NA,Canada,,Kellerside,https://www.peterslogisticsltd.example.com,51,2024-12-04,1
958,Mclaughlin Works AG,Real Estate,SMB,48,6995000.0,NA,United States,CA,Stevenland,https://www.mclaughlinworksag.example.com,15,2024-12-30,1
959,Charles Foods Co,Software & SaaS,Mid-Market,2000,604038000.0,NA,United States,VI,Rodriguezview,https://www.charlesfoodsco.example.com,53,2024-11-13,1
960,Carlson Industries Group,Financial Services,Mid-Market,537,102984000.0,NA,United States,NC,Port Adrianashire,https://www.carlsonindustriesgroup.example.com,30,2025-05-28,1
961,Nixon Metrics AG,Retail & E-commerce,SMB,200,31017000.0,NA,United States,AS,Lake Lisabury,https://www.nixonmetricsag.example.com,22,2022-12-12,1
962,Newton Energy Co,Software & SaaS,Mid-Market,955,195824000.0,EMEA,UAE,,Jamestown,https://www.newtonenergyco.example.com,18,2021-12-09,1
963,Herrera Digital Group,Manufacturing,SMB,50,5801000.0,APAC,India,,North Neil,https://www.herreradigitalgroup.example.com,56,2025-05-05,1
964,Andrews Interactive Ltd,Construction,SMB,13,1943000.0,EMEA,France,,South Amandaville,https://www.andrewsinteractiveltd.example.com,32,2025-01-22,1
965,Atkinson Cloud Corp,Financial Services,Mid-Market,457,136593000.0,EMEA,Germany,,South Shannonfurt,https://www.atkinsoncloudcorp.example.com,20,2022-01-28,1
966,Casey Robotics PLC,Telecommunications,Enterprise,26150,7088354000.0,LATAM,Argentina,,Simsburgh,https://www.caseyroboticsplc.example.com,44,2023-06-26,0
967,Bates Analytics PLC,Healthcare,SMB,39,7818000.0,LATAM,Chile,,Andersonborough,https://www.batesanalyticsplc.example.com,40,2023-05-18,1
968,Marshall Ventures Inc,Software & SaaS,SMB,12,2329000.0,NA,Canada,,Whitneyberg,https://www.marshallventuresinc.example.com,43,2023-01-07,1
969,Henderson Solutions Co,Software & SaaS,SMB,79,8785000.0,NA,United States,CA,Gregoryhaven,https://www.hendersonsolutionsco.example.com,9,2023-09-02,1
970,Daniel Capital GmbH,Software & SaaS,SMB,15,2663000.0,NA,Canada,,Alvarezburgh,https://www.danielcapitalgmbh.example.com,11,2021-04-29,1
971,Mckinney Analytics Ltd,Healthcare,Mid-Market,674,201701000.0,APAC,New Zealand,,North Jenniferchester,https://www.mckinneyanalyticsltd.example.com,41,2022-11-21,1
972,Payne Holdings PLC,Construction,SMB,33,6646000.0,NA,United States,MA,Millsland,https://www.payneholdingsplc.example.com,16,2022-02-07,1
973,Christian Ventures AG,Education,Mid-Market,204,45894000.0,NA,United States,HI,Davidshire,https://www.christianventuresag.example.com,35,2021-01-05,1
974,Montoya Industries Corp,Software & SaaS,SMB,16,3145000.0,EMEA,Spain,,Frankmouth,https://www.montoyaindustriescorp.example.com,4,2023-03-10,0
975,Brooks Health PLC,Software & SaaS,Mid-Market,632,110823000.0,EMEA,Spain,,Ericland,https://www.brookshealthplc.example.com,32,2022-06-15,1
976,Mcpherson Robotics Inc,Construction,Mid-Market,653,100815000.0,EMEA,Sweden,,Mendozaberg,https://www.mcphersonroboticsinc.example.com,32,2022-10-10,1
977,Harmon Technologies LLC,Financial Services,Mid-Market,2000,348632000.0,EMEA,Spain,,Rojastown,https://www.harmontechnologiesllc.example.com,54,2021-06-04,1
978,Browning Interactive PLC,Healthcare,SMB,20,2907000.0,EMEA,Sweden,,Port Patriciamouth,https://www.browninginteractiveplc.example.com,4,2023-02-15,1
979,Ryan Ventures LLC,Hospitality,SMB,96,9240000.0,APAC,New Zealand,,Angelaland,https://www.ryanventuresllc.example.com,41,2022-01-20,1
980,Cole Labs GmbH,Logistics & Transportation,SMB,34,7176000.0,NA,United States,OH,East Kristen,https://www.colelabsgmbh.example.com,49,2021-01-01,1
981,Rodriguez Capital GmbH,Financial Services,SMB,20,2829000.0,APAC,Singapore,,North Timothyport,https://www.rodriguezcapitalgmbh.example.com,13,2024-09-11,1
982,Hamilton Industries AG,Energy & Utilities,SMB,13,1780000.0,EMEA,United Kingdom,,South Emily,https://www.hamiltonindustriesag.example.com,21,2023-10-05,1
983,Ortega Health Inc,Manufacturing,SMB,7,1321000.0,NA,Canada,,Annborough,https://www.ortegahealthinc.example.com,31,2023-03-23,1
984,Peck Energy Group,Media & Entertainment,Mid-Market,200,55225000.0,LATAM,Colombia,,Lake Darlenemouth,https://www.peckenergygroup.example.com,44,2023-09-25,1
985,Holt Health Co,Software & SaaS,SMB,12,1492000.0,APAC,Australia,,Davisstad,https://www.holthealthco.example.com,56,2022-04-12,1
986,Nixon Cloud Inc,Government & Public Sector,Mid-Market,512,94678000.0,APAC,Japan,,New Donna,https://www.nixoncloudinc.example.com,23,2021-06-17,1
987,Huber Materials AG,Media & Entertainment,SMB,34,6750000.0,APAC,Japan,,Larsonbury,https://www.hubermaterialsag.example.com,13,2022-06-06,1
988,Mendoza Industries AG,Software & SaaS,Mid-Market,1661,430053000.0,NA,Canada,,East Kristen,https://www.mendozaindustriesag.example.com,28,2024-09-30,1
989,Dawson Works PLC,Logistics & Transportation,SMB,65,6493000.0,NA,Canada,,West Steven,https://www.dawsonworksplc.example.com,34,2023-09-01,0
990,Holt Digital Group,Manufacturing,SMB,20,3726000.0,NA,United States,OH,Sawyerland,https://www.holtdigitalgroup.example.com,2,2024-10-07,1
991,Cardenas Foods LLC,Non-Profit,SMB,102,21986000.0,APAC,Australia,,North Ashley,https://www.cardenasfoodsllc.example.com,56,2025-08-11,1
992,Hoffman Logistics GmbH,Software & SaaS,Enterprise,11197,5786538000.0,APAC,Australia,,Schwartzmouth,https://www.hoffmanlogisticsgmbh.example.com,56,2021-12-21,1
993,Alvarez Metrics PLC,Healthcare,SMB,18,3950000.0,LATAM,Colombia,,Kennethland,https://www.alvarezmetricsplc.example.com,40,2025-09-19,1
994,Hines Cloud AG,Real Estate,SMB,26,5462000.0,APAC,Singapore,,West Kellyland,https://www.hinescloudag.example.com,23,2023-12-13,1
995,Spears Cloud Corp,Financial Services,SMB,14,2845000.0,EMEA,UAE,,Markshire,https://www.spearscloudcorp.example.com,58,2023-05-25,1
996,Hale Industries LLC,Healthcare,Mid-Market,527,83814000.0,NA,United States,NY,Lake William,https://www.haleindustriesllc.example.com,37,2023-02-09,1
997,Klein Bioscience AG,Real Estate,SMB,66,8333000.0,NA,United States,MT,North Kathyfort,https://www.kleinbioscienceag.example.com,48,2022-12-12,1
998,Solis Capital Inc,Telecommunications,SMB,152,32781000.0,NA,United States,FM,North Lisa,https://www.soliscapitalinc.example.com,26,2021-04-13,1
999,Adams Analytics Ltd,Manufacturing,SMB,8,1685000.0,EMEA,France,,Padillatown,https://www.adamsanalyticsltd.example.com,7,2021-03-19,1
1000,Norton Cloud Co,Retail & E-commerce,Enterprise,17512,3098062000.0,NA,United States,RI,South Rebeccaton,https://www.nortoncloudco.example.com,37,2022-04-25,1
1001,Liu Digital Co,Logistics & Transportation,SMB,24,3827000.0,APAC,Australia,,Jamesland,https://www.liudigitalco.example.com,41,2021-10-20,1
1002,Graves Digital Corp,Government & Public Sector,SMB,81,11524000.0,EMEA,Germany,,Ramirezshire,https://www.gravesdigitalcorp.example.com,45,2021-05-03,1
1003,Erickson Industries Inc,Energy & Utilities,Enterprise,25107,9278236000.0,NA,United States,MT,Ebonyfort,https://www.ericksonindustriesinc.example.com,17,2021-02-09,1
1004,Mckee Bioscience Ltd,Media & Entertainment,SMB,10,1042000.0,APAC,Australia,,Gregoryhaven,https://www.mckeebioscienceltd.example.com,56,2026-04-30,1
1005,Hooper Analytics Group,Professional Services,SMB,48,8006000.0,EMEA,Ireland,,New Jessica,https://www.hooperanalyticsgroup.example.com,18,2021-11-02,1
1006,Henry Industries LLC,Healthcare,SMB,79,14305000.0,EMEA,Ireland,,New Sandra,https://www.henryindustriesllc.example.com,5,2026-05-27,1
1007,Novak Robotics Corp,Retail & E-commerce,SMB,33,4703000.0,NA,United States,FL,Port Courtney,https://www.novakroboticscorp.example.com,53,2023-04-24,1
1008,Hernandez Technologies Group,Energy & Utilities,SMB,47,6711000.0,NA,United States,TN,East Charles,https://www.hernandeztechnologiesgro.example.com,14,2021-10-01,1
1009,Sanchez Solutions PLC,Manufacturing,SMB,118,19415000.0,NA,United States,WY,South Joseshire,https://www.sanchezsolutionsplc.example.com,11,2021-07-21,1
1010,Flowers Materials Corp,Retail & E-commerce,Mid-Market,556,119930000.0,EMEA,Sweden,,North Ginamouth,https://www.flowersmaterialscorp.example.com,45,2021-10-15,1
1011,Parsons Robotics Co,Financial Services,Mid-Market,338,64362000.0,EMEA,Spain,,North Peterburgh,https://www.parsonsroboticsco.example.com,46,2022-06-14,0
1012,Mathews Interactive Co,Education,SMB,136,12731000.0,LATAM,Chile,,Rodriguezview,https://www.mathewsinteractiveco.example.com,44,2021-10-22,1
1013,Thornton Interactive GmbH,Education,SMB,30,6436000.0,APAC,New Zealand,,Port Stacey,https://www.thorntoninteractivegmbh.example.com,50,2024-12-31,1
1014,Hernandez Dynamics Inc,Hospitality,SMB,21,2681000.0,NA,Canada,,Mcdanielfurt,https://www.hernandezdynamicsinc.example.com,53,2022-06-17,1
1015,Dennis Industries Inc,Software & SaaS,Enterprise,14707,4796637000.0,LATAM,Mexico,,New David,https://www.dennisindustriesinc.example.com,40,2023-03-22,1
1016,Herman Bioscience GmbH,Government & Public Sector,SMB,15,1625000.0,NA,United States,MD,Glennshire,https://www.hermanbiosciencegmbh.example.com,30,2023-02-06,1
1017,Newton Cloud Group,Software & SaaS,Mid-Market,314,69307000.0,NA,Canada,,North Joyside,https://www.newtoncloudgroup.example.com,26,2023-12-08,1
1018,Hopkins Analytics PLC,Real Estate,SMB,65,5896000.0,EMEA,United Kingdom,,Ellisville,https://www.hopkinsanalyticsplc.example.com,58,2026-07-15,1
1019,Tate Energy Ltd,Media & Entertainment,Mid-Market,200,46798000.0,APAC,India,,Port Brenda,https://www.tateenergyltd.example.com,41,2022-11-02,1
1020,Cervantes Solutions PLC,Manufacturing,SMB,11,2215000.0,LATAM,Mexico,,Martinezside,https://www.cervantessolutionsplc.example.com,44,2022-04-11,1
1021,Frye Interactive Ltd,Biotech & Pharma,Mid-Market,394,125366000.0,APAC,New Zealand,,Grahamland,https://www.fryeinteractiveltd.example.com,41,2026-04-10,1
1022,Wood Ventures Group,Retail & E-commerce,SMB,26,5258000.0,NA,Canada,,New Blake,https://www.woodventuresgroup.example.com,48,2026-07-15,0
1023,Ruiz Analytics Co,Software & SaaS,Enterprise,22405,4202047000.0,NA,United States,CA,West Kellyland,https://www.ruizanalyticsco.example.com,17,2024-09-13,1
1024,Black Technologies Group,Logistics & Transportation,SMB,34,3481000.0,NA,United States,PW,North Jillfort,https://www.blacktechnologiesgroup.example.com,17,2024-10-24,1
1025,Walter Cloud Corp,Logistics & Transportation,Mid-Market,301,90294000.0,EMEA,France,,Lake Jamesport,https://www.waltercloudcorp.example.com,45,2022-09-05,1
1026,Hood Energy Co,Real Estate,Mid-Market,690,178830000.0,NA,Canada,,Mikeborough,https://www.hoodenergyco.example.com,8,2023-04-12,1
1027,Mueller Dynamics Inc,Manufacturing,Enterprise,6018,1426715000.0,NA,United States,HI,North Susanside,https://www.muellerdynamicsinc.example.com,31,2022-05-30,1
1028,Andersen Cloud Inc,Software & SaaS,SMB,21,2306000.0,NA,United States,FL,East Ericbury,https://www.andersencloudinc.example.com,43,2023-09-20,1
1029,Chavez Bioscience PLC,Manufacturing,SMB,39,5781000.0,EMEA,Germany,,North Jenniferchester,https://www.chavezbioscienceplc.example.com,18,2024-12-26,1
1030,Parks Robotics Inc,Media & Entertainment,SMB,200,22828000.0,EMEA,Netherlands,,Annashire,https://www.parksroboticsinc.example.com,45,2022-06-27,1
1031,Espinoza Dynamics AG,Logistics & Transportation,SMB,28,5198000.0,NA,Canada,,Stephanieview,https://www.espinozadynamicsag.example.com,59,2023-04-04,1
1032,Buckley Ventures Ltd,Hospitality,SMB,22,2146000.0,NA,United States,MN,North Timothyport,https://www.buckleyventuresltd.example.com,31,2024-09-02,1
1033,Oliver Labs GmbH,Healthcare,Enterprise,61520,25218716000.0,EMEA,France,,Davisport,https://www.oliverlabsgmbh.example.com,1,2021-10-28,0
1034,Daniel Networks Co,Media & Entertainment,Enterprise,22629,4503133000.0,EMEA,United Kingdom,,Myersshire,https://www.danielnetworksco.example.com,18,2023-09-06,1
1035,Stark Logistics PLC,Construction,SMB,67,10818000.0,NA,Canada,,Turnerside,https://www.starklogisticsplc.example.com,9,2024-09-03,1
1036,Clements Foods LLC,Healthcare,Mid-Market,350,52762000.0,NA,United States,ME,West Steven,https://www.clementsfoodsllc.example.com,14,2021-03-16,1
1037,Arellano Foods Ltd,Retail & E-commerce,Mid-Market,441,133978000.0,LATAM,Mexico,,East Austin,https://www.arellanofoodsltd.example.com,44,2021-12-24,1
1038,Haynes Technologies Group,Automotive,Enterprise,9803,4395362000.0,EMEA,Spain,,Jamesside,https://www.haynestechnologiesgroup.example.com,6,2021-02-10,1
1039,Gilbert Metrics PLC,Financial Services,SMB,37,5171000.0,NA,United States,PR,East Cynthiaport,https://www.gilbertmetricsplc.example.com,17,2021-01-12,1
1040,Morse Capital Corp,Media & Entertainment,SMB,93,13991000.0,EMEA,Sweden,,Lake Pamela,https://www.morsecapitalcorp.example.com,27,2022-12-22,1
1041,Dennis Health PLC,Manufacturing,Mid-Market,450,134333000.0,EMEA,Netherlands,,Susanland,https://www.dennishealthplc.example.com,42,2024-03-06,1
1042,Wise Energy AG,Software & SaaS,SMB,35,5083000.0,NA,United States,MS,Ramirezshire,https://www.wiseenergyag.example.com,52,2022-07-13,1
1043,Holloway Foods Inc,Real Estate,SMB,26,2858000.0,NA,Canada,,Hugheshaven,https://www.hollowayfoodsinc.example.com,34,2023-09-22,1
1044,Pena Energy Inc,Financial Services,Enterprise,3534,1360668000.0,LATAM,Mexico,,Kristyport,https://www.penaenergyinc.example.com,44,2021-09-30,1
1045,Rios Partners Corp,Government & Public Sector,Enterprise,48383,9498005000.0,NA,United States,MT,North Williamhaven,https://www.riospartnerscorp.example.com,53,2025-01-28,0
1046,Swanson Capital Co,Manufacturing,Enterprise,33983,8946136000.0,NA,Canada,,North Robert,https://www.swansoncapitalco.example.com,49,2022-06-13,1
1047,Kramer Works GmbH,Financial Services,Mid-Market,610,181378000.0,EMEA,UAE,,Mosleystad,https://www.kramerworksgmbh.example.com,32,2024-03-18,1
1048,Day Energy Corp,Financial Services,SMB,8,949000.0,NA,United States,NH,Marymouth,https://www.dayenergycorp.example.com,52,2021-06-25,1
1049,Lee Industries GmbH,Professional Services,SMB,9,886000.0,EMEA,France,,West Kellyland,https://www.leeindustriesgmbh.example.com,5,2024-12-12,1
1050,Holt Health PLC,Manufacturing,SMB,7,735000.0,NA,United States,MA,New Julieshire,https://www.holthealthplc.example.com,17,2023-03-08,1
1051,Merritt Metrics PLC,Healthcare,SMB,42,9119000.0,NA,United States,HI,Smithfurt,https://www.merrittmetricsplc.example.com,33,2026-03-27,1
1052,Dickerson Health AG,Financial Services,SMB,11,1390000.0,NA,Canada,,West Shane,https://www.dickersonhealthag.example.com,8,2022-09-01,1
1053,Lawson Energy Group,Media & Entertainment,Mid-Market,425,91716000.0,LATAM,Colombia,,Lake Darlenemouth,https://www.lawsonenergygroup.example.com,40,2025-05-12,1
1054,Weeks Metrics PLC,Healthcare,SMB,81,10523000.0,EMEA,United Kingdom,,Singletonport,https://www.weeksmetricsplc.example.com,19,2022-09-12,1
1055,Osborne Networks GmbH,Biotech & Pharma,Mid-Market,285,43930000.0,APAC,Japan,,South John,https://www.osbornenetworksgmbh.example.com,13,2021-06-02,1
1056,Weber Networks AG,Software & SaaS,SMB,32,3409000.0,NA,United States,FL,Freemanville,https://www.webernetworksag.example.com,25,2024-02-06,0
1057,Brooks Networks Group,Financial Services,SMB,26,4892000.0,EMEA,Ireland,,Garyport,https://www.brooksnetworksgroup.example.com,3,2021-09-21,1
1058,Myers Networks GmbH,Retail & E-commerce,SMB,16,3362000.0,NA,Canada,,East Jenny,https://www.myersnetworksgmbh.example.com,22,2024-10-30,1
1059,Arellano Capital Group,Financial Services,SMB,50,9633000.0,EMEA,Germany,,Oconnorhaven,https://www.arellanocapitalgroup.example.com,32,2022-05-02,1
1060,Cowan Holdings AG,Real Estate,Mid-Market,674,182574000.0,NA,Canada,,Sawyerland,https://www.cowanholdingsag.example.com,12,2024-07-03,1
1061,Shaffer Cloud Co,Non-Profit,SMB,17,2884000.0,EMEA,United Kingdom,,Ryanburgh,https://www.shaffercloudco.example.com,45,2022-12-28,1
1062,Bridges Capital GmbH,Media & Entertainment,SMB,15,2936000.0,NA,Canada,,Laraport,https://www.bridgescapitalgmbh.example.com,9,2023-04-07,1
1063,Joyce Capital Ltd,Hospitality,Mid-Market,1408,278366000.0,NA,United States,AR,Proctorberg,https://www.joycecapitalltd.example.com,25,2024-05-20,1
1064,Berg Cloud Inc,Professional Services,SMB,77,10976000.0,EMEA,Netherlands,,Angelaton,https://www.bergcloudinc.example.com,6,2023-12-18,1
1065,Frazier Bioscience Corp,Financial Services,SMB,41,8271000.0,NA,United States,MO,Port Gail,https://www.frazierbiosciencecorp.example.com,9,2023-12-15,1
1066,Bush Dynamics Ltd,Software & SaaS,SMB,26,5039000.0,NA,United States,NE,New Bettyberg,https://www.bushdynamicsltd.example.com,35,2023-12-07,1
1067,Hunter Works Ltd,Education,SMB,51,4601000.0,APAC,Japan,,South Patrick,https://www.hunterworksltd.example.com,56,2023-07-03,1
1068,Moss Metrics Co,Automotive,Mid-Market,696,131484000.0,NA,Canada,,West Taramouth,https://www.mossmetricsco.example.com,17,2024-11-18,1
1069,Murphy Logistics PLC,Professional Services,SMB,31,4756000.0,EMEA,Sweden,,North Garyfurt,https://www.murphylogisticsplc.example.com,27,2022-03-09,1
1070,Walker Solutions Ltd,Education,SMB,42,5225000.0,APAC,India,,Pamelaville,https://www.walkersolutionsltd.example.com,41,2021-09-20,1
1071,Burns Digital LLC,Software & SaaS,SMB,17,1721000.0,EMEA,France,,West John,https://www.burnsdigitalllc.example.com,57,2024-05-21,1
1072,Hernandez Works Inc,Real Estate,SMB,149,29801000.0,NA,United States,MH,Lake James,https://www.hernandezworksinc.example.com,15,2023-04-13,1
1073,Li Materials Group,Energy & Utilities,SMB,20,1821000.0,EMEA,Ireland,,East Cynthiaport,https://www.limaterialsgroup.example.com,4,2025-08-04,0
1074,Booth Robotics LLC,Biotech & Pharma,Mid-Market,400,79263000.0,EMEA,France,,New Katherineborough,https://www.boothroboticsllc.example.com,60,2026-03-11,1
1075,Bruce Solutions PLC,Telecommunications,SMB,101,18677000.0,NA,Canada,,Lake Loganstad,https://www.brucesolutionsplc.example.com,10,2025-04-23,1
1076,Fuller Metrics AG,Software & SaaS,SMB,27,5899000.0,EMEA,UAE,,Port Brandon,https://www.fullermetricsag.example.com,18,2023-05-01,1
1077,Spears Interactive AG,Media & Entertainment,SMB,57,8702000.0,LATAM,Argentina,,Smithfurt,https://www.spearsinteractiveag.example.com,44,2024-06-27,1
1078,Mcfarland Systems Ltd,Manufacturing,SMB,54,7466000.0,NA,Canada,,New Karenside,https://www.mcfarlandsystemsltd.example.com,29,2022-05-02,1
1079,Mathews Partners GmbH,Retail & E-commerce,SMB,74,12488000.0,NA,United States,PA,Kellerside,https://www.mathewspartnersgmbh.example.com,12,2021-01-25,1
1080,Mann Metrics Ltd,Education,Mid-Market,576,133525000.0,EMEA,Spain,,North Joel,https://www.mannmetricsltd.example.com,18,2024-09-12,1
1081,Sanders Capital LLC,Government & Public Sector,Mid-Market,200,37341000.0,NA,United States,ND,Michaelshire,https://www.sanderscapitalllc.example.com,33,2024-09-15,1
1082,Lyons Industries Ltd,Real Estate,SMB,16,3114000.0,EMEA,Germany,,East Matthew,https://www.lyonsindustriesltd.example.com,45,2021-01-14,1
1083,Phelps Digital Ltd,Software & SaaS,SMB,70,8486000.0,NA,United States,SC,Shawmouth,https://www.phelpsdigitalltd.example.com,59,2025-04-11,1
1084,Fuller Labs Co,Financial Services,Enterprise,26188,5483349000.0,NA,Canada,,Lake Coreyborough,https://www.fullerlabsco.example.com,43,2025-06-04,1
1085,Santiago Bioscience GmbH,Manufacturing,SMB,126,15446000.0,EMEA,Netherlands,,Nixonland,https://www.santiagobiosciencegmbh.example.com,18,2022-04-06,1
1086,Ayala Health AG,Energy & Utilities,SMB,26,4392000.0,LATAM,Brazil,,West Brian,https://www.ayalahealthag.example.com,40,2021-01-28,1
1087,Grant Digital Group,Education,SMB,32,6790000.0,NA,United States,MH,East Michelle,https://www.grantdigitalgroup.example.com,10,2025-05-20,0
1088,Dunn Materials Inc,Logistics & Transportation,Mid-Market,569,146793000.0,APAC,India,,Mcculloughberg,https://www.dunnmaterialsinc.example.com,13,2021-04-08,1
1089,Carlson Materials Ltd,Retail & E-commerce,Mid-Market,468,116787000.0,NA,United States,AL,East Lisashire,https://www.carlsonmaterialsltd.example.com,10,2021-12-01,1
1090,Lowe Ventures Inc,Professional Services,SMB,21,2705000.0,NA,United States,VT,Meganchester,https://www.loweventuresinc.example.com,51,2023-04-19,1
1091,Terry Technologies Corp,Software & SaaS,Enterprise,42735,19108377000.0,NA,United States,NM,Kanefurt,https://www.terrytechnologiescorp.example.com,51,2024-12-09,1
1092,Charles Holdings AG,Media & Entertainment,SMB,24,3335000.0,NA,Canada,,West Christy,https://www.charlesholdingsag.example.com,24,2024-09-16,1
1093,Sweeney Interactive Ltd,Professional Services,SMB,114,24981000.0,EMEA,United Kingdom,,Katelynfurt,https://www.sweeneyinteractiveltd.example.com,20,2024-01-19,1
1094,Solomon Systems AG,Healthcare,SMB,14,1581000.0,NA,Canada,,North Yolanda,https://www.solomonsystemsag.example.com,29,2025-01-02,1
1095,Sullivan Industries Inc,Financial Services,SMB,15,1500000.0,NA,Canada,,East Austin,https://www.sullivanindustriesinc.example.com,25,2024-01-31,1
1096,Aguilar Interactive PLC,Energy & Utilities,SMB,105,17500000.0,NA,Canada,,Moniqueport,https://www.aguilarinteractiveplc.example.com,34,2023-10-27,1
1097,Yang Robotics Group,Financial Services,SMB,50,4658000.0,APAC,Japan,,South Sean,https://www.yangroboticsgroup.example.com,23,2021-09-02,1
1098,Hooper Dynamics Inc,Retail & E-commerce,SMB,155,17586000.0,APAC,New Zealand,,Port Justin,https://www.hooperdynamicsinc.example.com,41,2022-10-26,1
1099,Mclaughlin Bioscience Group,Biotech & Pharma,Mid-Market,314,69637000.0,NA,United States,NJ,Jenkinsburgh,https://www.mclaughlinbiosciencegrou.example.com,14,2022-11-15,1
1100,Frey Systems AG,Software & SaaS,SMB,22,3760000.0,NA,Canada,,West Theresamouth,https://www.freysystemsag.example.com,55,2021-02-01,1
1101,Larson Holdings Corp,Non-Profit,SMB,34,5975000.0,LATAM,Brazil,,South Emily,https://www.larsonholdingscorp.example.com,44,2022-09-01,0
1102,Malone Analytics AG,Financial Services,Mid-Market,359,46955000.0,NA,Canada,,Livingstonview,https://www.maloneanalyticsag.example.com,26,2021-11-24,1
1103,Rubio Partners LLC,Retail & E-commerce,SMB,19,2971000.0,APAC,India,,West Thomas,https://www.rubiopartnersllc.example.com,56,2021-05-06,1
1104,Grant Industries Ltd,Software & SaaS,Mid-Market,464,142591000.0,EMEA,Ireland,,East Michelle,https://www.grantindustriesltd.example.com,6,2023-04-27,1
1105,Bruce Partners Corp,Telecommunications,Mid-Market,1331,269314000.0,APAC,Japan,,Lake Coreyborough,https://www.brucepartnerscorp.example.com,56,2021-12-07,1
1106,Mcfarland Metrics Group,Automotive,Mid-Market,1434,300983000.0,NA,United States,KY,West Joseph,https://www.mcfarlandmetricsgroup.example.com,12,2021-09-29,1
1107,Rodgers Robotics Co,Healthcare,SMB,35,4896000.0,NA,Canada,,West Taylorland,https://www.rodgersroboticsco.example.com,17,2024-09-25,1
1108,Alvarez Networks Ltd,Biotech & Pharma,SMB,8,1319000.0,NA,United States,TX,South Michael,https://www.alvareznetworksltd.example.com,52,2024-11-25,1
1109,Sandoval Partners Inc,Telecommunications,SMB,52,9029000.0,NA,United States,MD,East Sarah,https://www.sandovalpartnersinc.example.com,17,2023-12-11,1
1110,Russo Holdings Ltd,Construction,SMB,40,7778000.0,NA,Canada,,Freemanville,https://www.russoholdingsltd.example.com,48,2021-09-29,1
1111,Mcclure Networks Group,Energy & Utilities,SMB,30,5792000.0,LATAM,Chile,,Port Davidborough,https://www.mcclurenetworksgroup.example.com,44,2023-10-17,1
1112,Washington Interactive GmbH,Energy & Utilities,SMB,23,4058000.0,NA,Canada,,Bradleyberg,https://www.washingtoninteractivegmb.example.com,47,2024-03-28,1
1113,Hawkins Solutions LLC,Biotech & Pharma,SMB,16,3300000.0,NA,United States,FL,Williamshire,https://www.hawkinssolutionsllc.example.com,59,2021-12-02,1
1114,Campbell Capital Group,Telecommunications,SMB,54,10743000.0,NA,Canada,,West Mary,https://www.campbellcapitalgroup.example.com,12,2021-06-29,1
1115,Navarro Ventures AG,Hospitality,SMB,13,1395000.0,NA,Canada,,South Jacqueline,https://www.navarroventuresag.example.com,25,2022-10-14,1
1116,Merritt Partners Group,Healthcare,Mid-Market,315,66530000.0,EMEA,Spain,,West Taramouth,https://www.merrittpartnersgroup.example.com,4,2022-09-28,1
1117,Valenzuela Holdings LLC,Financial Services,Enterprise,42647,15006006000.0,NA,Canada,,Geraldport,https://www.valenzuelaholdingsllc.example.com,49,2021-08-05,1
1118,Davis Analytics Co,Education,SMB,46,9861000.0,EMEA,Netherlands,,Tracichester,https://www.davisanalyticsco.example.com,57,2021-09-30,1
1119,Chan Digital Ltd,Healthcare,Enterprise,25871,4165717000.0,APAC,Australia,,Hugheshaven,https://www.chandigitalltd.example.com,23,2023-02-02,1
1120,Oliver Foods Ltd,Retail & E-commerce,SMB,149,30683000.0,NA,Canada,,Destinyfurt,https://www.oliverfoodsltd.example.com,11,2023-03-22,1
1121,Gallagher Materials Corp,Hospitality,Enterprise,18479,6568274000.0,EMEA,Spain,,Jacobsmouth,https://www.gallaghermaterialscorp.example.com,3,2023-04-10,1
1122,Collier Dynamics Inc,Education,Enterprise,16353,5458784000.0,NA,United States,MH,Simmonsstad,https://www.collierdynamicsinc.example.com,8,2026-05-15,1
1123,Novak Materials Group,Biotech & Pharma,SMB,96,12645000.0,NA,United States,PA,West Michael,https://www.novakmaterialsgroup.example.com,2,2021-03-03,1
1124,Collier Dynamics Inc,Manufacturing,Mid-Market,428,82606000.0,APAC,Australia,,North Williamhaven,https://www.collierdynamicsinc.example.com,13,2024-09-25,1
1125,Shepard Networks GmbH,Healthcare,Enterprise,30661,12004012000.0,APAC,New Zealand,,Hahnberg,https://www.shepardnetworksgmbh.example.com,13,2022-05-30,1
1126,Gallagher Health Group,Financial Services,Enterprise,63756,11000706000.0,NA,United States,WY,North Sheenaborough,https://www.gallagherhealthgroup.example.com,9,2024-06-25,1
1127,Murray Metrics Ltd,Construction,Enterprise,20699,3575820000.0,NA,Canada,,New Katieport,https://www.murraymetricsltd.example.com,48,2024-05-22,1
1128,Mcclure Works Group,Retail & E-commerce,SMB,10,926000.0,NA,United States,VT,New Melissa,https://www.mcclureworksgroup.example.com,24,2023-09-21,1
1129,Mcintosh Digital Ltd,Biotech & Pharma,SMB,21,3539000.0,NA,United States,RI,Lake Jose,https://www.mcintoshdigitalltd.example.com,11,2023-10-13,0
1130,Frey Solutions Inc,Manufacturing,Mid-Market,437,111399000.0,EMEA,Sweden,,East Charles,https://www.freysolutionsinc.example.com,5,2023-12-15,1
1131,Booth Interactive Inc,Healthcare,SMB,43,6321000.0,NA,Canada,,Lake Meganville,https://www.boothinteractiveinc.example.com,39,2024-06-14,1
1132,Morton Networks Group,Real Estate,SMB,29,5436000.0,APAC,New Zealand,,Victormouth,https://www.mortonnetworksgroup.example.com,41,2021-06-28,1
1133,Houston Robotics Group,Education,SMB,11,1740000.0,EMEA,Sweden,,Luketown,https://www.houstonroboticsgroup.example.com,54,2022-06-10,1
1134,Willis Technologies Group,Logistics & Transportation,SMB,42,4198000.0,NA,United States,TX,Amyside,https://www.willistechnologiesgroup.example.com,22,2025-02-13,1
1135,Taylor Networks Group,Retail & E-commerce,SMB,31,3776000.0,APAC,Singapore,,Lake Jamesport,https://www.taylornetworksgroup.example.com,41,2023-05-01,1
1136,Bird Holdings PLC,Retail & E-commerce,Mid-Market,1160,142429000.0,EMEA,Netherlands,,Mosleyland,https://www.birdholdingsplc.example.com,46,2021-07-05,1
1137,Hale Foods Corp,Professional Services,SMB,132,27024000.0,NA,United States,OK,North Samanthastad,https://www.halefoodscorp.example.com,11,2026-02-27,1
1138,Hoffman Metrics LLC,Financial Services,Mid-Market,705,207765000.0,EMEA,France,,Port Charleshaven,https://www.hoffmanmetricsllc.example.com,6,2026-06-08,1
1139,Harris Technologies AG,Software & SaaS,Mid-Market,678,95251000.0,APAC,India,,Mccannville,https://www.harristechnologiesag.example.com,41,2023-03-01,1
1140,Pierce Robotics Ltd,Software & SaaS,SMB,26,2467000.0,LATAM,Colombia,,East Craigfurt,https://www.pierceroboticsltd.example.com,44,2023-03-31,0
1141,Gutierrez Works Corp,Retail & E-commerce,SMB,75,13933000.0,NA,Canada,,Michaelhaven,https://www.gutierrezworkscorp.example.com,59,2022-02-28,1
1142,Castillo Dynamics Co,Professional Services,SMB,12,1535000.0,EMEA,France,,Adamsside,https://www.castillodynamicsco.example.com,54,2023-03-06,1
1143,Haley Robotics Group,Energy & Utilities,Enterprise,67671,19338512000.0,APAC,New Zealand,,New Katherineborough,https://www.haleyroboticsgroup.example.com,23,2026-03-23,1
1144,Rojas Energy Corp,Automotive,Mid-Market,945,302346000.0,LATAM,Chile,,Michaelside,https://www.rojasenergycorp.example.com,44,2021-12-27,1
1145,Hicks Analytics Inc,Media & Entertainment,SMB,14,2084000.0,NA,Canada,,Lake Loganstad,https://www.hicksanalyticsinc.example.com,34,2022-03-16,1
1146,Floyd Capital GmbH,Logistics & Transportation,SMB,54,8588000.0,NA,United States,NY,Port Jamesmouth,https://www.floydcapitalgmbh.example.com,28,2025-07-22,1
1147,Roach Ventures Corp,Media & Entertainment,SMB,71,8698000.0,APAC,Australia,,Sandrafort,https://www.roachventurescorp.example.com,56,2022-07-17,1
1148,Bennett Materials PLC,Government & Public Sector,SMB,15,2621000.0,NA,Canada,,Jaimetown,https://www.bennettmaterialsplc.example.com,53,2026-04-04,1
1149,Hurley Foods Inc,Software & SaaS,Enterprise,29582,12065720000.0,NA,United States,MD,New Karenside,https://www.hurleyfoodsinc.example.com,15,2022-05-26,1
1150,Briggs Labs Inc,Retail & E-commerce,Mid-Market,404,99229000.0,EMEA,Ireland,,New Katieport,https://www.briggslabsinc.example.com,45,2021-01-08,1
1151,Mendoza Systems Corp,Manufacturing,SMB,32,5765000.0,EMEA,Netherlands,,New Katieport,https://www.mendozasystemscorp.example.com,18,2026-01-27,1
1152,Townsend Logistics Inc,Construction,Mid-Market,1759,234386000.0,EMEA,Netherlands,,Lopezstad,https://www.townsendlogisticsinc.example.com,3,2021-12-07,1
1153,Huber Partners AG,Financial Services,SMB,11,1112000.0,NA,United States,AK,Farmerport,https://www.huberpartnersag.example.com,34,2024-02-21,1
1154,Wolfe Partners Inc,Software & SaaS,Mid-Market,631,146700000.0,EMEA,Spain,,East Julie,https://www.wolfepartnersinc.example.com,46,2021-03-11,1
1155,Stevens Cloud Ltd,Education,SMB,27,3742000.0,NA,Canada,,Angelatown,https://www.stevenscloudltd.example.com,43,2024-06-17,1
1156,Ponce Capital Corp,Education,SMB,59,11019000.0,APAC,New Zealand,,Bishopview,https://www.poncecapitalcorp.example.com,41,2021-11-15,1
1157,Clements Networks LLC,Healthcare,Enterprise,29749,11898437000.0,NA,United States,OH,South Jennifer,https://www.clementsnetworksllc.example.com,2,2024-10-31,1
1158,Ayala Materials LLC,Logistics & Transportation,SMB,22,4044000.0,NA,United States,CO,Bryanfort,https://www.ayalamaterialsllc.example.com,16,2026-03-16,1
1159,Burton Labs Group,Media & Entertainment,Mid-Market,332,61839000.0,LATAM,Argentina,,Stevenchester,https://www.burtonlabsgroup.example.com,40,2021-03-09,1
1160,Greer Technologies Inc,Manufacturing,Enterprise,135793,35329929000.0,EMEA,Sweden,,Wendyton,https://www.greertechnologiesinc.example.com,42,2022-06-20,1
1161,Hill Analytics Ltd,Retail & E-commerce,SMB,26,4181000.0,NA,United States,HI,Guerreroport,https://www.hillanalyticsltd.example.com,10,2024-04-03,0
1162,Cummings Ventures Group,Financial Services,SMB,13,2484000.0,NA,United States,MA,Michaelshire,https://www.cummingsventuresgroup.example.com,31,2026-07-09,1
1163,Williams Materials Inc,Real Estate,Mid-Market,532,165244000.0,EMEA,UAE,,Lake Margaretport,https://www.williamsmaterialsinc.example.com,21,2022-06-13,1
1164,Ramos Digital LLC,Manufacturing,SMB,19,1976000.0,LATAM,Colombia,,Leeland,https://www.ramosdigitalllc.example.com,40,2026-06-30,1
1165,Parrish Robotics AG,Education,SMB,118,12433000.0,NA,United States,UT,Lake Madisonhaven,https://www.parrishroboticsag.example.com,38,2025-07-29,1
1166,Murphy Labs Group,Retail & E-commerce,SMB,33,5791000.0,LATAM,Colombia,,Lake Glenn,https://www.murphylabsgroup.example.com,40,2024-04-12,1
1167,Miller Health Ltd,Financial Services,Mid-Market,1593,431853000.0,NA,United States,MP,Port Paula,https://www.millerhealthltd.example.com,12,2022-07-12,1
1168,Suarez Robotics Corp,Telecommunications,SMB,14,2522000.0,EMEA,Germany,,Markshire,https://www.suarezroboticscorp.example.com,7,2023-04-07,1
1169,Haynes Cloud Co,Manufacturing,SMB,24,4701000.0,NA,Canada,,East Michelle,https://www.haynescloudco.example.com,11,2024-04-16,1
1170,Carlson Solutions GmbH,Financial Services,Mid-Market,459,101624000.0,NA,United States,MH,Lake Sean,https://www.carlsonsolutionsgmbh.example.com,29,2024-01-31,1
1171,Franco Systems PLC,Biotech & Pharma,SMB,9,1022000.0,APAC,Singapore,,West Williamfurt,https://www.francosystemsplc.example.com,56,2022-02-22,1
1172,Dean Ventures Co,Government & Public Sector,Mid-Market,1289,265477000.0,NA,Canada,,Wilcoxfort,https://www.deanventuresco.example.com,26,2023-05-18,1
1173,Weber Technologies LLC,Telecommunications,SMB,14,2201000.0,LATAM,Chile,,Brittanyland,https://www.webertechnologiesllc.example.com,40,2025-01-23,1
1174,Maxwell Technologies GmbH,Media & Entertainment,Enterprise,77231,18364321000.0,NA,United States,LA,North Larryton,https://www.maxwelltechnologiesgmbh.example.com,10,2022-12-20,1
1175,Hood Solutions Inc,Education,Mid-Market,395,126074000.0,NA,Canada,,West Thomas,https://www.hoodsolutionsinc.example.com,38,2023-06-05,1
1176,Arnold Capital Ltd,Manufacturing,SMB,87,15304000.0,APAC,Singapore,,East Tara,https://www.arnoldcapitalltd.example.com,23,2022-04-19,1
1177,Perkins Ventures Ltd,Healthcare,Mid-Market,356,90238000.0,EMEA,United Kingdom,,Brownland,https://www.perkinsventuresltd.example.com,18,2021-08-19,1
1178,Mullins Bioscience AG,Media & Entertainment,SMB,28,3334000.0,NA,Canada,,Fitzgeraldview,https://www.mullinsbioscienceag.example.com,47,2021-04-01,1
1179,Sanders Analytics LLC,Real Estate,SMB,130,20436000.0,EMEA,Netherlands,,Kimberlyfurt,https://www.sandersanalyticsllc.example.com,7,2022-09-02,1
1180,Caldwell Cloud Group,Retail & E-commerce,SMB,29,5017000.0,NA,Canada,,West Kellyland,https://www.caldwellcloudgroup.example.com,28,2023-10-14,1
1181,Neal Industries Inc,Government & Public Sector,Mid-Market,1037,231029000.0,APAC,Australia,,Hendersonton,https://www.nealindustriesinc.example.com,23,2024-07-15,1
1182,Hale Digital Group,Manufacturing,SMB,30,3536000.0,NA,United States,VT,Lake Coreyborough,https://www.haledigitalgroup.example.com,25,2021-04-29,1
1183,Delgado Interactive AG,Manufacturing,SMB,51,7080000.0,EMEA,Sweden,,Ianburgh,https://www.delgadointeractiveag.example.com,57,2022-04-03,1
1184,Davies Holdings Inc,Retail & E-commerce,SMB,5,591000.0,NA,United States,WA,Laurenborough,https://www.daviesholdingsinc.example.com,12,2024-11-19,1
1185,Forbes Labs GmbH,Telecommunications,SMB,36,7466000.0,EMEA,Ireland,,Wilsonfort,https://www.forbeslabsgmbh.example.com,6,2021-06-07,1
1186,Pratt Solutions AG,Software & SaaS,SMB,30,3624000.0,APAC,India,,Chandlerchester,https://www.prattsolutionsag.example.com,41,2026-06-24,1
1187,Arellano Metrics LLC,Manufacturing,SMB,96,10148000.0,APAC,India,,Mooremouth,https://www.arellanometricsllc.example.com,50,2023-10-17,1
1188,Washington Systems Corp,Real Estate,SMB,65,6147000.0,NA,Canada,,North Yolanda,https://www.washingtonsystemscorp.example.com,22,2025-12-11,1
1189,Wiley Metrics AG,Logistics & Transportation,SMB,13,1246000.0,NA,Canada,,Deborahport,https://www.wileymetricsag.example.com,30,2024-05-09,1
1190,Wilcox Capital PLC,Healthcare,SMB,80,9192000.0,NA,United States,PA,Baldwinville,https://www.wilcoxcapitalplc.example.com,59,2026-03-06,1
1191,Shepherd Digital Inc,Education,SMB,25,4227000.0,APAC,Australia,,Whitebury,https://www.shepherddigitalinc.example.com,23,2023-12-18,1
1192,Gates Logistics GmbH,Non-Profit,Mid-Market,328,65465000.0,NA,United States,IL,Jamesport,https://www.gateslogisticsgmbh.example.com,14,2022-01-17,1
1193,Hess Bioscience GmbH,Logistics & Transportation,SMB,16,1477000.0,EMEA,Spain,,Gutierrezmouth,https://www.hessbiosciencegmbh.example.com,21,2024-10-31,1
1194,Byrd Dynamics Group,Telecommunications,SMB,36,4582000.0,NA,United States,FM,Lake Jessicaborough,https://www.byrddynamicsgroup.example.com,49,2021-11-23,1
1195,Terry Foods Corp,Financial Services,SMB,27,2634000.0,LATAM,Brazil,,Burkeberg,https://www.terryfoodscorp.example.com,40,2023-06-01,1
1196,Rivas Solutions Group,Retail & E-commerce,SMB,100,14248000.0,NA,Canada,,East Dawnchester,https://www.rivassolutionsgroup.example.com,30,2022-06-26,1
1197,Castillo Networks Co,Healthcare,SMB,40,3853000.0,EMEA,UAE,,Andrewfort,https://www.castillonetworksco.example.com,36,2024-10-28,1
1198,Yoder Systems GmbH,Automotive,Mid-Market,1172,216722000.0,APAC,India,,Nguyenshire,https://www.yodersystemsgmbh.example.com,41,2024-07-12,1
1199,Banks Robotics PLC,Financial Services,SMB,36,6083000.0,LATAM,Brazil,,Mosleystad,https://www.banksroboticsplc.example.com,40,2025-04-13,1
1200,Riley Labs AG,Biotech & Pharma,SMB,62,11129000.0,EMEA,United Kingdom,,Janetmouth,https://www.rileylabsag.example.com,3,2021-12-17,1
1201,Cantu Analytics Inc,Manufacturing,SMB,71,13140000.0,EMEA,Sweden,,West Derekmouth,https://www.cantuanalyticsinc.example.com,27,2026-07-15,1
1202,Ray Logistics AG,Retail & E-commerce,SMB,56,6673000.0,EMEA,Ireland,,Kaylaton,https://www.raylogisticsag.example.com,36,2024-11-13,1
1203,Swanson Holdings AG,Logistics & Transportation,SMB,91,18464000.0,NA,Canada,,Amberton,https://www.swansonholdingsag.example.com,33,2022-07-21,1
1204,Watkins Cloud Corp,Financial Services,SMB,49,8807000.0,NA,Canada,,Cruzbury,https://www.watkinscloudcorp.example.com,17,2021-06-23,1
1205,Chapman Interactive LLC,Financial Services,SMB,35,3408000.0,EMEA,Sweden,,Robertafurt,https://www.chapmaninteractivellc.example.com,27,2022-05-25,1
1206,Chen Industries Group,Manufacturing,SMB,80,11784000.0,EMEA,France,,New Whitney,https://www.chenindustriesgroup.example.com,42,2021-05-31,1
1207,Benton Materials AG,Real Estate,Mid-Market,823,214872000.0,NA,Canada,,Ianburgh,https://www.bentonmaterialsag.example.com,55,2023-09-14,1
1208,Schroeder Energy Inc,Telecommunications,Enterprise,78748,31965799000.0,NA,United States,NJ,Hansenmouth,https://www.schroederenergyinc.example.com,9,2021-06-07,1
1209,Collier Industries Inc,Automotive,SMB,29,5504000.0,EMEA,Ireland,,Freemanville,https://www.collierindustriesinc.example.com,21,2022-10-10,1
1210,Haynes Energy Inc,Software & SaaS,SMB,32,4173000.0,NA,United States,ID,Maryport,https://www.haynesenergyinc.example.com,14,2023-12-21,0
1211,Hodges Health LLC,Real Estate,Mid-Market,328,77925000.0,EMEA,Ireland,,Proctorberg,https://www.hodgeshealthllc.example.com,36,2022-11-17,1
1212,Griffin Capital GmbH,Financial Services,SMB,115,16054000.0,EMEA,France,,Port Carloschester,https://www.griffincapitalgmbh.example.com,60,2025-06-05,1
1213,Klein Works Inc,Logistics & Transportation,Mid-Market,599,173493000.0,NA,Canada,,Rojastown,https://www.kleinworksinc.example.com,22,2021-12-10,1
1214,Gregory Industries AG,Financial Services,Mid-Market,419,96668000.0,NA,United States,WV,Atkinsborough,https://www.gregoryindustriesag.example.com,33,2023-03-17,1
1215,Diaz Systems Corp,Biotech & Pharma,Enterprise,12293,2086867000.0,NA,United States,CA,North Heather,https://www.diazsystemscorp.example.com,26,2025-09-17,1
1216,Hawkins Digital Co,Logistics & Transportation,Enterprise,115750,41721161000.0,NA,Canada,,Schmidtfurt,https://www.hawkinsdigitalco.example.com,53,2022-06-01,1
1217,Salas Logistics Ltd,Retail & E-commerce,SMB,106,18216000.0,EMEA,Sweden,,Ellisville,https://www.salaslogisticsltd.example.com,19,2022-12-16,0
1218,Buckley Systems GmbH,Healthcare,SMB,31,3014000.0,EMEA,Ireland,,North Matthewmouth,https://www.buckleysystemsgmbh.example.com,19,2025-11-20,1
1219,Welch Labs Ltd,Retail & E-commerce,SMB,22,4745000.0,APAC,Australia,,Alexisville,https://www.welchlabsltd.example.com,41,2023-02-02,1
1220,Hinton Digital Inc,Software & SaaS,SMB,94,10592000.0,NA,United States,CT,West Bryan,https://www.hintondigitalinc.example.com,14,2025-04-14,1
1221,Foster Cloud GmbH,Energy & Utilities,SMB,57,5328000.0,EMEA,Germany,,Robinsonville,https://www.fostercloudgmbh.example.com,42,2025-12-12,1
1222,Huerta Networks Inc,Media & Entertainment,Enterprise,21023,6573377000.0,NA,United States,AZ,Perezchester,https://www.huertanetworksinc.example.com,33,2021-12-28,1
1223,Wagner Robotics Co,Software & SaaS,SMB,40,3628000.0,APAC,Japan,,North Samanthastad,https://www.wagnerroboticsco.example.com,50,2024-09-24,1
1224,Sanchez Technologies GmbH,Software & SaaS,SMB,24,3407000.0,NA,Canada,,Port Julie,https://www.sancheztechnologiesgmbh.example.com,29,2023-11-29,1
1225,Saunders Labs Co,Healthcare,Mid-Market,821,194139000.0,EMEA,United Kingdom,,Maryport,https://www.saunderslabsco.example.com,3,2026-06-03,1
1226,Davenport Energy Corp,Retail & E-commerce,SMB,40,8198000.0,EMEA,Spain,,West Steventon,https://www.davenportenergycorp.example.com,7,2023-07-04,1
1227,Tanner Materials Group,Financial Services,SMB,31,6094000.0,NA,United States,AR,Frankmouth,https://www.tannermaterialsgroup.example.com,22,2024-10-10,1
1228,Pearson Technologies GmbH,Software & SaaS,Enterprise,18853,4639181000.0,LATAM,Colombia,,South Jenniferside,https://www.pearsontechnologiesgmbh.example.com,44,2022-05-19,1
1229,Beck Digital Ltd,Software & SaaS,SMB,19,3963000.0,NA,United States,IN,Sawyerland,https://www.beckdigitalltd.example.com,2,2023-08-29,1
1230,Hooper Robotics GmbH,Healthcare,SMB,34,5419000.0,NA,Canada,,South Shannonfurt,https://www.hooperroboticsgmbh.example.com,48,2024-09-09,1
1231,Shepard Systems AG,Education,SMB,38,5637000.0,EMEA,Ireland,,Bryanfort,https://www.shepardsystemsag.example.com,5,2026-03-17,1
1232,Long Logistics Ltd,Energy & Utilities,Enterprise,4427,1537529000.0,NA,United States,MN,Michaelside,https://www.longlogisticsltd.example.com,14,2021-12-23,1
1233,Mcdowell Bioscience Corp,Healthcare,SMB,23,3224000.0,NA,Canada,,Port Christina,https://www.mcdowellbiosciencecorp.example.com,11,2021-04-21,0
1234,Hardy Networks Ltd,Retail & E-commerce,SMB,62,5954000.0,NA,Canada,,Padillatown,https://www.hardynetworksltd.example.com,33,2026-04-21,1
1235,Baldwin Foods Corp,Education,SMB,83,17284000.0,NA,Canada,,Port Scott,https://www.baldwinfoodscorp.example.com,12,2023-08-18,1
1236,Sweeney Materials LLC,Manufacturing,SMB,65,10043000.0,APAC,India,,Port Brandon,https://www.sweeneymaterialsllc.example.com,50,2021-01-28,1
1237,Reid Dynamics Corp,Construction,Enterprise,28560,6802431000.0,EMEA,Germany,,Garrettfurt,https://www.reiddynamicscorp.example.com,21,2023-03-11,1
1238,Fernandez Cloud Co,Energy & Utilities,SMB,25,3729000.0,NA,United States,MT,South Patriciamouth,https://www.fernandezcloudco.example.com,37,2025-12-01,1
1239,Dominguez Works Group,Media & Entertainment,Enterprise,9922,3603232000.0,NA,United States,PA,New David,https://www.dominguezworksgroup.example.com,43,2026-05-26,1
1240,Lee Capital Group,Retail & E-commerce,SMB,55,8633000.0,APAC,India,,West Taylorland,https://www.leecapitalgroup.example.com,23,2022-04-15,1
1241,Roy Labs Ltd,Retail & E-commerce,SMB,33,6377000.0,APAC,Australia,,New Michaelside,https://www.roylabsltd.example.com,13,2024-09-16,0
1242,Bowen Bioscience LLC,Healthcare,Mid-Market,2000,430943000.0,NA,United States,NJ,Nicoleburgh,https://www.bowenbiosciencellc.example.com,15,2022-11-28,1
1243,Montoya Dynamics Inc,Software & SaaS,SMB,12,1430000.0,EMEA,Sweden,,North Patrickland,https://www.montoyadynamicsinc.example.com,4,2022-08-17,1
1244,Sims Digital PLC,Professional Services,SMB,52,9479000.0,NA,Canada,,Thompsonstad,https://www.simsdigitalplc.example.com,9,2024-07-09,1
1245,Kim Ventures GmbH,Non-Profit,Mid-Market,478,130267000.0,NA,Canada,,West Angela,https://www.kimventuresgmbh.example.com,10,2022-01-20,1
1246,Bartlett Capital Group,Construction,SMB,35,6384000.0,APAC,Singapore,,North Michael,https://www.bartlettcapitalgroup.example.com,23,2022-09-30,1
1247,Arellano Labs LLC,Manufacturing,SMB,200,40088000.0,APAC,Japan,,North Chadview,https://www.arellanolabsllc.example.com,13,2021-12-17,1
1248,Charles Metrics Co,Biotech & Pharma,Enterprise,30371,6488174000.0,NA,United States,SD,Bradfordbury,https://www.charlesmetricsco.example.com,8,2021-07-15,1
1249,Tate Robotics LLC,Telecommunications,SMB,94,8566000.0,APAC,India,,Brownchester,https://www.tateroboticsllc.example.com,41,2022-07-06,1
1250,Huynh Partners GmbH,Retail & E-commerce,SMB,53,5944000.0,EMEA,Spain,,Robertton,https://www.huynhpartnersgmbh.example.com,6,2026-02-18,1
1251,Carter Logistics Inc,Non-Profit,SMB,38,5747000.0,EMEA,UAE,,Lake Jamesport,https://www.carterlogisticsinc.example.com,20,2022-09-21,0
1252,Trujillo Capital Co,Construction,SMB,35,7020000.0,EMEA,Ireland,,Meganchester,https://www.trujillocapitalco.example.com,36,2024-01-25,1
1253,Sharp Technologies Corp,Logistics & Transportation,SMB,14,3017000.0,NA,Canada,,Port Annette,https://www.sharptechnologiescorp.example.com,29,2022-02-16,1
1254,Carroll Logistics Co,Real Estate,Mid-Market,943,191428000.0,LATAM,Mexico,,Garrettfurt,https://www.carrolllogisticsco.example.com,44,2025-04-17,1
1255,Osborne Works PLC,Real Estate,SMB,8,1339000.0,NA,Canada,,Lake Danielle,https://www.osborneworksplc.example.com,25,2023-09-29,1
1256,Gomez Metrics Group,Media & Entertainment,Mid-Market,644,187010000.0,NA,Canada,,Baileystad,https://www.gomezmetricsgroup.example.com,47,2026-01-12,1
1257,Berg Logistics AG,Retail & E-commerce,SMB,16,1881000.0,NA,United States,DC,Shannonstad,https://www.berglogisticsag.example.com,26,2022-04-15,1
1258,Becker Robotics AG,Software & SaaS,SMB,30,3420000.0,APAC,New Zealand,,New Katieburgh,https://www.beckerroboticsag.example.com,41,2023-04-10,1
1259,Lynch Industries Corp,Automotive,SMB,6,1039000.0,NA,United States,CT,East Ralphshire,https://www.lynchindustriescorp.example.com,37,2021-09-30,1
1260,Simon Technologies Corp,Software & SaaS,Mid-Market,643,119218000.0,NA,Canada,,North Robert,https://www.simontechnologiescorp.example.com,29,2021-07-02,1
1261,West Logistics Group,Software & SaaS,SMB,21,2463000.0,EMEA,Germany,,East Craigfurt,https://www.westlogisticsgroup.example.com,20,2023-07-04,1
1262,Payne Analytics GmbH,Manufacturing,SMB,26,4209000.0,NA,Canada,,Smithfort,https://www.payneanalyticsgmbh.example.com,28,2024-11-07,1
1263,Vega Bioscience PLC,Manufacturing,Mid-Market,558,144257000.0,NA,Canada,,Ginastad,https://www.vegabioscienceplc.example.com,43,2021-10-14,1
1264,Diaz Solutions Co,Healthcare,SMB,26,5162000.0,NA,United States,CT,Jamesside,https://www.diazsolutionsco.example.com,30,2024-03-11,1
1265,Carroll Technologies PLC,Software & SaaS,SMB,19,2673000.0,EMEA,Sweden,,Toddberg,https://www.carrolltechnologiesplc.example.com,54,2023-12-27,1
1266,Bruce Health Corp,Government & Public Sector,Enterprise,9357,2863705000.0,NA,United States,NJ,Rodriguezmouth,https://www.brucehealthcorp.example.com,33,2022-12-29,1
1267,Clark Labs PLC,Logistics & Transportation,SMB,24,3341000.0,NA,United States,VA,Port Patriciamouth,https://www.clarklabsplc.example.com,28,2024-08-06,1
1268,Reid Cloud GmbH,Construction,SMB,115,10890000.0,EMEA,Spain,,North Sheenaborough,https://www.reidcloudgmbh.example.com,46,2023-07-26,1
1269,Castillo Metrics Corp,Government & Public Sector,SMB,51,6275000.0,LATAM,Colombia,,New Michaelside,https://www.castillometricscorp.example.com,40,2025-12-29,1
1270,House Industries Ltd,Retail & E-commerce,SMB,20,3615000.0,EMEA,France,,East Sarah,https://www.houseindustriesltd.example.com,3,2024-07-25,1
1271,Reyes Technologies Ltd,Manufacturing,SMB,30,4106000.0,NA,Canada,,Joshuashire,https://www.reyestechnologiesltd.example.com,39,2025-06-17,1
1272,Velez Labs Inc,Healthcare,Mid-Market,332,99133000.0,APAC,India,,West Stephanie,https://www.velezlabsinc.example.com,13,2022-06-10,1
1273,Chapman Bioscience Inc,Automotive,SMB,30,3317000.0,APAC,India,,West Derekmouth,https://www.chapmanbioscienceinc.example.com,56,2024-11-27,1
1274,Collins Ventures Group,Media & Entertainment,Mid-Market,813,222611000.0,EMEA,Germany,,Robertfort,https://www.collinsventuresgroup.example.com,42,2026-06-21,1
1275,Benitez Robotics Group,Hospitality,Enterprise,86105,29598893000.0,NA,United States,NY,Vasquezburgh,https://www.benitezroboticsgroup.example.com,22,2021-08-25,1
1276,Bryan Analytics LLC,Automotive,SMB,17,1764000.0,NA,Canada,,South Frances,https://www.bryananalyticsllc.example.com,8,2023-02-26,1
1277,Haynes Interactive AG,Financial Services,Mid-Market,509,95958000.0,EMEA,Netherlands,,Lisatown,https://www.haynesinteractiveag.example.com,1,2025-04-08,1
1278,Galvan Digital Ltd,Biotech & Pharma,Mid-Market,320,83606000.0,NA,United States,AK,Rhodesland,https://www.galvandigitalltd.example.com,26,2022-08-12,1
1279,Wilcox Systems Inc,Professional Services,Enterprise,33817,5796652000.0,NA,United States,WY,Ryanside,https://www.wilcoxsystemsinc.example.com,22,2023-02-20,1
1280,Huerta Systems AG,Retail & E-commerce,SMB,17,1740000.0,NA,United States,MH,East Charles,https://www.huertasystemsag.example.com,52,2024-06-14,1
1281,Frye Works Group,Biotech & Pharma,SMB,67,11771000.0,NA,United States,RI,West Cassandra,https://www.fryeworksgroup.example.com,55,2024-12-25,1
1282,Jensen Systems AG,Media & Entertainment,SMB,23,3902000.0,EMEA,Spain,,New Jasminefort,https://www.jensensystemsag.example.com,5,2021-10-13,1
1283,Pineda Logistics Group,Manufacturing,SMB,13,2046000.0,NA,United States,NM,Kevinbury,https://www.pinedalogisticsgroup.example.com,15,2022-08-01,1
1284,Goodwin Dynamics Inc,Financial Services,SMB,30,4651000.0,EMEA,Sweden,,New Bettyberg,https://www.goodwindynamicsinc.example.com,46,2022-08-09,1
1285,Carr Systems LLC,Telecommunications,SMB,34,3737000.0,APAC,Singapore,,Lake Annstad,https://www.carrsystemsllc.example.com,50,2021-08-04,1
1286,Holland Interactive Corp,Real Estate,SMB,7,1086000.0,NA,United States,FM,Lake Coreyborough,https://www.hollandinteractivecorp.example.com,28,2021-05-10,1
1287,Monroe Energy AG,Financial Services,Enterprise,123619,46957692000.0,NA,United States,WY,North Ashley,https://www.monroeenergyag.example.com,28,2024-06-10,1
1288,Gamble Logistics Co,Manufacturing,SMB,30,2934000.0,NA,Canada,,Woodburgh,https://www.gamblelogisticsco.example.com,15,2025-03-12,1
1289,Mccoy Technologies LLC,Software & SaaS,SMB,60,12622000.0,NA,United States,AK,Luketown,https://www.mccoytechnologiesllc.example.com,2,2026-01-19,0
1290,Gates Solutions Group,Logistics & Transportation,SMB,44,4292000.0,APAC,Singapore,,Frankmouth,https://www.gatessolutionsgroup.example.com,41,2026-02-06,1
1291,Trevino Networks Co,Media & Entertainment,SMB,168,24370000.0,EMEA,Sweden,,Sawyerland,https://www.trevinonetworksco.example.com,32,2026-06-30,1
1292,Tapia Energy Co,Hospitality,SMB,80,7206000.0,APAC,Japan,,Jordanport,https://www.tapiaenergyco.example.com,13,2021-04-27,1
1293,Peterson Materials GmbH,Software & SaaS,SMB,93,17875000.0,LATAM,Mexico,,Nicoleburgh,https://www.petersonmaterialsgmbh.example.com,44,2022-08-14,1
1294,Sherman Ventures Inc,Software & SaaS,SMB,200,22320000.0,NA,Canada,,Hoodview,https://www.shermanventuresinc.example.com,59,2021-04-26,1
1295,Burns Systems Inc,Software & SaaS,SMB,55,11563000.0,EMEA,Spain,,Fitzgeraldview,https://www.burnssystemsinc.example.com,18,2024-01-11,1
1296,Myers Analytics PLC,Biotech & Pharma,SMB,35,3350000.0,NA,United States,HI,Hernandezborough,https://www.myersanalyticsplc.example.com,37,2026-04-03,1
1297,Hicks Technologies Inc,Logistics & Transportation,SMB,65,12786000.0,NA,United States,OH,Lake Loganstad,https://www.hickstechnologiesinc.example.com,26,2021-02-26,1
1298,Robertson Solutions PLC,Financial Services,SMB,20,3507000.0,NA,Canada,,West Robertside,https://www.robertsonsolutionsplc.example.com,14,2023-03-21,1
1299,Abbott Holdings Corp,Software & SaaS,SMB,34,4164000.0,NA,United States,MP,Port Justin,https://www.abbottholdingscorp.example.com,29,2023-03-31,1
1300,Colon Bioscience Corp,Software & SaaS,SMB,19,2210000.0,EMEA,UAE,,Port Tonihaven,https://www.colonbiosciencecorp.example.com,5,2021-08-25,1
1301,Dixon Ventures LLC,Telecommunications,SMB,42,5733000.0,EMEA,Spain,,Bradfordbury,https://www.dixonventuresllc.example.com,18,2025-01-17,1
1302,Martin Logistics PLC,Retail & E-commerce,SMB,19,3756000.0,NA,Canada,,Alvarezshire,https://www.martinlogisticsplc.example.com,16,2022-08-09,1
1303,Wilkins Robotics LLC,Telecommunications,Mid-Market,1353,218370000.0,NA,Canada,,Lake Glenn,https://www.wilkinsroboticsllc.example.com,15,2022-09-22,1
1304,Thornton Systems Inc,Healthcare,Enterprise,10381,4465008000.0,EMEA,Germany,,Vasquezburgh,https://www.thorntonsystemsinc.example.com,46,2026-03-02,0
1305,Hurley Foods Ltd,Retail & E-commerce,Enterprise,71463,36030679000.0,EMEA,Netherlands,,Amberton,https://www.hurleyfoodsltd.example.com,32,2021-12-17,1
1306,Abbott Systems LLC,Education,SMB,18,3637000.0,EMEA,Germany,,Schwartzmouth,https://www.abbottsystemsllc.example.com,4,2022-07-19,1
1307,Steele Networks LLC,Financial Services,SMB,43,4850000.0,NA,United States,FL,South Lisaville,https://www.steelenetworksllc.example.com,55,2024-08-16,0
1308,Mcbride Cloud LLC,Healthcare,SMB,28,3807000.0,NA,United States,NC,Jasonburgh,https://www.mcbridecloudllc.example.com,37,2022-12-26,1
1309,Arellano Industries Ltd,Financial Services,Mid-Market,681,89642000.0,EMEA,Ireland,,Debbieview,https://www.arellanoindustriesltd.example.com,21,2023-08-21,1
1310,Mullen Foods PLC,Telecommunications,Mid-Market,533,148321000.0,EMEA,UAE,,East Ericbury,https://www.mullenfoodsplc.example.com,6,2022-12-22,1
1311,Stuart Partners AG,Media & Entertainment,Mid-Market,1727,486326000.0,NA,Canada,,Carlberg,https://www.stuartpartnersag.example.com,22,2022-02-11,1
1312,Stephens Bioscience AG,Retail & E-commerce,Mid-Market,200,24917000.0,NA,United States,TN,South Tinaton,https://www.stephensbioscienceag.example.com,14,2021-08-24,1
1313,Tate Networks Group,Media & Entertainment,SMB,7,846000.0,NA,United States,CT,South Alison,https://www.tatenetworksgroup.example.com,47,2025-03-07,1
1314,Williamson Solutions LLC,Financial Services,Mid-Market,1642,508296000.0,EMEA,Ireland,,Port Kathyshire,https://www.williamsonsolutionsllc.example.com,4,2022-01-29,0
1315,Myers Systems LLC,Professional Services,Mid-Market,326,68193000.0,NA,United States,NM,Christinachester,https://www.myerssystemsllc.example.com,35,2026-07-14,1
1316,Meyers Logistics LLC,Real Estate,SMB,10,1059000.0,EMEA,Germany,,West Nicholasfurt,https://www.meyerslogisticsllc.example.com,3,2021-01-18,1
1317,Buck Robotics Inc,Financial Services,Enterprise,5785,1348631000.0,LATAM,Brazil,,Port Paula,https://www.buckroboticsinc.example.com,44,2025-06-05,1
1318,Morales Systems Ltd,Government & Public Sector,SMB,13,2262000.0,NA,United States,RI,South Patriciamouth,https://www.moralessystemsltd.example.com,51,2025-12-30,1
1319,Stewart Technologies Inc,Manufacturing,Enterprise,26137,6145601000.0,NA,Canada,,Lake Stephen,https://www.stewarttechnologiesinc.example.com,43,2021-03-24,1
1320,Sandoval Networks Inc,Retail & E-commerce,Mid-Market,741,223081000.0,NA,Canada,,Ebonyfort,https://www.sandovalnetworksinc.example.com,26,2023-10-05,1
1321,Townsend Foods Corp,Logistics & Transportation,SMB,16,2159000.0,NA,Canada,,South Lisaville,https://www.townsendfoodscorp.example.com,37,2024-09-17,1
1322,Christian Materials GmbH,Professional Services,Mid-Market,406,112720000.0,APAC,New Zealand,,Bishopview,https://www.christianmaterialsgmbh.example.com,13,2023-09-14,1
1323,Cortez Systems Co,Financial Services,SMB,43,5130000.0,LATAM,Colombia,,East Marystad,https://www.cortezsystemsco.example.com,44,2025-06-02,1
1324,Soto Dynamics Corp,Healthcare,Mid-Market,316,94841000.0,NA,Canada,,East Isaacfort,https://www.sotodynamicscorp.example.com,25,2021-06-29,1
1325,Walter Systems LLC,Biotech & Pharma,Mid-Market,1694,485628000.0,APAC,Japan,,Chandlerchester,https://www.waltersystemsllc.example.com,56,2026-01-05,1
1326,Lindsey Logistics PLC,Biotech & Pharma,SMB,37,7495000.0,NA,Canada,,North Courtney,https://www.lindseylogisticsplc.example.com,9,2023-05-05,1
1327,Suarez Partners Group,Professional Services,Mid-Market,2000,629598000.0,EMEA,Spain,,Georgeside,https://www.suarezpartnersgroup.example.com,46,2022-05-17,1
1328,Orr Analytics AG,Financial Services,SMB,70,13110000.0,EMEA,United Kingdom,,West Steventon,https://www.orranalyticsag.example.com,5,2023-03-20,1
1329,Cox Ventures LLC,Media & Entertainment,SMB,55,10482000.0,NA,Canada,,West Justin,https://www.coxventuresllc.example.com,8,2022-05-10,1
1330,Lane Materials GmbH,Retail & E-commerce,SMB,70,6657000.0,EMEA,France,,East Joseph,https://www.lanematerialsgmbh.example.com,5,2022-11-22,1
1331,Henderson Capital PLC,Software & SaaS,SMB,49,10239000.0,EMEA,France,,South Patriciamouth,https://www.hendersoncapitalplc.example.com,57,2021-08-12,1
1332,Romero Works Corp,Software & SaaS,SMB,37,6094000.0,NA,United States,NY,Ashleyfort,https://www.romeroworkscorp.example.com,9,2025-02-21,1
1333,Goodman Capital Corp,Hospitality,SMB,72,11196000.0,LATAM,Argentina,,Jensenstad,https://www.goodmancapitalcorp.example.com,44,2022-07-28,0
1334,Clay Works AG,Software & SaaS,SMB,63,5757000.0,NA,United States,SC,Port Jamesland,https://www.clayworksag.example.com,53,2022-12-08,1
1335,Kline Works PLC,Healthcare,SMB,41,8475000.0,NA,Canada,,Ericland,https://www.klineworksplc.example.com,49,2025-09-08,1
1336,King Bioscience Inc,Financial Services,Mid-Market,535,131514000.0,LATAM,Chile,,Carlberg,https://www.kingbioscienceinc.example.com,40,2025-09-01,1
1337,Tate Networks Co,Media & Entertainment,SMB,82,13178000.0,NA,United States,IA,East Jaredfort,https://www.tatenetworksco.example.com,25,2024-09-27,1
1338,Alexander Systems PLC,Real Estate,Mid-Market,813,134512000.0,NA,United States,MT,Port Heather,https://www.alexandersystemsplc.example.com,52,2021-02-17,1
1339,Stevenson Systems Corp,Healthcare,SMB,5,986000.0,NA,United States,AZ,Fullerview,https://www.stevensonsystemscorp.example.com,43,2025-08-28,1
1340,Cunningham Bioscience PLC,Professional Services,SMB,25,4380000.0,NA,Canada,,Hansenmouth,https://www.cunninghambioscienceplc.example.com,11,2021-09-28,1
1341,Clay Bioscience Ltd,Financial Services,SMB,25,4839000.0,NA,United States,VA,Ericland,https://www.claybioscienceltd.example.com,15,2022-10-24,1
1342,Holden Logistics Group,Manufacturing,SMB,75,13506000.0,NA,United States,PR,Tracichester,https://www.holdenlogisticsgroup.example.com,25,2025-08-14,1
1343,Mann Foods Inc,Financial Services,SMB,102,21392000.0,EMEA,Netherlands,,Vasquezburgh,https://www.mannfoodsinc.example.com,54,2021-05-14,1
1344,Villegas Ventures Inc,Retail & E-commerce,SMB,10,1193000.0,NA,Canada,,South Frances,https://www.villegasventuresinc.example.com,48,2021-06-29,0
1345,Lopez Systems PLC,Automotive,SMB,91,10581000.0,APAC,New Zealand,,Amyfort,https://www.lopezsystemsplc.example.com,23,2023-06-19,1
1346,Carrillo Health PLC,Telecommunications,SMB,13,2374000.0,APAC,India,,Hendersonton,https://www.carrillohealthplc.example.com,56,2022-12-09,1
1347,Hull Analytics Corp,Financial Services,SMB,13,2017000.0,NA,Canada,,Townsendbury,https://www.hullanalyticscorp.example.com,37,2022-07-28,1
1348,Vaughn Labs Co,Construction,SMB,26,4365000.0,LATAM,Brazil,,North Dustinview,https://www.vaughnlabsco.example.com,40,2024-11-25,1
1349,Peters Holdings Co,Energy & Utilities,Mid-Market,660,130622000.0,APAC,New Zealand,,Atkinsborough,https://www.petersholdingsco.example.com,50,2025-07-09,1
1350,Daniels Systems GmbH,Retail & E-commerce,SMB,24,4371000.0,APAC,India,,Harrisland,https://www.danielssystemsgmbh.example.com,50,2026-06-18,1
1351,Mullins Networks Co,Non-Profit,Enterprise,13923,3755577000.0,EMEA,France,,South Michaelside,https://www.mullinsnetworksco.example.com,27,2021-06-17,1
1352,Preston Energy Ltd,Real Estate,Mid-Market,2000,540752000.0,NA,United States,MD,Townsendbury,https://www.prestonenergyltd.example.com,25,2024-01-08,1
1353,Finley Materials Ltd,Telecommunications,Enterprise,15979,7680707000.0,NA,Canada,,Mccannville,https://www.finleymaterialsltd.example.com,49,2025-05-07,1
1354,Liu Systems LLC,Financial Services,Mid-Market,200,30279000.0,APAC,Japan,,East Ellen,https://www.liusystemsllc.example.com,56,2021-12-10,1
1355,Greer Solutions PLC,Software & SaaS,SMB,9,1450000.0,NA,Canada,,Carlberg,https://www.greersolutionsplc.example.com,22,2022-12-26,1
1356,Cohen Works AG,Hospitality,SMB,51,9812000.0,APAC,Japan,,Garyport,https://www.cohenworksag.example.com,56,2021-01-13,1
1357,Tapia Works Inc,Energy & Utilities,SMB,52,6836000.0,EMEA,Netherlands,,South Davidview,https://www.tapiaworksinc.example.com,46,2021-06-30,0
1358,Garner Cloud Inc,Professional Services,Mid-Market,839,256708000.0,NA,Canada,,South Michaelside,https://www.garnercloudinc.example.com,52,2021-06-21,1
1359,Gibson Digital Co,Real Estate,SMB,69,13915000.0,NA,United States,NV,Hugheshaven,https://www.gibsondigitalco.example.com,39,2024-03-19,1
1360,Bridges Ventures PLC,Non-Profit,SMB,22,2288000.0,LATAM,Chile,,West Travischester,https://www.bridgesventuresplc.example.com,40,2023-09-26,1
1361,Hudson Energy Inc,Manufacturing,Enterprise,15179,4651887000.0,NA,United States,MI,Toddhaven,https://www.hudsonenergyinc.example.com,39,2021-03-02,1
1362,Mueller Cloud PLC,Manufacturing,SMB,30,5173000.0,EMEA,United Kingdom,,Wilcoxfort,https://www.muellercloudplc.example.com,1,2023-07-31,1
1363,Wilkinson Labs Group,Financial Services,SMB,30,6172000.0,LATAM,Argentina,,Ryanburgh,https://www.wilkinsonlabsgroup.example.com,44,2021-04-05,1
1364,Roberson Metrics LLC,Software & SaaS,Mid-Market,366,58946000.0,NA,United States,ND,North Kevintown,https://www.robersonmetricsllc.example.com,9,2021-10-18,1
1365,Solomon Materials LLC,Retail & E-commerce,SMB,112,13759000.0,NA,Canada,,Whitebury,https://www.solomonmaterialsllc.example.com,11,2025-08-06,1
1366,Wyatt Labs Co,Retail & E-commerce,SMB,5,662000.0,EMEA,Ireland,,Port Scott,https://www.wyattlabsco.example.com,5,2022-11-08,1
1367,Parrish Bioscience Ltd,Software & SaaS,Mid-Market,200,59039000.0,APAC,Australia,,South Rebeccaton,https://www.parrishbioscienceltd.example.com,23,2024-09-13,1
1368,Solomon Dynamics Co,Media & Entertainment,SMB,15,1946000.0,NA,United States,WI,Lopezstad,https://www.solomondynamicsco.example.com,59,2022-03-28,1
1369,Frey Dynamics Ltd,Manufacturing,SMB,31,5064000.0,NA,Canada,,Guerreroport,https://www.freydynamicsltd.example.com,47,2021-06-04,1
1370,Petersen Networks GmbH,Retail & E-commerce,SMB,14,2011000.0,NA,United States,SD,North Kylie,https://www.petersennetworksgmbh.example.com,16,2025-06-20,1
1371,Moore Digital GmbH,Logistics & Transportation,Mid-Market,482,104471000.0,NA,United States,TX,Luketown,https://www.mooredigitalgmbh.example.com,51,2021-08-26,1
1372,Humphrey Ventures PLC,Healthcare,SMB,26,2705000.0,NA,Canada,,Lake Jose,https://www.humphreyventuresplc.example.com,22,2022-05-26,1
1373,Moss Solutions Co,Energy & Utilities,Enterprise,11260,3024951000.0,NA,United States,OK,Port Tyler,https://www.mosssolutionsco.example.com,24,2024-03-07,1
1374,Phelps Health LLC,Logistics & Transportation,Mid-Market,2000,576248000.0,APAC,New Zealand,,North Timothyport,https://www.phelpshealthllc.example.com,56,2023-07-20,1
1375,Ho Holdings PLC,Retail & E-commerce,SMB,28,5764000.0,NA,Canada,,Kimberlybury,https://www.hoholdingsplc.example.com,22,2025-11-04,1
1376,Simmons Analytics PLC,Manufacturing,SMB,19,2216000.0,APAC,Australia,,Guerreroport,https://www.simmonsanalyticsplc.example.com,13,2026-06-05,1
1377,Baker Interactive AG,Software & SaaS,SMB,33,5261000.0,APAC,New Zealand,,North Chadview,https://www.bakerinteractiveag.example.com,50,2021-07-23,1
1378,Gates Logistics PLC,Real Estate,Mid-Market,386,120300000.0,EMEA,Netherlands,,Lake Amyhaven,https://www.gateslogisticsplc.example.com,19,2021-11-23,0
1379,Hampton Capital LLC,Construction,SMB,50,8366000.0,EMEA,Ireland,,Gregoryburgh,https://www.hamptoncapitalllc.example.com,46,2023-10-31,1
1380,Shaw Networks Ltd,Software & SaaS,SMB,26,2478000.0,NA,Canada,,Garrettfurt,https://www.shawnetworksltd.example.com,30,2021-07-23,1
1381,Lang Energy PLC,Healthcare,SMB,22,2254000.0,EMEA,United Kingdom,,Port Jessica,https://www.langenergyplc.example.com,3,2023-04-19,1
1382,Walker Partners AG,Hospitality,Enterprise,8693,3710390000.0,NA,United States,HI,Martinezport,https://www.walkerpartnersag.example.com,47,2022-06-24,1
1383,Watkins Solutions Group,Telecommunications,SMB,27,5841000.0,NA,Canada,,Lake Glenn,https://www.watkinssolutionsgroup.example.com,12,2025-06-20,1
1384,Huynh Systems GmbH,Healthcare,Mid-Market,1144,233867000.0,EMEA,Ireland,,Davisstad,https://www.huynhsystemsgmbh.example.com,42,2025-09-30,1
1385,Ponce Interactive Group,Education,SMB,31,5468000.0,NA,Canada,,Bradleyberg,https://www.ponceinteractivegroup.example.com,55,2021-12-30,1
1386,Duke Foods Corp,Non-Profit,Enterprise,16046,2786813000.0,NA,Canada,,Port Tonihaven,https://www.dukefoodscorp.example.com,22,2021-05-15,1
1387,Brown Materials AG,Financial Services,SMB,8,755000.0,EMEA,Spain,,West Taramouth,https://www.brownmaterialsag.example.com,3,2026-06-17,1
1388,Key Materials LLC,Energy & Utilities,SMB,44,8503000.0,NA,United States,MI,Kristyport,https://www.keymaterialsllc.example.com,55,2021-07-29,1
1389,Freeman Systems LLC,Professional Services,Enterprise,24393,8722284000.0,NA,United States,FL,South Tinaton,https://www.freemansystemsllc.example.com,51,2021-09-09,1
1390,Powers Industries GmbH,Software & SaaS,Enterprise,53521,17237423000.0,NA,United States,NJ,North Sheenaborough,https://www.powersindustriesgmbh.example.com,33,2021-12-23,1
1391,Lewis Bioscience AG,Biotech & Pharma,SMB,22,3434000.0,NA,Canada,,Katelynfurt,https://www.lewisbioscienceag.example.com,9,2022-05-11,1
1392,Cantu Partners Inc,Construction,SMB,81,8082000.0,EMEA,Germany,,North Joyside,https://www.cantupartnersinc.example.com,60,2021-07-26,1
1393,Humphrey Systems GmbH,Telecommunications,SMB,49,8746000.0,EMEA,Ireland,,Duffyshire,https://www.humphreysystemsgmbh.example.com,6,2022-04-08,1
1394,Herrera Bioscience Ltd,Logistics & Transportation,SMB,76,11774000.0,NA,United States,NY,Lake Deborah,https://www.herrerabioscienceltd.example.com,33,2021-02-05,1
1395,Adkins Dynamics GmbH,Media & Entertainment,SMB,14,1633000.0,EMEA,Spain,,Robertstad,https://www.adkinsdynamicsgmbh.example.com,45,2024-11-01,1
1396,Lyons Capital Co,Education,Mid-Market,1554,402985000.0,LATAM,Mexico,,Sparksmouth,https://www.lyonscapitalco.example.com,40,2022-01-07,0
1397,Waller Bioscience Ltd,Financial Services,SMB,23,4694000.0,EMEA,Spain,,Fullerview,https://www.wallerbioscienceltd.example.com,36,2024-12-11,1
1398,Todd Foods Group,Healthcare,Mid-Market,626,103505000.0,EMEA,Ireland,,West Bryan,https://www.toddfoodsgroup.example.com,19,2023-11-15,1
1399,Trevino Dynamics Ltd,Software & SaaS,SMB,12,1535000.0,EMEA,UAE,,North Susanside,https://www.trevinodynamicsltd.example.com,46,2022-12-27,1
1400,Thompson Metrics Corp,Manufacturing,SMB,18,2286000.0,APAC,India,,Geraldport,https://www.thompsonmetricscorp.example.com,23,2026-04-03,0
1401,Velasquez Analytics Corp,Real Estate,Mid-Market,692,193869000.0,LATAM,Brazil,,Singletonport,https://www.velasquezanalyticscorp.example.com,44,2022-07-21,1
1402,Brandt Bioscience Group,Government & Public Sector,SMB,80,10037000.0,NA,United States,AZ,Tracichester,https://www.brandtbiosciencegroup.example.com,47,2021-09-15,1
1403,Hoover Dynamics Corp,Manufacturing,Mid-Market,200,56797000.0,NA,United States,ME,Jamestown,https://www.hooverdynamicscorp.example.com,59,2023-06-21,1
1404,Lyons Holdings LLC,Education,SMB,96,18218000.0,NA,United States,UT,Dannyburgh,https://www.lyonsholdingsllc.example.com,10,2021-07-12,1
1405,Shepard Metrics GmbH,Media & Entertainment,Enterprise,27905,10742001000.0,EMEA,Germany,,Jensenport,https://www.shepardmetricsgmbh.example.com,36,2022-02-01,1
1406,Hardin Partners Corp,Retail & E-commerce,Mid-Market,369,66069000.0,NA,Canada,,Sarahfort,https://www.hardinpartnerscorp.example.com,43,2025-09-02,0
1407,Pena Systems Corp,Energy & Utilities,Mid-Market,1248,155786000.0,APAC,Australia,,Brittanyland,https://www.penasystemscorp.example.com,50,2025-06-30,1
1408,Robles Analytics AG,Financial Services,SMB,13,2363000.0,NA,Canada,,Jillianfort,https://www.roblesanalyticsag.example.com,17,2022-12-07,1
1409,Larsen Networks Co,Software & SaaS,SMB,22,4563000.0,EMEA,France,,Kingmouth,https://www.larsennetworksco.example.com,21,2022-12-23,1
1410,Dixon Networks PLC,Manufacturing,SMB,29,3475000.0,NA,Canada,,Amberton,https://www.dixonnetworksplc.example.com,43,2023-06-05,1
1411,Blackburn Solutions AG,Construction,SMB,49,9419000.0,NA,Canada,,North Roger,https://www.blackburnsolutionsag.example.com,34,2021-04-29,1
1412,Huerta Ventures GmbH,Construction,SMB,8,1316000.0,NA,Canada,,South Henry,https://www.huertaventuresgmbh.example.com,51,2021-12-24,1
1413,Choi Networks Corp,Education,SMB,9,1171000.0,EMEA,United Kingdom,,East Jaredfort,https://www.choinetworkscorp.example.com,42,2023-06-23,1
1414,Mueller Materials Co,Media & Entertainment,SMB,45,4257000.0,NA,Canada,,Tylerland,https://www.muellermaterialsco.example.com,2,2022-04-07,1
1415,Dickson Partners GmbH,Education,SMB,7,1375000.0,NA,Canada,,West Robertfort,https://www.dicksonpartnersgmbh.example.com,30,2021-11-04,1
1416,Stokes Logistics Co,Retail & E-commerce,SMB,22,2669000.0,EMEA,United Kingdom,,Thompsonstad,https://www.stokeslogisticsco.example.com,7,2023-11-16,1
1417,Thornton Metrics Group,Healthcare,SMB,35,6024000.0,APAC,New Zealand,,Robbinsstad,https://www.thorntonmetricsgroup.example.com,56,2023-06-05,1
1418,Sheppard Energy Co,Software & SaaS,SMB,43,6938000.0,EMEA,United Kingdom,,Michelleland,https://www.sheppardenergyco.example.com,45,2022-04-18,0
1419,Nicholson Energy Inc,Software & SaaS,Mid-Market,661,136325000.0,EMEA,Spain,,Englishchester,https://www.nicholsonenergyinc.example.com,45,2025-12-04,1
1420,Buck Industries GmbH,Construction,SMB,28,2536000.0,NA,Canada,,West Cassandra,https://www.buckindustriesgmbh.example.com,38,2024-09-06,1
1421,Wood Metrics Ltd,Real Estate,SMB,24,5262000.0,APAC,Australia,,New Tara,https://www.woodmetricsltd.example.com,41,2023-08-01,1
1422,Bennett Networks Group,Energy & Utilities,SMB,59,11556000.0,NA,United States,DE,Millerfort,https://www.bennettnetworksgroup.example.com,25,2021-10-29,1
1423,Maxwell Foods Co,Hospitality,Mid-Market,833,128282000.0,APAC,Australia,,Laurenborough,https://www.maxwellfoodsco.example.com,13,2023-11-17,0
1424,Ryan Energy Inc,Media & Entertainment,SMB,39,5976000.0,APAC,Singapore,,Freemanland,https://www.ryanenergyinc.example.com,56,2024-02-06,1
1425,Boone Logistics GmbH,Energy & Utilities,SMB,19,3390000.0,NA,United States,MT,Lake Timothyshire,https://www.boonelogisticsgmbh.example.com,22,2023-06-27,1
1426,Klein Materials Co,Professional Services,Enterprise,53635,22698111000.0,NA,Canada,,South Davidhaven,https://www.kleinmaterialsco.example.com,22,2023-10-27,1
1427,Joseph Technologies Inc,Software & SaaS,SMB,32,4863000.0,EMEA,Sweden,,North Jenniferchester,https://www.josephtechnologiesinc.example.com,21,2021-08-24,1
1428,Cook Industries Co,Financial Services,Enterprise,7379,2043952000.0,EMEA,United Kingdom,,Leemouth,https://www.cookindustriesco.example.com,42,2022-05-03,1
1429,Bryan Digital Inc,Logistics & Transportation,Mid-Market,698,198030000.0,EMEA,Netherlands,,Davisborough,https://www.bryandigitalinc.example.com,54,2025-06-26,1
1430,Valdez Health Corp,Software & SaaS,SMB,42,7845000.0,LATAM,Colombia,,Martinezport,https://www.valdezhealthcorp.example.com,44,2021-07-06,1
1431,Tran Networks GmbH,Education,SMB,114,12251000.0,EMEA,United Kingdom,,Frankview,https://www.trannetworksgmbh.example.com,36,2023-07-14,1
1432,Bradford Foods Ltd,Professional Services,Mid-Market,2000,344439000.0,NA,Canada,,Lisaside,https://www.bradfordfoodsltd.example.com,43,2025-07-22,1
1433,Fitzgerald Health Co,Professional Services,Enterprise,16160,6288021000.0,EMEA,Germany,,East Douglas,https://www.fitzgeraldhealthco.example.com,7,2021-01-25,1
1434,Heath Bioscience Co,Healthcare,SMB,57,8437000.0,NA,United States,DE,West Natasha,https://www.heathbioscienceco.example.com,14,2026-03-17,1
1435,Cook Dynamics Co,Financial Services,SMB,78,10422000.0,EMEA,United Kingdom,,East Kristen,https://www.cookdynamicsco.example.com,7,2025-06-09,1
1436,Benson Digital Inc,Construction,SMB,20,2995000.0,APAC,Australia,,Diazton,https://www.bensondigitalinc.example.com,13,2024-04-02,1
1437,Larsen Foods Group,Non-Profit,SMB,21,3120000.0,NA,United States,PA,Port Edwardfort,https://www.larsenfoodsgroup.example.com,59,2024-03-21,1
1438,Huber Ventures GmbH,Healthcare,Mid-Market,457,141094000.0,APAC,Australia,,Lake James,https://www.huberventuresgmbh.example.com,50,2025-04-25,1
1439,Salazar Logistics AG,Government & Public Sector,SMB,26,2824000.0,APAC,India,,Wilsonmouth,https://www.salazarlogisticsag.example.com,41,2021-09-06,1
1440,Frank Robotics LLC,Government & Public Sector,Mid-Market,2000,628724000.0,NA,Canada,,Lopezstad,https://www.frankroboticsllc.example.com,14,2024-03-05,1
1441,Lara Holdings AG,Healthcare,Mid-Market,699,210935000.0,APAC,New Zealand,,Port Donnashire,https://www.laraholdingsag.example.com,41,2022-05-16,1
1442,Galloway Ventures Inc,Manufacturing,Mid-Market,2000,479846000.0,EMEA,Sweden,,South Sarahberg,https://www.gallowayventuresinc.example.com,60,2025-05-20,1
1443,Baldwin Works Co,Biotech & Pharma,SMB,28,6074000.0,NA,Canada,,Whitneyberg,https://www.baldwinworksco.example.com,26,2023-03-31,1
1444,Ponce Ventures GmbH,Real Estate,Mid-Market,252,43718000.0,NA,Canada,,South Jennifer,https://www.ponceventuresgmbh.example.com,59,2024-08-01,1
1445,Ramos Solutions LLC,Education,Mid-Market,726,204334000.0,NA,Canada,,North Lisa,https://www.ramossolutionsllc.example.com,2,2021-09-01,1
1446,Nichols Dynamics AG,Construction,Mid-Market,470,122350000.0,EMEA,United Kingdom,,South Jonathanbury,https://www.nicholsdynamicsag.example.com,54,2021-12-13,1
1447,Ayers Analytics AG,Hospitality,SMB,14,1288000.0,NA,United States,PR,Jensenport,https://www.ayersanalyticsag.example.com,24,2025-02-03,1
1448,Parker Digital Corp,Software & SaaS,SMB,81,7396000.0,NA,Canada,,Thomasville,https://www.parkerdigitalcorp.example.com,51,2022-08-10,1
1449,Melton Solutions AG,Retail & E-commerce,SMB,61,8451000.0,APAC,Australia,,Thompsonton,https://www.meltonsolutionsag.example.com,23,2023-03-23,1
1450,Hubbard Analytics Inc,Government & Public Sector,Mid-Market,702,221434000.0,EMEA,Ireland,,Lake Timothyshire,https://www.hubbardanalyticsinc.example.com,18,2024-04-29,1
1451,Mills Networks Co,Software & SaaS,Mid-Market,1581,309007000.0,EMEA,UAE,,Brownchester,https://www.millsnetworksco.example.com,45,2021-09-04,1
1452,Bruce Solutions Group,Software & SaaS,SMB,25,4266000.0,LATAM,Mexico,,Port Penny,https://www.brucesolutionsgroup.example.com,44,2022-03-14,1
1453,Cruz Digital Ltd,Hospitality,SMB,51,5781000.0,NA,United States,MH,Daniellestad,https://www.cruzdigitalltd.example.com,22,2022-04-15,1
1454,Calderon Systems Group,Real Estate,SMB,37,5895000.0,NA,Canada,,Amybury,https://www.calderonsystemsgroup.example.com,17,2025-09-26,1
1455,Huff Works Corp,Financial Services,Mid-Market,840,110673000.0,EMEA,Ireland,,West Natasha,https://www.huffworkscorp.example.com,1,2021-07-06,1
1456,Thornton Metrics PLC,Financial Services,SMB,54,9934000.0,NA,Canada,,North Joyside,https://www.thorntonmetricsplc.example.com,2,2022-06-23,1
1457,Aguilar Bioscience LLC,Professional Services,SMB,11,1125000.0,NA,Canada,,Port Donnashire,https://www.aguilarbiosciencellc.example.com,11,2026-02-18,1
1458,Huff Technologies GmbH,Financial Services,Mid-Market,1579,504770000.0,EMEA,Ireland,,Townsendbury,https://www.hufftechnologiesgmbh.example.com,42,2025-01-22,1
1459,Flores Foods PLC,Financial Services,Mid-Market,382,109883000.0,NA,Canada,,West John,https://www.floresfoodsplc.example.com,14,2023-12-26,1
1460,Walls Dynamics Group,Non-Profit,SMB,28,6103000.0,EMEA,Ireland,,West Ronaldview,https://www.wallsdynamicsgroup.example.com,6,2023-05-03,1
1461,Mitchell Foods PLC,Professional Services,SMB,30,4013000.0,EMEA,UAE,,East Angela,https://www.mitchellfoodsplc.example.com,18,2025-02-04,1
1462,Davidson Interactive Group,Manufacturing,Enterprise,38113,13292226000.0,EMEA,UAE,,Kristinamouth,https://www.davidsoninteractivegroup.example.com,58,2025-12-29,1
1463,Flowers Partners Co,Education,Mid-Market,341,56026000.0,NA,United States,KS,Shannonstad,https://www.flowerspartnersco.example.com,52,2025-10-21,1
1464,Mccormick Holdings Ltd,Retail & E-commerce,SMB,50,8676000.0,NA,Canada,,Angelamouth,https://www.mccormickholdingsltd.example.com,33,2023-10-31,1
1465,Barnes Cloud GmbH,Healthcare,SMB,19,1983000.0,APAC,India,,Gonzalezmouth,https://www.barnescloudgmbh.example.com,41,2024-05-03,1
1466,Benson Technologies Corp,Automotive,SMB,5,911000.0,APAC,India,,New Matthew,https://www.bensontechnologiescorp.example.com,13,2024-09-02,1
1467,Obrien Digital Co,Logistics & Transportation,SMB,14,2790000.0,NA,Canada,,Lake James,https://www.obriendigitalco.example.com,15,2024-11-22,1
1468,Russell Logistics Corp,Education,Mid-Market,640,169680000.0,NA,United States,AZ,East Kristen,https://www.russelllogisticscorp.example.com,48,2024-05-16,1
1469,Ramirez Labs GmbH,Manufacturing,SMB,30,3111000.0,EMEA,Germany,,Wesleychester,https://www.ramirezlabsgmbh.example.com,4,2021-09-16,0
1470,Church Capital GmbH,Logistics & Transportation,SMB,33,3510000.0,NA,United States,TN,Michelleland,https://www.churchcapitalgmbh.example.com,34,2024-07-12,1
1471,Stafford Cloud LLC,Healthcare,Mid-Market,614,73765000.0,NA,Canada,,Marcuston,https://www.staffordcloudllc.example.com,22,2022-07-29,1
1472,Davis Robotics Inc,Retail & E-commerce,Enterprise,28924,6022799000.0,NA,Canada,,Port Heather,https://www.davisroboticsinc.example.com,16,2021-10-14,1
1473,Stewart Digital AG,Education,Mid-Market,550,127359000.0,NA,Canada,,Port Julie,https://www.stewartdigitalag.example.com,15,2021-05-25,1
1474,Frank Digital LLC,Professional Services,SMB,111,14046000.0,NA,United States,CA,New Jasminefort,https://www.frankdigitalllc.example.com,39,2021-12-10,1
1475,Klein Labs LLC,Professional Services,SMB,48,4394000.0,NA,Canada,,Tylerland,https://www.kleinlabsllc.example.com,39,2023-02-20,1
1476,Weber Technologies LLC,Software & SaaS,SMB,33,7200000.0,APAC,Australia,,Josephport,https://www.webertechnologiesllc.example.com,23,2021-12-17,1
1477,Hill Foods LLC,Logistics & Transportation,SMB,30,5034000.0,NA,Canada,,Thompsonstad,https://www.hillfoodsllc.example.com,37,2023-12-19,1
1478,Norman Materials Inc,Manufacturing,SMB,72,12167000.0,NA,United States,OK,Thomasfurt,https://www.normanmaterialsinc.example.com,28,2026-03-09,0
1479,Mcdowell Solutions Ltd,Media & Entertainment,SMB,20,4293000.0,NA,Canada,,Alvarezburgh,https://www.mcdowellsolutionsltd.example.com,30,2021-03-08,1
1480,Bird Dynamics Co,Government & Public Sector,SMB,28,5549000.0,APAC,Australia,,Sandrafort,https://www.birddynamicsco.example.com,41,2021-06-25,1
1481,Ross Technologies Inc,Real Estate,Mid-Market,308,59311000.0,NA,United States,SD,East Jenniferborough,https://www.rosstechnologiesinc.example.com,52,2021-12-17,1
1482,Guzman Digital Ltd,Healthcare,Enterprise,11721,5595857000.0,NA,Canada,,New Donna,https://www.guzmandigitalltd.example.com,33,2024-11-11,1
1483,Jones Partners LLC,Telecommunications,SMB,13,2546000.0,EMEA,Sweden,,West Derekmouth,https://www.jonespartnersllc.example.com,46,2022-01-21,1
1484,Frey Foods Co,Software & SaaS,SMB,91,12206000.0,EMEA,France,,East Thomasland,https://www.freyfoodsco.example.com,20,2021-09-30,1
1485,Zamora Robotics PLC,Software & SaaS,SMB,42,5608000.0,APAC,Singapore,,North Jillfort,https://www.zamoraroboticsplc.example.com,50,2021-08-04,1
1486,Mann Labs Corp,Financial Services,SMB,18,2303000.0,NA,Canada,,Simsburgh,https://www.mannlabscorp.example.com,35,2021-07-29,1
1487,Morrison Logistics Group,Manufacturing,SMB,29,3917000.0,NA,United States,PW,New Danielfurt,https://www.morrisonlogisticsgroup.example.com,15,2024-04-15,1
1488,Li Dynamics AG,Logistics & Transportation,SMB,46,6350000.0,NA,Canada,,Carlberg,https://www.lidynamicsag.example.com,29,2024-03-20,1
1489,Frye Dynamics GmbH,Manufacturing,Mid-Market,1554,304998000.0,EMEA,Ireland,,Brownberg,https://www.fryedynamicsgmbh.example.com,20,2022-03-24,0
1490,Mcdowell Energy GmbH,Education,SMB,26,2813000.0,NA,Canada,,New Melissa,https://www.mcdowellenergygmbh.example.com,2,2022-11-11,1
1491,Roth Industries LLC,Software & SaaS,Enterprise,45053,19447238000.0,NA,United States,OH,Andrewfort,https://www.rothindustriesllc.example.com,29,2023-10-06,1
1492,Bradley Metrics Group,Logistics & Transportation,SMB,21,2862000.0,NA,Canada,,Amberton,https://www.bradleymetricsgroup.example.com,48,2026-04-16,0
1493,Casey Solutions Corp,Healthcare,SMB,19,2813000.0,LATAM,Brazil,,West Robertfort,https://www.caseysolutionscorp.example.com,40,2024-06-07,1
1494,Chen Logistics LLC,Manufacturing,SMB,40,5209000.0,NA,United States,PW,New Whitney,https://www.chenlogisticsllc.example.com,38,2024-11-07,1
1495,Waller Digital Corp,Logistics & Transportation,SMB,24,2676000.0,NA,United States,MN,New Bettyberg,https://www.wallerdigitalcorp.example.com,52,2026-04-28,1
1496,Mccarty Partners Group,Software & SaaS,SMB,22,3048000.0,APAC,India,,Cruzbury,https://www.mccartypartnersgroup.example.com,41,2022-07-08,1
1497,Graham Holdings Co,Manufacturing,Enterprise,15011,7382342000.0,EMEA,United Kingdom,,South Alison,https://www.grahamholdingsco.example.com,21,2021-04-06,1
1498,Cooper Analytics PLC,Real Estate,SMB,11,1678000.0,EMEA,Netherlands,,New Kevin,https://www.cooperanalyticsplc.example.com,58,2024-06-13,1
1499,Ortiz Systems Corp,Healthcare,SMB,33,6062000.0,EMEA,Netherlands,,Freemanville,https://www.ortizsystemscorp.example.com,27,2021-06-16,1
1500,Lin Bioscience PLC,Real Estate,SMB,27,4926000.0,NA,United States,NH,Ryanside,https://www.linbioscienceplc.example.com,24,2022-10-24,1
1501,Montoya Solutions Corp,Financial Services,SMB,24,2792000.0,APAC,Japan,,Grahamland,https://www.montoyasolutionscorp.example.com,56,2024-05-29,1
1502,Petersen Analytics Co,Real Estate,SMB,36,3412000.0,NA,United States,ME,New Julieshire,https://www.petersenanalyticsco.example.com,47,2023-05-21,1
1503,Branch Partners Group,Financial Services,SMB,55,7122000.0,LATAM,Colombia,,North Jenniferchester,https://www.branchpartnersgroup.example.com,44,2022-06-17,1
1504,Oliver Ventures Inc,Construction,Mid-Market,481,81243000.0,NA,United States,CT,Javierport,https://www.oliverventuresinc.example.com,43,2023-03-02,0
1505,Phillips Holdings Inc,Financial Services,SMB,53,5853000.0,EMEA,Ireland,,Toddberg,https://www.phillipsholdingsinc.example.com,6,2021-12-16,0
1506,Fischer Energy LLC,Automotive,SMB,47,6648000.0,EMEA,France,,Proctorberg,https://www.fischerenergyllc.example.com,1,2021-04-14,1
1507,Gallegos Interactive Ltd,Financial Services,Mid-Market,1843,322468000.0,NA,United States,MS,Jillianfort,https://www.gallegosinteractiveltd.example.com,39,2022-09-12,1
1508,Mckee Logistics Inc,Telecommunications,Mid-Market,638,134576000.0,NA,Canada,,East Jaredfort,https://www.mckeelogisticsinc.example.com,48,2021-03-23,1
1509,Harris Solutions Co,Healthcare,SMB,26,5650000.0,EMEA,UAE,,Lake Annstad,https://www.harrissolutionsco.example.com,6,2026-05-06,1
1510,Vincent Analytics LLC,Software & SaaS,SMB,20,2271000.0,NA,Canada,,Muellerchester,https://www.vincentanalyticsllc.example.com,29,2022-11-09,1
1511,Branch Labs Corp,Software & SaaS,SMB,14,1840000.0,LATAM,Mexico,,North Courtney,https://www.branchlabscorp.example.com,40,2025-06-06,1
1512,Christensen Dynamics Group,Financial Services,SMB,20,3685000.0,NA,Canada,,Lisatown,https://www.christensendynamicsgroup.example.com,24,2026-01-19,1
1513,Sanchez Dynamics LLC,Manufacturing,SMB,32,4998000.0,EMEA,Netherlands,,Ashleyport,https://www.sanchezdynamicsllc.example.com,5,2022-11-11,1
1514,Olson Ventures Co,Media & Entertainment,Mid-Market,1028,174379000.0,EMEA,Spain,,Port Kristenview,https://www.olsonventuresco.example.com,4,2022-09-22,1
1515,Spears Materials AG,Retail & E-commerce,SMB,17,1627000.0,NA,Canada,,Lake Sean,https://www.spearsmaterialsag.example.com,34,2025-07-04,1
1516,Arellano Interactive Ltd,Education,Mid-Market,960,204756000.0,EMEA,Sweden,,Lake Darlenemouth,https://www.arellanointeractiveltd.example.com,60,2021-02-24,1
1517,Cannon Logistics Group,Software & SaaS,SMB,33,3664000.0,EMEA,Netherlands,,North Garyfurt,https://www.cannonlogisticsgroup.example.com,20,2023-01-06,1
1518,Sheppard Partners GmbH,Energy & Utilities,Mid-Market,340,80060000.0,EMEA,France,,South Sean,https://www.sheppardpartnersgmbh.example.com,60,2022-01-18,1
1519,Sandoval Capital AG,Professional Services,Mid-Market,832,218169000.0,EMEA,France,,Alexandrachester,https://www.sandovalcapitalag.example.com,27,2024-06-25,1
1520,Sellers Health PLC,Financial Services,SMB,15,3174000.0,EMEA,Spain,,West Shannon,https://www.sellershealthplc.example.com,6,2025-01-29,0
1521,Torres Capital LLC,Professional Services,SMB,9,931000.0,NA,United States,SD,Port Carloschester,https://www.torrescapitalllc.example.com,25,2023-09-21,1
1522,Delacruz Technologies LLC,Healthcare,SMB,58,10009000.0,NA,Canada,,North Chadview,https://www.delacruztechnologiesllc.example.com,38,2022-09-05,1
1523,Brandt Systems AG,Retail & E-commerce,Mid-Market,2000,510858000.0,NA,United States,WV,Bentleyside,https://www.brandtsystemsag.example.com,51,2023-05-15,1
1524,Frank Robotics AG,Professional Services,SMB,22,4246000.0,EMEA,France,,Rebeccaberg,https://www.frankroboticsag.example.com,4,2023-06-15,1
1525,Zimmerman Ventures Corp,Energy & Utilities,SMB,16,1992000.0,APAC,Singapore,,Richardsonshire,https://www.zimmermanventurescorp.example.com,23,2023-10-23,1
1526,Le Partners Co,Logistics & Transportation,SMB,13,2395000.0,NA,United States,MO,North Jenniferchester,https://www.lepartnersco.example.com,2,2025-10-15,1
1527,Adkins Works Co,Manufacturing,Mid-Market,763,128488000.0,EMEA,Ireland,,South Diana,https://www.adkinsworksco.example.com,46,2021-12-21,1
1528,Ramos Labs GmbH,Media & Entertainment,SMB,43,4820000.0,NA,Canada,,South Shawnfort,https://www.ramoslabsgmbh.example.com,35,2021-10-18,1
1529,Simmons Partners Group,Logistics & Transportation,SMB,88,11178000.0,EMEA,Germany,,South Shawnfort,https://www.simmonspartnersgroup.example.com,4,2021-09-29,0
1530,Burton Foods PLC,Construction,Enterprise,12481,5233853000.0,EMEA,Germany,,Lake Amyhaven,https://www.burtonfoodsplc.example.com,3,2024-02-28,1
1531,Martin Digital AG,Professional Services,SMB,23,3002000.0,EMEA,United Kingdom,,Port Kathyshire,https://www.martindigitalag.example.com,19,2025-08-22,1
1532,Ramsey Solutions Group,Software & SaaS,Mid-Market,1243,158903000.0,EMEA,Ireland,,Bradleychester,https://www.ramseysolutionsgroup.example.com,18,2022-04-18,1
1533,Weber Digital Group,Manufacturing,SMB,26,5708000.0,EMEA,Netherlands,,North Jillfort,https://www.weberdigitalgroup.example.com,6,2022-09-23,1
1534,Mendoza Ventures LLC,Media & Entertainment,SMB,70,8253000.0,NA,United States,HI,East David,https://www.mendozaventuresllc.example.com,26,2026-03-20,1
1535,Goodwin Partners PLC,Telecommunications,Mid-Market,1063,304588000.0,NA,United States,NH,Kellerside,https://www.goodwinpartnersplc.example.com,10,2021-07-21,1
1536,Valdez Capital Group,Financial Services,Mid-Market,796,234392000.0,NA,Canada,,Port Kristenview,https://www.valdezcapitalgroup.example.com,15,2025-05-30,1
1537,Hale Energy Inc,Professional Services,Mid-Market,727,229571000.0,APAC,Singapore,,Mathewport,https://www.haleenergyinc.example.com,13,2026-02-18,1
1538,Moreno Systems Co,Education,SMB,8,854000.0,EMEA,United Kingdom,,Susanland,https://www.morenosystemsco.example.com,27,2024-10-29,1
1539,Short Dynamics Ltd,Software & SaaS,SMB,138,29027000.0,NA,United States,WI,Chloeview,https://www.shortdynamicsltd.example.com,49,2022-05-04,1
1540,Lloyd Metrics Inc,Software & SaaS,SMB,197,21877000.0,NA,Canada,,West Theresamouth,https://www.lloydmetricsinc.example.com,25,2023-11-29,1
1541,Perez Solutions PLC,Energy & Utilities,SMB,5,1022000.0,NA,United States,ID,Ramirezshire,https://www.perezsolutionsplc.example.com,9,2022-02-25,1
1542,Silva Analytics Ltd,Real Estate,SMB,29,5062000.0,LATAM,Brazil,,Mcdowellville,https://www.silvaanalyticsltd.example.com,40,2021-06-16,1
1543,Mcpherson Materials Co,Healthcare,SMB,18,2970000.0,NA,United States,ME,Andrewfort,https://www.mcphersonmaterialsco.example.com,43,2021-06-01,1
1544,Holder Logistics Corp,Financial Services,SMB,25,4692000.0,EMEA,United Kingdom,,Atkinsborough,https://www.holderlogisticscorp.example.com,32,2021-01-15,1
1545,Mueller Cloud Ltd,Financial Services,SMB,23,4241000.0,NA,United States,OK,Martinezchester,https://www.muellercloudltd.example.com,15,2026-04-30,1
1546,Herrera Works PLC,Manufacturing,SMB,58,6053000.0,EMEA,UAE,,North Kevintown,https://www.herreraworksplc.example.com,20,2023-12-01,1
1547,Orr Dynamics PLC,Education,SMB,29,6378000.0,EMEA,UAE,,New Katherineborough,https://www.orrdynamicsplc.example.com,27,2022-04-07,1
1548,Blevins Technologies Corp,Financial Services,Mid-Market,953,297281000.0,NA,United States,NY,Josephville,https://www.blevinstechnologiescorp.example.com,24,2023-06-22,1
1549,Barr Materials Co,Professional Services,SMB,15,3187000.0,EMEA,France,,Port Davidtown,https://www.barrmaterialsco.example.com,42,2023-09-20,1
1550,Jones Networks Group,Financial Services,SMB,27,5577000.0,NA,United States,WY,North Yolanda,https://www.jonesnetworksgroup.example.com,14,2021-09-21,1
1551,Buckley Dynamics LLC,Professional Services,Mid-Market,1121,276621000.0,APAC,India,,Lake James,https://www.buckleydynamicsllc.example.com,23,2022-02-22,1
1552,Powell Holdings GmbH,Biotech & Pharma,Mid-Market,229,68438000.0,NA,United States,GU,Kristyport,https://www.powellholdingsgmbh.example.com,43,2023-04-29,1
1553,Cohen Materials Corp,Financial Services,SMB,46,7861000.0,EMEA,Spain,,Michaelshire,https://www.cohenmaterialscorp.example.com,5,2025-02-07,1
1554,Knapp Works Group,Non-Profit,SMB,13,2054000.0,NA,Canada,,Rodriguezmouth,https://www.knappworksgroup.example.com,53,2021-06-25,1
1555,Clayton Industries PLC,Telecommunications,SMB,9,1437000.0,EMEA,France,,North Nichole,https://www.claytonindustriesplc.example.com,19,2025-03-27,1
1556,Vega Energy PLC,Government & Public Sector,SMB,140,12872000.0,NA,Canada,,Donaldchester,https://www.vegaenergyplc.example.com,59,2023-09-04,1
1557,Simmons Ventures Group,Manufacturing,Mid-Market,761,159507000.0,EMEA,Ireland,,West Erinville,https://www.simmonsventuresgroup.example.com,1,2023-01-12,1
1558,Acosta Capital LLC,Hospitality,Enterprise,32217,7994016000.0,NA,United States,ND,Ellisville,https://www.acostacapitalllc.example.com,9,2021-07-19,1
1559,Hendrix Works Ltd,Retail & E-commerce,SMB,19,2944000.0,NA,Canada,,Port Justin,https://www.hendrixworksltd.example.com,53,2023-05-04,1
1560,Wang Interactive AG,Financial Services,Mid-Market,550,152607000.0,APAC,Japan,,Amberton,https://www.wanginteractiveag.example.com,13,2022-06-01,1
1561,Kent Capital LLC,Automotive,SMB,28,4791000.0,NA,United States,AS,Howardmouth,https://www.kentcapitalllc.example.com,35,2021-09-28,1
1562,Simon Interactive Group,Biotech & Pharma,SMB,23,4040000.0,NA,Canada,,North Joanland,https://www.simoninteractivegroup.example.com,49,2025-06-02,1
1563,Bowman Technologies AG,Software & SaaS,Mid-Market,471,146513000.0,EMEA,Spain,,South William,https://www.bowmantechnologiesag.example.com,60,2022-11-30,1
1564,Hoover Interactive PLC,Retail & E-commerce,SMB,47,6259000.0,NA,United States,MH,North Jillfort,https://www.hooverinteractiveplc.example.com,9,2021-04-22,1
1565,Stephens Works Ltd,Automotive,SMB,119,18001000.0,APAC,India,,Bradleyberg,https://www.stephensworksltd.example.com,41,2022-03-11,1
1566,Contreras Works Corp,Logistics & Transportation,SMB,48,8291000.0,NA,Canada,,West Ronaldview,https://www.contrerasworkscorp.example.com,51,2021-09-19,0
1567,Ali Partners Co,Retail & E-commerce,Enterprise,22464,7075923000.0,LATAM,Brazil,,Jamestown,https://www.alipartnersco.example.com,44,2025-12-09,1
1568,Preston Ventures LLC,Financial Services,SMB,10,1457000.0,APAC,New Zealand,,Lake Michaelberg,https://www.prestonventuresllc.example.com,56,2021-12-14,1
1569,Bolton Capital GmbH,Manufacturing,SMB,11,2366000.0,NA,United States,NC,Davisborough,https://www.boltoncapitalgmbh.example.com,22,2023-02-16,1
1570,Frederick Systems Co,Retail & E-commerce,SMB,23,4179000.0,NA,Canada,,Port Tyler,https://www.fredericksystemsco.example.com,25,2024-06-12,1
1571,Sandoval Capital GmbH,Telecommunications,SMB,25,2254000.0,EMEA,Netherlands,,Michaelton,https://www.sandovalcapitalgmbh.example.com,36,2021-08-16,1
1572,Terry Partners GmbH,Retail & E-commerce,SMB,8,744000.0,EMEA,UAE,,Freemanville,https://www.terrypartnersgmbh.example.com,54,2022-10-21,1
1573,Caldwell Bioscience Inc,Education,Mid-Market,1671,466636000.0,NA,Canada,,Port Carloschester,https://www.caldwellbioscienceinc.example.com,52,2023-11-29,1
1574,Klein Materials GmbH,Software & SaaS,Mid-Market,364,73948000.0,NA,United States,IN,East Thomasland,https://www.kleinmaterialsgmbh.example.com,43,2025-06-05,1
1575,Roth Industries Group,Real Estate,Mid-Market,222,43413000.0,NA,United States,MD,New Victor,https://www.rothindustriesgroup.example.com,30,2023-11-30,1
1576,Heath Systems Group,Software & SaaS,Mid-Market,1148,204698000.0,EMEA,Germany,,Port Jessica,https://www.heathsystemsgroup.example.com,46,2021-04-22,1
1577,Griffin Capital Co,Education,SMB,58,10425000.0,EMEA,UAE,,South Jenniferside,https://www.griffincapitalco.example.com,1,2022-04-08,0
1578,Lynn Digital Group,Professional Services,SMB,14,2011000.0,NA,United States,AS,Port Tonihaven,https://www.lynndigitalgroup.example.com,38,2022-05-27,1
1579,Roberts Health Corp,Real Estate,SMB,96,19117000.0,EMEA,France,,North Joyside,https://www.robertshealthcorp.example.com,21,2022-07-26,1
1580,Ballard Dynamics PLC,Financial Services,SMB,123,13837000.0,EMEA,UAE,,Annashire,https://www.ballarddynamicsplc.example.com,57,2025-12-16,1
1581,Barrett Ventures Group,Hospitality,Enterprise,15106,4520812000.0,LATAM,Brazil,,Glennshire,https://www.barrettventuresgroup.example.com,44,2021-02-25,1
1582,Brooks Energy Ltd,Software & SaaS,Mid-Market,217,41971000.0,NA,United States,ND,North Lisa,https://www.brooksenergyltd.example.com,24,2022-03-11,1
1583,Grant Metrics Corp,Software & SaaS,Enterprise,14726,2546065000.0,NA,United States,SD,Nicoleburgh,https://www.grantmetricscorp.example.com,59,2023-01-18,1
1584,Fitzgerald Networks Group,Professional Services,SMB,26,2387000.0,NA,Canada,,New Whitney,https://www.fitzgeraldnetworksgroup.example.com,9,2021-05-03,1
1585,Juarez Partners LLC,Financial Services,SMB,43,6039000.0,EMEA,Ireland,,Robertstad,https://www.juarezpartnersllc.example.com,32,2022-12-30,1
1586,Frederick Capital GmbH,Retail & E-commerce,SMB,12,2228000.0,NA,Canada,,West Autumnmouth,https://www.frederickcapitalgmbh.example.com,33,2021-06-01,1
1587,Montoya Solutions LLC,Biotech & Pharma,SMB,50,10816000.0,NA,United States,NE,New Julieshire,https://www.montoyasolutionsllc.example.com,8,2025-01-31,1
1588,Garrett Metrics Co,Financial Services,SMB,21,4302000.0,EMEA,Sweden,,East Anthony,https://www.garrettmetricsco.example.com,32,2022-01-20,1
1589,Sheppard Health Group,Professional Services,SMB,13,1988000.0,EMEA,United Kingdom,,Michaelhaven,https://www.sheppardhealthgroup.example.com,60,2023-03-16,1
1590,Fuller Cloud AG,Media & Entertainment,SMB,25,4892000.0,NA,Canada,,Hoodview,https://www.fullercloudag.example.com,28,2023-09-19,1
1591,Drake Technologies Inc,Manufacturing,Enterprise,10023,3085053000.0,NA,United States,CO,New Tara,https://www.draketechnologiesinc.example.com,30,2022-03-17,1
1592,Spears Analytics Corp,Retail & E-commerce,SMB,22,2181000.0,NA,Canada,,North Patrick,https://www.spearsanalyticscorp.example.com,49,2022-05-29,1
1593,Nelson Interactive Co,Manufacturing,SMB,24,3945000.0,NA,Canada,,North Charles,https://www.nelsoninteractiveco.example.com,53,2023-02-24,1
1594,Barr Partners AG,Professional Services,Mid-Market,200,56823000.0,NA,Canada,,North Markville,https://www.barrpartnersag.example.com,43,2024-11-13,1
1595,Castaneda Networks LLC,Professional Services,SMB,64,13450000.0,NA,Canada,,Kempshire,https://www.castanedanetworksllc.example.com,55,2022-11-17,1
1596,Barr Partners GmbH,Manufacturing,Enterprise,16618,4726242000.0,NA,United States,IN,East Luisberg,https://www.barrpartnersgmbh.example.com,11,2023-01-16,1
1597,Rowe Ventures Inc,Energy & Utilities,Mid-Market,1249,325115000.0,APAC,Singapore,,Stephanieview,https://www.roweventuresinc.example.com,41,2023-07-31,1
1598,Moon Metrics Group,Logistics & Transportation,SMB,17,2406000.0,APAC,India,,Livingstonview,https://www.moonmetricsgroup.example.com,13,2022-09-29,1
1599,Walker Capital GmbH,Real Estate,Mid-Market,712,121023000.0,NA,Canada,,Evansberg,https://www.walkercapitalgmbh.example.com,31,2024-04-30,1
1600,Glass Systems Corp,Software & SaaS,Mid-Market,901,236339000.0,EMEA,Ireland,,Wilsonmouth,https://www.glasssystemscorp.example.com,45,2021-01-08,1
1601,Barnes Metrics Ltd,Healthcare,Mid-Market,453,88733000.0,NA,United States,AZ,Annashire,https://www.barnesmetricsltd.example.com,34,2022-12-29,1
1602,Ibarra Ventures Corp,Healthcare,Mid-Market,223,51637000.0,APAC,Australia,,Lake Jamesport,https://www.ibarraventurescorp.example.com,41,2025-10-17,0
1603,Blanchard Capital AG,Media & Entertainment,Mid-Market,259,50265000.0,APAC,New Zealand,,Rodriguezfort,https://www.blanchardcapitalag.example.com,50,2023-09-14,0
1604,Carr Networks Inc,Financial Services,SMB,116,24918000.0,EMEA,Spain,,Marcuston,https://www.carrnetworksinc.example.com,46,2023-01-05,0
1605,Rojas Analytics AG,Logistics & Transportation,SMB,11,1306000.0,EMEA,Ireland,,South Stevenland,https://www.rojasanalyticsag.example.com,46,2024-08-22,1
1606,Harrell Ventures Group,Construction,Mid-Market,515,115528000.0,NA,United States,NE,Lake Margaretport,https://www.harrellventuresgroup.example.com,9,2022-08-04,1
1607,Stuart Networks Ltd,Software & SaaS,Enterprise,51024,8235915000.0,NA,Canada,,Port Christina,https://www.stuartnetworksltd.example.com,34,2022-12-09,1
1608,Lawrence Dynamics Group,Logistics & Transportation,SMB,106,10996000.0,NA,United States,DC,Mcculloughberg,https://www.lawrencedynamicsgroup.example.com,8,2021-10-06,1
1609,Munoz Energy GmbH,Software & SaaS,Mid-Market,243,64628000.0,NA,Canada,,New Alanhaven,https://www.munozenergygmbh.example.com,35,2021-06-18,1
1610,Shepard Bioscience PLC,Media & Entertainment,SMB,14,2215000.0,EMEA,Germany,,New Joanne,https://www.shepardbioscienceplc.example.com,18,2021-02-10,0
1611,Jackson Metrics LLC,Financial Services,Mid-Market,796,211916000.0,NA,United States,FL,West Traceyberg,https://www.jacksonmetricsllc.example.com,15,2024-05-13,0
1612,Garner Solutions Group,Non-Profit,Enterprise,26862,12489873000.0,NA,United States,MT,Savageview,https://www.garnersolutionsgroup.example.com,55,2022-12-10,1
1613,Rios Health PLC,Healthcare,SMB,31,6446000.0,EMEA,Germany,,Lake Peterberg,https://www.rioshealthplc.example.com,60,2025-12-09,1
1614,Shaw Digital Co,Construction,SMB,21,2740000.0,EMEA,France,,Martinezside,https://www.shawdigitalco.example.com,57,2021-09-13,1
1615,Frazier Materials Co,Software & SaaS,SMB,24,4657000.0,EMEA,France,,Lopezville,https://www.fraziermaterialsco.example.com,1,2021-12-14,1
1616,Schultz Interactive Corp,Professional Services,SMB,57,6384000.0,EMEA,United Kingdom,,Robertton,https://www.schultzinteractivecorp.example.com,27,2023-10-30,1
1617,York Industries PLC,Healthcare,SMB,97,18132000.0,APAC,Japan,,North Patrickland,https://www.yorkindustriesplc.example.com,56,2021-03-18,1
1618,Contreras Partners AG,Financial Services,SMB,77,12506000.0,NA,Canada,,Nguyenshire,https://www.contreraspartnersag.example.com,22,2023-02-09,1
1619,Singh Holdings Inc,Government & Public Sector,SMB,23,2593000.0,EMEA,Germany,,Mcdowellville,https://www.singhholdingsinc.example.com,6,2021-06-18,1
1620,Bowen Health PLC,Healthcare,SMB,36,6601000.0,NA,United States,NV,Lisaside,https://www.bowenhealthplc.example.com,34,2021-08-22,0
1621,Tanner Ventures AG,Media & Entertainment,SMB,17,3107000.0,NA,Canada,,North Garyfurt,https://www.tannerventuresag.example.com,35,2023-02-28,1
1622,Taylor Logistics LLC,Telecommunications,Mid-Market,447,120975000.0,LATAM,Brazil,,South Rebeccaton,https://www.taylorlogisticsllc.example.com,40,2023-06-08,1
1623,Snyder Systems Corp,Manufacturing,Mid-Market,726,143899000.0,NA,Canada,,West Steventon,https://www.snydersystemscorp.example.com,51,2021-11-02,1
1624,Greer Robotics Ltd,Software & SaaS,Mid-Market,710,183250000.0,NA,Canada,,Brianview,https://www.greerroboticsltd.example.com,24,2022-01-21,1
1625,Walker Dynamics PLC,Biotech & Pharma,Mid-Market,845,141742000.0,NA,Canada,,Gregoryburgh,https://www.walkerdynamicsplc.example.com,24,2022-02-14,1
1626,Marquez Holdings PLC,Education,Mid-Market,919,198031000.0,LATAM,Brazil,,Port Penny,https://www.marquezholdingsplc.example.com,44,2021-07-14,1
1627,Benitez Materials AG,Government & Public Sector,SMB,15,2355000.0,APAC,Australia,,East Douglas,https://www.benitezmaterialsag.example.com,41,2026-03-12,1
1628,Singleton Holdings Ltd,Real Estate,SMB,13,1551000.0,NA,Canada,,North Timothyport,https://www.singletonholdingsltd.example.com,38,2024-02-16,1
1629,Underwood Digital GmbH,Real Estate,SMB,22,2358000.0,EMEA,Netherlands,,Mathewport,https://www.underwooddigitalgmbh.example.com,27,2021-06-04,1
1630,French Partners Co,Media & Entertainment,SMB,38,8149000.0,NA,Canada,,East Ralphshire,https://www.frenchpartnersco.example.com,8,2022-06-06,1
1631,Dunlap Solutions Group,Software & SaaS,SMB,7,1227000.0,EMEA,UAE,,New Karenside,https://www.dunlapsolutionsgroup.example.com,54,2021-09-08,1
1632,Mayer Bioscience PLC,Government & Public Sector,Mid-Market,488,115471000.0,NA,Canada,,New Katieport,https://www.mayerbioscienceplc.example.com,33,2021-12-03,1
1633,Guzman Metrics Corp,Professional Services,Mid-Market,726,186797000.0,NA,United States,GU,Rebeccashire,https://www.guzmanmetricscorp.example.com,25,2025-12-10,1
1634,Morse Labs Ltd,Telecommunications,SMB,30,5856000.0,EMEA,Germany,,South Michaelfurt,https://www.morselabsltd.example.com,42,2021-07-05,1
1635,Hanna Technologies Ltd,Government & Public Sector,SMB,98,17699000.0,APAC,Singapore,,West Robertside,https://www.hannatechnologiesltd.example.com,41,2025-06-02,1
1636,Daniels Networks Inc,Financial Services,SMB,73,14442000.0,NA,Canada,,Mendozaberg,https://www.danielsnetworksinc.example.com,59,2025-02-13,1
1637,Delgado Capital Co,Healthcare,Mid-Market,754,228009000.0,NA,United States,FM,Port Scott,https://www.delgadocapitalco.example.com,31,2024-06-07,1
1638,Neal Systems Inc,Financial Services,Mid-Market,200,36191000.0,LATAM,Mexico,,South Amandafort,https://www.nealsystemsinc.example.com,40,2023-01-27,1
1639,Howell Energy Corp,Education,SMB,20,2222000.0,NA,United States,IA,Wilcoxfort,https://www.howellenergycorp.example.com,47,2021-12-30,1
1640,Alvarez Dynamics Ltd,Retail & E-commerce,SMB,11,1701000.0,NA,United States,MD,Port Donnashire,https://www.alvarezdynamicsltd.example.com,49,2025-01-09,1
1641,Landry Bioscience Ltd,Software & SaaS,SMB,44,7776000.0,EMEA,Germany,,Hansenmouth,https://www.landrybioscienceltd.example.com,46,2025-01-20,1
1642,Roman Dynamics Inc,Media & Entertainment,SMB,5,517000.0,NA,Canada,,Lake Glenn,https://www.romandynamicsinc.example.com,11,2023-03-20,1
1643,Case Bioscience AG,Healthcare,Mid-Market,1027,296862000.0,NA,United States,LA,Farmerport,https://www.casebioscienceag.example.com,35,2021-03-11,1
1644,Drake Cloud PLC,Retail & E-commerce,Mid-Market,707,128833000.0,NA,United States,OK,Ebonyfort,https://www.drakecloudplc.example.com,38,2021-10-04,1
1645,Haas Interactive Group,Healthcare,SMB,72,7884000.0,NA,Canada,,Keithfort,https://www.haasinteractivegroup.example.com,28,2021-03-22,1
1646,Villanueva Works Co,Financial Services,SMB,26,4483000.0,NA,United States,SC,New Juan,https://www.villanuevaworksco.example.com,14,2021-09-16,1
1647,Greer Ventures LLC,Retail & E-commerce,SMB,124,25164000.0,APAC,Japan,,South Amandafort,https://www.greerventuresllc.example.com,41,2023-02-21,1
1648,Sherman Health Corp,Financial Services,SMB,8,1407000.0,NA,Canada,,Jillton,https://www.shermanhealthcorp.example.com,29,2025-03-18,1
1649,Obrien Materials PLC,Manufacturing,SMB,62,5872000.0,EMEA,Ireland,,East Michelle,https://www.obrienmaterialsplc.example.com,20,2023-11-29,1
1650,York Dynamics GmbH,Manufacturing,SMB,29,6269000.0,NA,Canada,,Donaldchester,https://www.yorkdynamicsgmbh.example.com,8,2023-08-14,1
1651,Mccormick Bioscience Ltd,Biotech & Pharma,Enterprise,45890,9719263000.0,NA,Canada,,East Thomasland,https://www.mccormickbioscienceltd.example.com,59,2024-06-17,1
1652,Gamble Capital Group,Financial Services,SMB,24,2595000.0,EMEA,United Kingdom,,Mckenziehaven,https://www.gamblecapitalgroup.example.com,3,2023-11-01,1
1653,Petersen Ventures AG,Healthcare,SMB,11,1323000.0,NA,United States,OH,Markshire,https://www.petersenventuresag.example.com,9,2022-11-02,1
1654,Boyd Solutions Co,Professional Services,SMB,49,10621000.0,EMEA,United Kingdom,,Lisaside,https://www.boydsolutionsco.example.com,57,2024-12-06,1
1655,Rodriguez Capital PLC,Healthcare,SMB,52,9892000.0,NA,United States,AL,Kimberlyfurt,https://www.rodriguezcapitalplc.example.com,11,2022-03-23,1
1656,Dennis Works PLC,Retail & E-commerce,Mid-Market,965,222319000.0,EMEA,UAE,,Millermouth,https://www.dennisworksplc.example.com,3,2025-11-05,1
1657,Nixon Labs Corp,Real Estate,SMB,120,25411000.0,APAC,Singapore,,Port Daniel,https://www.nixonlabscorp.example.com,23,2021-06-10,1
1658,Mccormick Cloud Inc,Software & SaaS,Mid-Market,240,68549000.0,NA,Canada,,Baldwinville,https://www.mccormickcloudinc.example.com,11,2023-10-27,1
1659,Dixon Robotics Ltd,Construction,Mid-Market,499,132050000.0,APAC,New Zealand,,Victormouth,https://www.dixonroboticsltd.example.com,13,2023-02-03,1
1660,Juarez Energy AG,Retail & E-commerce,SMB,67,13056000.0,NA,United States,FM,Keithfort,https://www.juarezenergyag.example.com,14,2022-09-30,1
1661,Knox Labs GmbH,Real Estate,SMB,20,3495000.0,NA,Canada,,East Charles,https://www.knoxlabsgmbh.example.com,14,2022-10-07,1
1662,Riley Analytics GmbH,Biotech & Pharma,Enterprise,32929,11207147000.0,NA,Canada,,East Lisashire,https://www.rileyanalyticsgmbh.example.com,35,2021-03-05,1
1663,Jefferson Health Corp,Government & Public Sector,SMB,14,1778000.0,APAC,Singapore,,North Chadview,https://www.jeffersonhealthcorp.example.com,50,2024-06-21,1
1664,Bautista Partners AG,Financial Services,SMB,11,1457000.0,EMEA,France,,New Michellemouth,https://www.bautistapartnersag.example.com,5,2022-05-31,1
1665,Best Industries Inc,Logistics & Transportation,Enterprise,14127,6250972000.0,LATAM,Argentina,,Chloeview,https://www.bestindustriesinc.example.com,44,2022-12-21,1
1666,Nicholson Materials Group,Manufacturing,Mid-Market,278,81336000.0,EMEA,France,,New Juan,https://www.nicholsonmaterialsgroup.example.com,45,2025-03-03,1
1667,Thompson Solutions Ltd,Logistics & Transportation,SMB,95,20249000.0,NA,United States,NC,Fullerview,https://www.thompsonsolutionsltd.example.com,10,2023-06-20,1
1668,Howard Networks Group,Real Estate,SMB,17,3432000.0,APAC,Japan,,West Bryan,https://www.howardnetworksgroup.example.com,13,2025-03-11,1
1669,Boyd Networks Inc,Manufacturing,SMB,95,12990000.0,LATAM,Mexico,,Kempshire,https://www.boydnetworksinc.example.com,44,2021-07-06,1
1670,Christian Networks LLC,Retail & E-commerce,Mid-Market,1105,312689000.0,EMEA,United Kingdom,,Woodstad,https://www.christiannetworksllc.example.com,20,2022-02-10,1
1671,Willis Capital AG,Media & Entertainment,SMB,46,6372000.0,EMEA,Netherlands,,North Logan,https://www.williscapitalag.example.com,21,2021-11-25,1
1672,Paul Labs Corp,Healthcare,SMB,40,5148000.0,APAC,New Zealand,,West Steven,https://www.paullabscorp.example.com,50,2025-06-16,1
1673,Avila Metrics LLC,Media & Entertainment,Mid-Market,220,38559000.0,NA,United States,WI,North Garyfurt,https://www.avilametricsllc.example.com,39,2024-09-16,1
1674,Escobar Foods Ltd,Financial Services,Enterprise,6491,2451088000.0,APAC,Japan,,Dixonberg,https://www.escobarfoodsltd.example.com,41,2025-01-20,1
1675,Powell Dynamics Corp,Education,Mid-Market,315,100355000.0,LATAM,Brazil,,Port Christina,https://www.powelldynamicscorp.example.com,44,2023-06-07,1
1676,Morales Robotics Corp,Financial Services,SMB,25,3310000.0,EMEA,UAE,,New Brett,https://www.moralesroboticscorp.example.com,3,2021-11-15,1
1677,Foley Technologies AG,Real Estate,SMB,51,10296000.0,NA,United States,AR,South Kaylee,https://www.foleytechnologiesag.example.com,26,2022-06-30,1
1678,Park Labs Co,Financial Services,Enterprise,11158,2465544000.0,NA,United States,ME,Laurenborough,https://www.parklabsco.example.com,26,2023-05-05,1
1679,Trujillo Capital Inc,Education,Enterprise,13516,5170627000.0,LATAM,Argentina,,East Michelle,https://www.trujillocapitalinc.example.com,44,2021-02-01,1
1680,Townsend Solutions AG,Media & Entertainment,SMB,31,2832000.0,APAC,New Zealand,,Davisport,https://www.townsendsolutionsag.example.com,41,2023-11-01,1
1681,Scott Robotics Inc,Retail & E-commerce,Mid-Market,944,290185000.0,EMEA,UAE,,Rodriguezmouth,https://www.scottroboticsinc.example.com,5,2025-03-19,1
1682,Guerra Partners PLC,Education,SMB,23,3374000.0,LATAM,Colombia,,Glennshire,https://www.guerrapartnersplc.example.com,40,2022-04-15,1
1683,Armstrong Logistics Inc,Hospitality,SMB,53,11266000.0,NA,United States,VI,Port Jordanshire,https://www.armstronglogisticsinc.example.com,30,2024-01-16,1
1684,Haynes Capital Group,Software & SaaS,SMB,28,4495000.0,APAC,New Zealand,,East Anthony,https://www.haynescapitalgroup.example.com,23,2022-12-30,1
1685,Anthony Health AG,Energy & Utilities,SMB,17,2525000.0,NA,United States,IN,Carlshire,https://www.anthonyhealthag.example.com,8,2021-01-07,1
1686,Mayer Dynamics LLC,Manufacturing,SMB,49,6400000.0,NA,Canada,,Rebeccaberg,https://www.mayerdynamicsllc.example.com,30,2022-02-14,1
1687,Medina Bioscience AG,Energy & Utilities,Mid-Market,394,81178000.0,NA,United States,AK,Lake James,https://www.medinabioscienceag.example.com,31,2023-03-23,1
1688,Grant Materials Group,Government & Public Sector,SMB,30,2988000.0,NA,Canada,,North Joyside,https://www.grantmaterialsgroup.example.com,43,2024-04-26,1
1689,Case Partners Corp,Education,SMB,45,5363000.0,NA,United States,PW,Angelamouth,https://www.casepartnerscorp.example.com,11,2022-08-25,1
1690,Lin Analytics AG,Financial Services,SMB,22,2239000.0,EMEA,Spain,,East Patriciamouth,https://www.linanalyticsag.example.com,45,2021-09-24,1
1691,Alvarado Holdings PLC,Manufacturing,SMB,12,1278000.0,NA,Canada,,Christinachester,https://www.alvaradoholdingsplc.example.com,8,2021-03-26,1
1692,Fischer Capital Group,Logistics & Transportation,SMB,116,12906000.0,EMEA,Spain,,Javierport,https://www.fischercapitalgroup.example.com,32,2024-04-01,1
1693,Wilcox Dynamics PLC,Software & SaaS,SMB,100,12926000.0,NA,United States,AL,Jensenport,https://www.wilcoxdynamicsplc.example.com,8,2022-06-15,1
1694,Valenzuela Partners Co,Education,SMB,61,5577000.0,APAC,Singapore,,Lake Samantha,https://www.valenzuelapartnersco.example.com,56,2023-11-16,1
1695,Moreno Cloud Inc,Telecommunications,Mid-Market,315,40774000.0,NA,United States,MI,Gutierrezmouth,https://www.morenocloudinc.example.com,55,2021-11-16,1
1696,Hardy Analytics Group,Real Estate,Enterprise,12754,5519101000.0,EMEA,Spain,,Moniqueport,https://www.hardyanalyticsgroup.example.com,7,2024-06-28,1
1697,Allen Interactive Group,Software & SaaS,SMB,23,4911000.0,EMEA,Spain,,West Amy,https://www.alleninteractivegroup.example.com,20,2022-05-17,1
1698,Murphy Solutions Co,Telecommunications,Enterprise,46668,21827334000.0,NA,Canada,,Chloemouth,https://www.murphysolutionsco.example.com,24,2021-03-17,1
1699,Kent Digital AG,Manufacturing,Enterprise,46304,12720420000.0,NA,Canada,,Wellsberg,https://www.kentdigitalag.example.com,15,2023-02-23,1
1700,Perry Energy Ltd,Financial Services,Mid-Market,1248,225513000.0,NA,United States,RI,Markshire,https://www.perryenergyltd.example.com,11,2024-05-13,1
1701,Chambers Works LLC,Logistics & Transportation,Mid-Market,1287,369666000.0,NA,Canada,,North Lisa,https://www.chambersworksllc.example.com,16,2025-11-19,1
1702,Shaw Materials Ltd,Media & Entertainment,Mid-Market,1086,336849000.0,NA,Canada,,Port Justin,https://www.shawmaterialsltd.example.com,28,2026-03-30,1
1703,Salas Solutions Co,Retail & E-commerce,Mid-Market,1195,342170000.0,NA,Canada,,Robertstad,https://www.salassolutionsco.example.com,59,2022-11-23,1
1704,Hooper Systems Corp,Hospitality,Mid-Market,531,105854000.0,EMEA,Sweden,,West Michaelport,https://www.hoopersystemscorp.example.com,20,2023-09-07,1
1705,Atkinson Foods Group,Financial Services,SMB,25,2652000.0,NA,Canada,,Woodstad,https://www.atkinsonfoodsgroup.example.com,47,2023-05-18,1
1706,Jefferson Robotics PLC,Manufacturing,Enterprise,117473,20230226000.0,NA,Canada,,Crosbystad,https://www.jeffersonroboticsplc.example.com,51,2023-03-31,0
1707,Hanna Energy Ltd,Healthcare,SMB,89,12443000.0,NA,Canada,,Marcuston,https://www.hannaenergyltd.example.com,8,2021-06-09,1
1708,Rice Works Corp,Software & SaaS,Mid-Market,542,71169000.0,NA,United States,AR,Nixonland,https://www.riceworkscorp.example.com,33,2023-12-27,0
1709,Dickson Interactive LLC,Healthcare,SMB,24,4904000.0,NA,Canada,,New Philip,https://www.dicksoninteractivellc.example.com,30,2026-03-11,1
1710,Anderson Digital LLC,Telecommunications,SMB,19,1973000.0,EMEA,Germany,,Williamshire,https://www.andersondigitalllc.example.com,58,2021-06-22,1
1711,Wise Capital LLC,Logistics & Transportation,SMB,128,19567000.0,EMEA,Ireland,,Port Donnashire,https://www.wisecapitalllc.example.com,57,2022-03-24,1
1712,Dixon Health Ltd,Manufacturing,SMB,30,5995000.0,NA,Canada,,Livingstonview,https://www.dixonhealthltd.example.com,14,2021-04-19,1
1713,Blackburn Technologies Inc,Retail & E-commerce,SMB,119,19326000.0,NA,United States,FM,West Edwardview,https://www.blackburntechnologiesinc.example.com,30,2022-08-26,1
1714,Solomon Logistics Inc,Healthcare,SMB,11,1291000.0,NA,United States,MI,Robertside,https://www.solomonlogisticsinc.example.com,34,2022-12-28,1
1715,Pham Analytics AG,Software & SaaS,SMB,46,8538000.0,EMEA,UAE,,South Davidhaven,https://www.phamanalyticsag.example.com,21,2022-06-07,0
1716,Faulkner Networks Group,Media & Entertainment,SMB,149,26608000.0,NA,United States,WY,Port Adrianashire,https://www.faulknernetworksgroup.example.com,2,2022-12-21,1
1717,Joseph Technologies LLC,Professional Services,SMB,32,4387000.0,APAC,India,,Brooksville,https://www.josephtechnologiesllc.example.com,50,2024-11-07,1
1718,Osborne Metrics AG,Professional Services,Enterprise,12610,4777442000.0,EMEA,Germany,,West Taylorland,https://www.osbornemetricsag.example.com,5,2021-11-04,1
1719,Santos Bioscience Corp,Financial Services,SMB,25,2400000.0,EMEA,United Kingdom,,Rebeccashire,https://www.santosbiosciencecorp.example.com,32,2024-07-08,1
1720,Hardin Foods Inc,Retail & E-commerce,SMB,13,1183000.0,NA,Canada,,East Douglas,https://www.hardinfoodsinc.example.com,59,2024-10-11,1
1721,Curtis Industries Corp,Logistics & Transportation,SMB,71,14008000.0,APAC,India,,Hernandezborough,https://www.curtisindustriescorp.example.com,13,2023-06-27,1
1722,Alvarez Dynamics Inc,Professional Services,SMB,17,2241000.0,NA,Canada,,Lake Emilymouth,https://www.alvarezdynamicsinc.example.com,43,2022-03-29,1
1723,Snyder Robotics Group,Financial Services,SMB,29,3129000.0,NA,Canada,,Howardmouth,https://www.snyderroboticsgroup.example.com,53,2025-12-02,1
1724,Sanford Dynamics AG,Software & SaaS,Mid-Market,388,86724000.0,APAC,New Zealand,,Pageberg,https://www.sanforddynamicsag.example.com,56,2022-06-14,1
1725,Watkins Dynamics GmbH,Biotech & Pharma,Enterprise,74098,17878118000.0,EMEA,Ireland,,North Chadview,https://www.watkinsdynamicsgmbh.example.com,1,2021-03-15,1
1726,Randolph Labs Corp,Financial Services,SMB,12,1889000.0,NA,Canada,,Fitzgeraldview,https://www.randolphlabscorp.example.com,9,2021-07-02,1
1727,Curry Holdings Corp,Automotive,Mid-Market,717,140013000.0,NA,Canada,,Port Tyler,https://www.curryholdingscorp.example.com,8,2025-06-27,1
1728,Dixon Foods Ltd,Media & Entertainment,SMB,101,21181000.0,NA,United States,CT,Jeremystad,https://www.dixonfoodsltd.example.com,53,2021-07-29,1
1729,Doyle Industries Ltd,Retail & E-commerce,SMB,75,6833000.0,APAC,Singapore,,East Jenniferfort,https://www.doyleindustriesltd.example.com,13,2022-11-08,1
1730,Huynh Energy PLC,Financial Services,SMB,30,2919000.0,NA,Canada,,West Ronaldview,https://www.huynhenergyplc.example.com,53,2024-02-15,1
1731,Wheeler Digital Co,Hospitality,SMB,13,1875000.0,NA,United States,NH,Kimberlyberg,https://www.wheelerdigitalco.example.com,37,2023-06-15,1
1732,Owens Metrics Inc,Financial Services,SMB,100,17788000.0,NA,Canada,,Glennshire,https://www.owensmetricsinc.example.com,14,2023-11-29,1
1733,Houston Industries GmbH,Manufacturing,Mid-Market,425,61453000.0,LATAM,Argentina,,Rhodesland,https://www.houstonindustriesgmbh.example.com,40,2022-05-25,1
1734,Proctor Logistics Corp,Software & SaaS,Mid-Market,457,64515000.0,EMEA,United Kingdom,,Schmidtfurt,https://www.proctorlogisticscorp.example.com,36,2023-12-13,1
1735,Shepherd Systems GmbH,Software & SaaS,SMB,24,3645000.0,NA,Canada,,East Ericbury,https://www.shepherdsystemsgmbh.example.com,17,2021-01-15,1
1736,Hess Solutions GmbH,Telecommunications,SMB,13,2687000.0,APAC,Singapore,,Bradleyberg,https://www.hesssolutionsgmbh.example.com,56,2022-01-07,1
1737,Simmons Systems LLC,Financial Services,SMB,8,766000.0,NA,United States,VT,Sparksborough,https://www.simmonssystemsllc.example.com,48,2021-06-18,1
1738,Anderson Technologies Co,Media & Entertainment,SMB,19,2550000.0,EMEA,Ireland,,New Karenside,https://www.andersontechnologiesco.example.com,32,2022-11-22,1
1739,Gallagher Cloud PLC,Telecommunications,SMB,10,1357000.0,EMEA,UAE,,Moniqueport,https://www.gallaghercloudplc.example.com,57,2021-07-22,1
1740,Christian Robotics Corp,Retail & E-commerce,Mid-Market,991,149252000.0,NA,Canada,,Marymouth,https://www.christianroboticscorp.example.com,53,2023-04-30,1
1741,Clements Materials GmbH,Education,Enterprise,73755,32534970000.0,EMEA,United Kingdom,,North Neil,https://www.clementsmaterialsgmbh.example.com,20,2021-09-17,1
1742,Costa Industries Co,Financial Services,SMB,19,2550000.0,LATAM,Chile,,Port Kathyshire,https://www.costaindustriesco.example.com,44,2022-09-14,1
1743,Hampton Health AG,Professional Services,SMB,55,8437000.0,NA,Canada,,Caseyton,https://www.hamptonhealthag.example.com,38,2021-04-14,1
1744,Pineda Robotics AG,Financial Services,Mid-Market,1537,247710000.0,NA,Canada,,Jamesfurt,https://www.pinedaroboticsag.example.com,26,2022-10-26,1
1745,Mckee Metrics AG,Media & Entertainment,Mid-Market,852,230685000.0,APAC,Japan,,West Robertside,https://www.mckeemetricsag.example.com,41,2024-11-20,1
1746,Hubbard Interactive LLC,Professional Services,SMB,23,4434000.0,NA,United States,MO,East Johnberg,https://www.hubbardinteractivellc.example.com,49,2022-03-31,1
1747,Klein Robotics PLC,Professional Services,SMB,41,5384000.0,EMEA,Ireland,,West Brandi,https://www.kleinroboticsplc.example.com,32,2024-03-15,1
1748,Coleman Energy PLC,Software & SaaS,Mid-Market,2000,392681000.0,NA,Canada,,Livingstonview,https://www.colemanenergyplc.example.com,16,2022-09-30,1
1749,Prince Materials Co,Manufacturing,Mid-Market,372,77148000.0,APAC,Singapore,,East Ralphshire,https://www.princematerialsco.example.com,41,2021-12-03,1
1750,Reilly Works LLC,Hospitality,SMB,18,3362000.0,EMEA,Germany,,North Richard,https://www.reillyworksllc.example.com,3,2022-03-15,1
1751,Maldonado Digital Group,Hospitality,Enterprise,18785,7603368000.0,LATAM,Chile,,Port Jessica,https://www.maldonadodigitalgroup.example.com,40,2022-03-14,1
1752,Sanford Bioscience Co,Education,SMB,33,3598000.0,NA,United States,RI,Lake Jessicaborough,https://www.sanfordbioscienceco.example.com,11,2024-06-06,1
1753,Salas Technologies GmbH,Software & SaaS,Mid-Market,200,47935000.0,LATAM,Chile,,South Chad,https://www.salastechnologiesgmbh.example.com,40,2021-10-15,0
1754,Ryan Technologies AG,Manufacturing,SMB,133,21665000.0,NA,Canada,,Brooksville,https://www.ryantechnologiesag.example.com,25,2026-04-28,1
1755,Bright Logistics AG,Construction,SMB,24,3330000.0,EMEA,France,,Destinyfurt,https://www.brightlogisticsag.example.com,54,2024-02-05,1
1756,Booth Interactive AG,Software & SaaS,SMB,42,6724000.0,EMEA,Sweden,,Pamelaville,https://www.boothinteractiveag.example.com,7,2022-08-24,1
1757,Huang Metrics Inc,Professional Services,SMB,9,936000.0,NA,Canada,,North Lisa,https://www.huangmetricsinc.example.com,29,2026-07-17,1
1758,Bauer Industries AG,Manufacturing,SMB,98,20967000.0,EMEA,Spain,,Port Wesleyville,https://www.bauerindustriesag.example.com,46,2021-11-09,1
1759,Andersen Ventures Co,Real Estate,SMB,22,4572000.0,NA,Canada,,Sparksmouth,https://www.andersenventuresco.example.com,35,2024-07-24,1
1760,Caldwell Holdings Inc,Software & SaaS,SMB,69,13623000.0,NA,United States,ME,West John,https://www.caldwellholdingsinc.example.com,38,2022-01-21,1
1761,Burns Technologies LLC,Software & SaaS,SMB,28,5770000.0,EMEA,United Kingdom,,New Katherineborough,https://www.burnstechnologiesllc.example.com,6,2023-04-21,1
1762,Gibson Digital Group,Healthcare,Mid-Market,1080,336989000.0,NA,Canada,,New Julia,https://www.gibsondigitalgroup.example.com,39,2021-03-18,1
1763,Gomez Interactive Group,Government & Public Sector,Mid-Market,354,96038000.0,EMEA,United Kingdom,,West Geoffrey,https://www.gomezinteractivegroup.example.com,18,2025-02-27,1
1764,Schmidt Energy Inc,Energy & Utilities,Mid-Market,515,128308000.0,NA,United States,CO,West Shannon,https://www.schmidtenergyinc.example.com,14,2022-06-16,1
1765,Tran Analytics Corp,Education,SMB,50,5453000.0,NA,Canada,,Barnesmouth,https://www.trananalyticscorp.example.com,37,2023-06-30,1
1766,Christian Networks Co,Automotive,SMB,52,8085000.0,EMEA,France,,New Katherineborough,https://www.christiannetworksco.example.com,7,2025-11-03,1
1767,Harrington Health Group,Manufacturing,Enterprise,31895,13981086000.0,NA,United States,SC,West Derekmouth,https://www.harringtonhealthgroup.example.com,8,2021-02-17,1
1768,Lang Materials PLC,Hospitality,SMB,22,2889000.0,LATAM,Brazil,,Bentleyside,https://www.langmaterialsplc.example.com,40,2026-03-20,1
1769,Figueroa Capital PLC,Software & SaaS,SMB,71,14581000.0,LATAM,Mexico,,West Travischester,https://www.figueroacapitalplc.example.com,40,2023-03-20,1
1770,Gomez Foods Corp,Financial Services,Enterprise,56704,28823280000.0,NA,United States,SC,Rojastown,https://www.gomezfoodscorp.example.com,53,2024-09-13,1
1771,Norton Logistics Inc,Retail & E-commerce,Enterprise,21394,7925131000.0,NA,United States,ME,East Jaredfort,https://www.nortonlogisticsinc.example.com,28,2022-12-16,1
1772,Holt Holdings Group,Construction,SMB,17,1949000.0,NA,Canada,,Port Charleshaven,https://www.holtholdingsgroup.example.com,55,2024-12-07,1
1773,Paul Technologies Ltd,Telecommunications,Mid-Market,200,53753000.0,EMEA,Spain,,Mcdowellville,https://www.paultechnologiesltd.example.com,57,2025-06-03,1
1774,Bird Foods Corp,Software & SaaS,SMB,56,6641000.0,NA,United States,TX,Lake Danielle,https://www.birdfoodscorp.example.com,51,2022-07-11,1
1775,Juarez Ventures Ltd,Construction,Mid-Market,322,84962000.0,APAC,India,,Pageberg,https://www.juarezventuresltd.example.com,41,2024-04-22,1
1776,Gallagher Networks GmbH,Real Estate,SMB,23,4123000.0,LATAM,Chile,,Robertstad,https://www.gallaghernetworksgmbh.example.com,40,2026-07-22,1
1777,Forbes Energy GmbH,Telecommunications,SMB,41,4164000.0,NA,Canada,,Wellsberg,https://www.forbesenergygmbh.example.com,14,2024-07-04,1
1778,Jensen Cloud Ltd,Logistics & Transportation,SMB,22,4075000.0,EMEA,Netherlands,,Martinezside,https://www.jensencloudltd.example.com,46,2026-02-09,1
1779,Freeman Metrics Inc,Manufacturing,SMB,32,3995000.0,NA,Canada,,East Jenniferfort,https://www.freemanmetricsinc.example.com,10,2024-05-24,1
1780,Reynolds Labs PLC,Software & SaaS,Mid-Market,204,52642000.0,EMEA,France,,Teresabury,https://www.reynoldslabsplc.example.com,45,2022-04-22,1
1781,Collier Interactive Group,Education,SMB,14,2463000.0,NA,Canada,,Lake Danielle,https://www.collierinteractivegroup.example.com,53,2024-12-30,1
1782,Thomas Robotics Corp,Software & SaaS,Mid-Market,456,99992000.0,EMEA,Germany,,Saraport,https://www.thomasroboticscorp.example.com,18,2023-12-20,1
1783,Haley Analytics PLC,Media & Entertainment,Mid-Market,470,109684000.0,NA,United States,MH,South Davidhaven,https://www.haleyanalyticsplc.example.com,30,2021-02-22,1
1784,Little Industries GmbH,Logistics & Transportation,SMB,38,7733000.0,APAC,Singapore,,Brianstad,https://www.littleindustriesgmbh.example.com,41,2021-09-08,1
1785,Choi Solutions PLC,Media & Entertainment,Mid-Market,676,143514000.0,NA,United States,AZ,Marcuston,https://www.choisolutionsplc.example.com,10,2022-01-04,1
1786,Vaughan Partners Group,Professional Services,SMB,32,5416000.0,EMEA,UAE,,Chandlerchester,https://www.vaughanpartnersgroup.example.com,45,2024-06-07,1
1787,Moss Materials Co,Manufacturing,SMB,21,2471000.0,APAC,Japan,,North Susanside,https://www.mossmaterialsco.example.com,13,2024-10-22,1
1788,Rivas Industries Corp,Retail & E-commerce,SMB,30,2892000.0,EMEA,Spain,,South Cherylshire,https://www.rivasindustriescorp.example.com,21,2024-12-30,1
1789,Thompson Foods Co,Software & SaaS,Mid-Market,1602,318785000.0,EMEA,UAE,,North Jenniferchester,https://www.thompsonfoodsco.example.com,45,2021-04-02,1
1790,Zamora Interactive PLC,Healthcare,Mid-Market,1050,182861000.0,NA,United States,MO,Kristinamouth,https://www.zamorainteractiveplc.example.com,35,2021-04-09,1
1791,Edwards Dynamics AG,Software & SaaS,Enterprise,20186,9801370000.0,NA,Canada,,West Thomas,https://www.edwardsdynamicsag.example.com,55,2022-03-09,1
1792,Glover Interactive Corp,Financial Services,Mid-Market,200,38209000.0,NA,Canada,,Chloemouth,https://www.gloverinteractivecorp.example.com,34,2024-01-19,1
1793,Dominguez Labs Group,Retail & E-commerce,Enterprise,13968,5462628000.0,LATAM,Mexico,,East Cheryl,https://www.dominguezlabsgroup.example.com,44,2025-02-14,1
1794,Knox Dynamics GmbH,Manufacturing,SMB,34,3257000.0,NA,United States,MO,Lake Michaelborough,https://www.knoxdynamicsgmbh.example.com,16,2025-04-30,1
1795,Torres Analytics LLC,Biotech & Pharma,Enterprise,3808,858430000.0,NA,Canada,,West Natasha,https://www.torresanalyticsllc.example.com,24,2021-10-26,1
1796,Proctor Systems Corp,Software & SaaS,SMB,19,1929000.0,EMEA,Netherlands,,Wendyfurt,https://www.proctorsystemscorp.example.com,7,2024-08-07,1
1797,May Networks AG,Financial Services,SMB,28,4631000.0,NA,Canada,,North Joanland,https://www.maynetworksag.example.com,16,2023-11-03,1
1798,Johnston Bioscience GmbH,Real Estate,SMB,14,1894000.0,APAC,Singapore,,West Rachelton,https://www.johnstonbiosciencegmbh.example.com,13,2025-10-30,1
1799,Powell Capital GmbH,Software & SaaS,SMB,183,22254000.0,NA,Canada,,West Angelbury,https://www.powellcapitalgmbh.example.com,31,2024-08-26,1
1800,Jenkins Ventures GmbH,Education,SMB,69,8177000.0,NA,United States,NM,North Neil,https://www.jenkinsventuresgmbh.example.com,26,2023-03-24,1
1801,Tate Cloud Group,Real Estate,SMB,38,8106000.0,EMEA,Ireland,,Deborahberg,https://www.tatecloudgroup.example.com,27,2024-09-18,1
1802,Martinez Holdings Inc,Education,SMB,76,8014000.0,NA,United States,PW,West Amy,https://www.martinezholdingsinc.example.com,24,2022-03-21,1
1803,Nicholson Analytics GmbH,Healthcare,SMB,7,907000.0,APAC,Singapore,,Port Charleshaven,https://www.nicholsonanalyticsgmbh.example.com,50,2024-09-24,0
1804,Oliver Dynamics Co,Software & SaaS,Mid-Market,997,205089000.0,NA,Canada,,East Cheryl,https://www.oliverdynamicsco.example.com,12,2024-09-13,1
1805,Ramirez Digital Group,Automotive,Mid-Market,687,162047000.0,NA,United States,TX,South Stevenberg,https://www.ramirezdigitalgroup.example.com,2,2025-03-20,1
1806,Joseph Solutions Co,Hospitality,SMB,5,756000.0,NA,Canada,,Lisaside,https://www.josephsolutionsco.example.com,49,2021-12-13,1
1807,Hatfield Networks GmbH,Telecommunications,SMB,23,2071000.0,NA,Canada,,South Amandafort,https://www.hatfieldnetworksgmbh.example.com,48,2025-03-06,1
1808,Hodges Logistics Co,Financial Services,SMB,11,2307000.0,EMEA,Spain,,Jacobsmouth,https://www.hodgeslogisticsco.example.com,60,2021-09-03,1
1809,Walsh Industries Ltd,Retail & E-commerce,SMB,26,2675000.0,NA,United States,ND,Alvarezburgh,https://www.walshindustriesltd.example.com,11,2024-08-22,1
1810,Browning Works Co,Telecommunications,Mid-Market,587,129125000.0,EMEA,Sweden,,Millermouth,https://www.browningworksco.example.com,3,2025-11-11,1
1811,Paul Systems Co,Software & SaaS,SMB,36,6434000.0,APAC,Australia,,Millerfort,https://www.paulsystemsco.example.com,50,2021-02-25,1
1812,Wells Analytics AG,Construction,Mid-Market,621,87927000.0,NA,United States,GA,Teresabury,https://www.wellsanalyticsag.example.com,15,2023-10-02,1
1813,Berry Partners AG,Construction,Mid-Market,737,138552000.0,EMEA,Netherlands,,Davisstad,https://www.berrypartnersag.example.com,46,2023-12-08,1
1814,Mills Foods Corp,Financial Services,SMB,63,10820000.0,NA,Canada,,West Cassandra,https://www.millsfoodscorp.example.com,28,2024-12-05,1
1815,Mckinney Partners GmbH,Financial Services,Mid-Market,376,73410000.0,APAC,India,,East Ericbury,https://www.mckinneypartnersgmbh.example.com,23,2021-05-26,1
1816,Good Solutions PLC,Manufacturing,SMB,13,2537000.0,NA,United States,NC,West Kellyland,https://www.goodsolutionsplc.example.com,34,2025-09-07,1
1817,Bradley Foods LLC,Retail & E-commerce,Mid-Market,551,144023000.0,EMEA,Sweden,,Quinnhaven,https://www.bradleyfoodsllc.example.com,42,2026-06-26,1
1818,Oconnell Materials GmbH,Retail & E-commerce,Mid-Market,1536,286584000.0,NA,Canada,,Lake Margaretport,https://www.oconnellmaterialsgmbh.example.com,52,2023-12-28,1
1819,Lewis Health PLC,Energy & Utilities,Mid-Market,373,45354000.0,NA,United States,MI,West Ronaldview,https://www.lewishealthplc.example.com,39,2022-10-07,1
1820,Reed Health GmbH,Retail & E-commerce,Mid-Market,292,39965000.0,NA,United States,GU,Lake Margaretport,https://www.reedhealthgmbh.example.com,35,2023-10-23,1
1821,Bowers Health GmbH,Financial Services,Mid-Market,603,132298000.0,NA,Canada,,Port Brandon,https://www.bowershealthgmbh.example.com,43,2021-03-19,1
1822,Wallace Robotics AG,Healthcare,Enterprise,23574,10555281000.0,APAC,New Zealand,,Amberton,https://www.wallaceroboticsag.example.com,41,2024-06-25,0
1823,Moody Digital Co,Manufacturing,SMB,42,7337000.0,NA,United States,DE,Cunninghamview,https://www.moodydigitalco.example.com,35,2021-04-07,1
1824,Huber Energy Inc,Logistics & Transportation,Mid-Market,270,42579000.0,LATAM,Argentina,,Lake Lisabury,https://www.huberenergyinc.example.com,40,2022-04-11,1
1825,Hurst Networks Group,Biotech & Pharma,Mid-Market,200,43785000.0,NA,Canada,,Gutierrezmouth,https://www.hurstnetworksgroup.example.com,53,2021-07-09,1
1826,Watson Logistics LLC,Software & SaaS,SMB,31,5891000.0,NA,United States,MS,Georgeside,https://www.watsonlogisticsllc.example.com,59,2024-04-30,1
1827,Marquez Solutions Group,Professional Services,Enterprise,13130,5379775000.0,NA,United States,MS,Lake Stephen,https://www.marquezsolutionsgroup.example.com,28,2023-07-27,1
1828,Mccormick Interactive Ltd,Healthcare,SMB,41,5935000.0,NA,Canada,,North Thomas,https://www.mccormickinteractiveltd.example.com,2,2024-03-04,1
1829,Murillo Dynamics AG,Telecommunications,SMB,21,3224000.0,APAC,Japan,,Dixonberg,https://www.murillodynamicsag.example.com,23,2021-03-30,1
1830,Gallegos Solutions PLC,Healthcare,SMB,89,16128000.0,NA,United States,NC,Ryanburgh,https://www.gallegossolutionsplc.example.com,59,2022-06-22,1
1831,Dunn Labs Corp,Manufacturing,SMB,29,4753000.0,APAC,Japan,,South William,https://www.dunnlabscorp.example.com,56,2022-09-02,1
1832,Reed Networks Co,Retail & E-commerce,Mid-Market,488,114602000.0,NA,United States,AK,South Sean,https://www.reednetworksco.example.com,22,2023-08-17,1
1833,Gardner Solutions Co,Real Estate,SMB,119,18624000.0,NA,United States,PR,East Tara,https://www.gardnersolutionsco.example.com,16,2021-05-25,1
1834,Ayers Digital Corp,Financial Services,SMB,17,1984000.0,NA,United States,NJ,Townsendbury,https://www.ayersdigitalcorp.example.com,11,2023-11-16,1
1835,Kane Works Ltd,Manufacturing,SMB,55,6795000.0,EMEA,Netherlands,,Duffyshire,https://www.kaneworksltd.example.com,20,2022-08-09,1
1836,Ali Ventures AG,Logistics & Transportation,SMB,30,4098000.0,NA,United States,MP,Davidshire,https://www.aliventuresag.example.com,47,2025-08-27,1
1837,Matthews Works Inc,Education,Mid-Market,1874,574733000.0,APAC,Australia,,Robertfort,https://www.matthewsworksinc.example.com,13,2022-11-11,1
1838,Mueller Logistics Corp,Software & SaaS,Mid-Market,614,154185000.0,NA,United States,TN,Savageview,https://www.muellerlogisticscorp.example.com,14,2021-05-25,1
1839,Velasquez Energy Inc,Software & SaaS,SMB,24,2189000.0,NA,United States,KY,Donaldchester,https://www.velasquezenergyinc.example.com,55,2021-05-26,1
1840,Mendoza Labs GmbH,Telecommunications,SMB,50,7213000.0,EMEA,Spain,,Martinezport,https://www.mendozalabsgmbh.example.com,58,2021-12-27,1
1841,Griffith Materials LLC,Manufacturing,SMB,25,2259000.0,EMEA,Netherlands,,Marcuston,https://www.griffithmaterialsllc.example.com,45,2021-12-09,1
1842,Moss Energy Ltd,Financial Services,SMB,5,817000.0,APAC,Singapore,,Robbinsstad,https://www.mossenergyltd.example.com,50,2024-10-22,1
1843,Mckee Capital Inc,Healthcare,SMB,5,908000.0,NA,United States,CO,New Megan,https://www.mckeecapitalinc.example.com,15,2024-04-19,1
1844,Quinn Cloud Co,Media & Entertainment,SMB,82,13373000.0,EMEA,UAE,,North Sheenaborough,https://www.quinncloudco.example.com,27,2021-04-16,1
1845,Vega Materials AG,Construction,SMB,79,14232000.0,NA,United States,IA,Caseyton,https://www.vegamaterialsag.example.com,9,2025-03-11,1
1846,Brandt Materials AG,Telecommunications,SMB,130,11700000.0,LATAM,Argentina,,West Travischester,https://www.brandtmaterialsag.example.com,40,2021-05-17,1
1847,Petty Health LLC,Professional Services,SMB,31,3030000.0,NA,United States,PW,North Garyfurt,https://www.pettyhealthllc.example.com,35,2024-09-24,1
1848,Ryan Networks Ltd,Media & Entertainment,SMB,11,1989000.0,APAC,Singapore,,Port Juliantown,https://www.ryannetworksltd.example.com,23,2021-06-05,1
1849,Glass Solutions Group,Manufacturing,Mid-Market,723,91248000.0,NA,United States,SC,New Danielfurt,https://www.glasssolutionsgroup.example.com,14,2022-06-30,1
1850,Hess Metrics PLC,Construction,Mid-Market,200,39229000.0,EMEA,UAE,,Hansenmouth,https://www.hessmetricsplc.example.com,18,2024-06-21,1
1851,Hodges Works Co,Software & SaaS,SMB,23,4471000.0,APAC,New Zealand,,Port Juliantown,https://www.hodgesworksco.example.com,13,2021-12-24,1
1852,Hardin Cloud GmbH,Professional Services,Mid-Market,878,244691000.0,APAC,New Zealand,,Jillianfort,https://www.hardincloudgmbh.example.com,13,2021-06-08,1
1853,Stone Energy AG,Healthcare,Mid-Market,678,116692000.0,NA,Canada,,Freemanville,https://www.stoneenergyag.example.com,16,2024-09-26,1
1854,Gibson Solutions Corp,Media & Entertainment,SMB,31,5682000.0,NA,Canada,,North David,https://www.gibsonsolutionscorp.example.com,10,2024-02-13,1
1855,Howell Solutions Inc,Automotive,SMB,14,2467000.0,APAC,India,,Lake Loganstad,https://www.howellsolutionsinc.example.com,41,2025-06-27,1
1856,Mcdaniel Logistics Group,Hospitality,SMB,108,19652000.0,EMEA,Netherlands,,Wendyfurt,https://www.mcdaniellogisticsgroup.example.com,42,2023-11-06,1
1857,Durham Digital LLC,Hospitality,Mid-Market,384,117118000.0,EMEA,Netherlands,,Port Jamesland,https://www.durhamdigitalllc.example.com,3,2021-04-13,1
1858,Parks Solutions LLC,Professional Services,SMB,169,31459000.0,NA,United States,DC,Lake Ronniebury,https://www.parkssolutionsllc.example.com,37,2023-10-30,1
1859,Li Energy PLC,Retail & E-commerce,Mid-Market,723,163255000.0,NA,United States,MN,Annborough,https://www.lienergyplc.example.com,15,2024-12-20,1
1860,Christian Analytics AG,Manufacturing,SMB,45,8288000.0,NA,Canada,,Lake Emilymouth,https://www.christiananalyticsag.example.com,43,2021-04-28,1
1861,Collins Metrics Co,Logistics & Transportation,SMB,31,5764000.0,EMEA,Ireland,,Davisstad,https://www.collinsmetricsco.example.com,7,2021-07-02,1
1862,Arroyo Ventures Co,Healthcare,Enterprise,9982,5111366000.0,NA,Canada,,Freemanville,https://www.arroyoventuresco.example.com,16,2024-01-10,1
1863,Mccoy Industries Ltd,Retail & E-commerce,SMB,11,1096000.0,NA,Canada,,Jensenport,https://www.mccoyindustriesltd.example.com,26,2024-10-07,1
1864,Rush Ventures AG,Software & SaaS,Mid-Market,718,99435000.0,APAC,Japan,,Port Dwayneberg,https://www.rushventuresag.example.com,13,2022-06-01,1
1865,York Holdings Inc,Government & Public Sector,Enterprise,30690,7599934000.0,EMEA,Spain,,Davidshire,https://www.yorkholdingsinc.example.com,20,2024-05-21,0
1866,Newman Robotics Co,Telecommunications,Mid-Market,285,47975000.0,APAC,Australia,,East Jenny,https://www.newmanroboticsco.example.com,50,2021-09-01,1
1867,Wiley Logistics GmbH,Software & SaaS,SMB,100,9823000.0,NA,United States,HI,Ashleyport,https://www.wileylogisticsgmbh.example.com,30,2022-11-02,1
1868,Yang Logistics LLC,Education,Mid-Market,811,244322000.0,NA,Canada,,West David,https://www.yanglogisticsllc.example.com,31,2024-06-17,1
1869,Meza Industries Ltd,Real Estate,SMB,33,4519000.0,NA,Canada,,Wilcoxfort,https://www.mezaindustriesltd.example.com,49,2021-10-13,1
1870,Hardy Labs Inc,Hospitality,SMB,25,3965000.0,NA,United States,RI,Josephville,https://www.hardylabsinc.example.com,11,2022-05-25,1
1871,Tanner Solutions GmbH,Healthcare,Mid-Market,1552,493989000.0,EMEA,Germany,,Moniqueport,https://www.tannersolutionsgmbh.example.com,6,2023-10-09,1
1872,Morales Ventures Ltd,Education,Mid-Market,533,155957000.0,NA,United States,CT,Kanefurt,https://www.moralesventuresltd.example.com,15,2022-05-19,1
1873,Santiago Dynamics AG,Healthcare,SMB,45,8511000.0,NA,Canada,,New Whitney,https://www.santiagodynamicsag.example.com,43,2025-05-15,1
1874,Dawson Ventures Group,Hospitality,SMB,20,2670000.0,NA,Canada,,North Courtney,https://www.dawsonventuresgroup.example.com,51,2026-02-09,1
1875,Watkins Industries PLC,Government & Public Sector,Mid-Market,329,60581000.0,EMEA,Ireland,,Howardmouth,https://www.watkinsindustriesplc.example.com,32,2023-11-07,1
1876,Hoover Dynamics PLC,Software & SaaS,Mid-Market,553,151391000.0,APAC,Singapore,,Port Courtney,https://www.hooverdynamicsplc.example.com,23,2024-09-17,1
1877,Stevens Holdings Inc,Healthcare,SMB,35,4402000.0,NA,Canada,,Allenbury,https://www.stevensholdingsinc.example.com,26,2025-08-29,1
1878,Hardy Health PLC,Software & SaaS,Mid-Market,1200,197335000.0,NA,Canada,,Port Courtney,https://www.hardyhealthplc.example.com,2,2024-03-08,1
1879,Townsend Energy PLC,Manufacturing,SMB,10,1916000.0,NA,Canada,,Ruizbury,https://www.townsendenergyplc.example.com,49,2024-08-27,1
1880,Nunez Industries Ltd,Software & SaaS,SMB,71,8691000.0,EMEA,Spain,,Bradfordbury,https://www.nunezindustriesltd.example.com,57,2021-04-22,1
1881,Delacruz Digital Ltd,Professional Services,Mid-Market,252,49620000.0,NA,Canada,,Robertafurt,https://www.delacruzdigitalltd.example.com,35,2024-12-23,1
1882,Carter Systems GmbH,Retail & E-commerce,Enterprise,7529,2107557000.0,NA,United States,ME,Robinsonville,https://www.cartersystemsgmbh.example.com,31,2022-01-28,1
1883,Chan Logistics Inc,Logistics & Transportation,SMB,29,5705000.0,EMEA,Sweden,,West Theresamouth,https://www.chanlogisticsinc.example.com,18,2021-04-08,1
1884,Hardy Health Corp,Real Estate,SMB,75,8477000.0,EMEA,Ireland,,South Henry,https://www.hardyhealthcorp.example.com,20,2023-07-13,1
1885,Barber Holdings Group,Telecommunications,SMB,27,3692000.0,EMEA,Germany,,Amyside,https://www.barberholdingsgroup.example.com,20,2021-11-24,1
1886,Maldonado Cloud GmbH,Healthcare,Mid-Market,976,253207000.0,NA,United States,WY,Caseyton,https://www.maldonadocloudgmbh.example.com,25,2021-04-22,1
1887,Newman Interactive LLC,Professional Services,SMB,28,3980000.0,APAC,India,,East Austin,https://www.newmaninteractivellc.example.com,56,2023-09-05,1
1888,Ramsey Metrics Inc,Education,SMB,12,1547000.0,NA,United States,NH,North Markville,https://www.ramseymetricsinc.example.com,38,2021-05-19,1
1889,Walker Holdings AG,Financial Services,Enterprise,40930,18653306000.0,NA,Canada,,Rebeccashire,https://www.walkerholdingsag.example.com,17,2025-06-18,1
1890,Rush Systems Corp,Software & SaaS,SMB,55,4974000.0,EMEA,Ireland,,Port Heather,https://www.rushsystemscorp.example.com,45,2026-03-24,1
1891,Yu Robotics GmbH,Real Estate,SMB,16,1930000.0,NA,Canada,,Lake Beth,https://www.yuroboticsgmbh.example.com,24,2024-05-28,1
1892,Melton Cloud Group,Financial Services,SMB,21,2812000.0,EMEA,United Kingdom,,Ellisshire,https://www.meltoncloudgroup.example.com,45,2022-02-21,1
1893,Sloan Technologies PLC,Software & SaaS,Mid-Market,380,119237000.0,NA,Canada,,Brooksville,https://www.sloantechnologiesplc.example.com,47,2023-05-29,1
1894,Roberson Works AG,Retail & E-commerce,SMB,31,4054000.0,NA,United States,PA,Lake Samantha,https://www.robersonworksag.example.com,25,2021-02-19,0
1895,Shaw Dynamics PLC,Biotech & Pharma,SMB,34,6532000.0,EMEA,Ireland,,Kanefurt,https://www.shawdynamicsplc.example.com,6,2023-09-25,1
1896,Hinton Materials Group,Telecommunications,SMB,8,769000.0,NA,Canada,,Katelynfurt,https://www.hintonmaterialsgroup.example.com,55,2022-01-07,1
1897,Lester Cloud Ltd,Professional Services,Mid-Market,758,157542000.0,EMEA,Sweden,,Chloeview,https://www.lestercloudltd.example.com,57,2022-11-22,1
1898,Valenzuela Solutions GmbH,Healthcare,Mid-Market,414,90735000.0,EMEA,Sweden,,Jillton,https://www.valenzuelasolutionsgmbh.example.com,36,2021-09-15,1
1899,Humphrey Partners GmbH,Professional Services,SMB,26,3655000.0,NA,Canada,,South Shannonfurt,https://www.humphreypartnersgmbh.example.com,28,2026-06-03,1
1900,Mendoza Interactive Group,Manufacturing,SMB,57,5408000.0,EMEA,Spain,,Guerreroport,https://www.mendozainteractivegroup.example.com,57,2021-10-26,1
1901,Morton Networks Group,Construction,Mid-Market,413,67746000.0,APAC,Australia,,Toddberg,https://www.mortonnetworksgroup.example.com,13,2022-09-19,0
1902,Collier Health Corp,Media & Entertainment,SMB,23,4853000.0,APAC,Singapore,,Chloemouth,https://www.collierhealthcorp.example.com,23,2021-12-27,1
1903,Arellano Analytics Group,Media & Entertainment,SMB,26,5011000.0,NA,Canada,,Port Carloschester,https://www.arellanoanalyticsgroup.example.com,33,2023-04-18,1
1904,Park Capital PLC,Non-Profit,SMB,35,7619000.0,EMEA,France,,Davisborough,https://www.parkcapitalplc.example.com,57,2025-08-25,1
1905,Roth Digital Ltd,Biotech & Pharma,SMB,28,5833000.0,APAC,Australia,,Lake Wendybury,https://www.rothdigitalltd.example.com,23,2021-08-25,1
1906,Mccullough Digital Co,Software & SaaS,SMB,14,1835000.0,EMEA,Ireland,,West Robertfort,https://www.mcculloughdigitalco.example.com,32,2021-07-13,1
1907,Neal Foods GmbH,Financial Services,SMB,30,5397000.0,NA,Canada,,Shannonstad,https://www.nealfoodsgmbh.example.com,35,2021-04-13,1
1908,Benson Ventures LLC,Education,SMB,66,8570000.0,NA,Canada,,New Markmouth,https://www.bensonventuresllc.example.com,39,2023-07-13,1
1909,Christian Capital GmbH,Software & SaaS,SMB,14,2877000.0,EMEA,United Kingdom,,Port Belindatown,https://www.christiancapitalgmbh.example.com,45,2023-08-16,1
1910,Proctor Ventures Ltd,Healthcare,Mid-Market,1982,397677000.0,EMEA,Spain,,Port Jamesland,https://www.proctorventuresltd.example.com,36,2024-12-18,1
1911,Morris Bioscience AG,Financial Services,SMB,23,3298000.0,APAC,Japan,,South Chad,https://www.morrisbioscienceag.example.com,50,2025-01-27,1
1912,Cooper Robotics Ltd,Logistics & Transportation,SMB,11,1528000.0,APAC,Japan,,North Peterburgh,https://www.cooperroboticsltd.example.com,23,2021-05-25,1
1913,Mcneil Partners PLC,Media & Entertainment,Mid-Market,219,29040000.0,NA,Canada,,New Kevin,https://www.mcneilpartnersplc.example.com,30,2025-09-10,1
1914,Bailey Metrics LLC,Financial Services,SMB,64,13365000.0,EMEA,Ireland,,Campbellport,https://www.baileymetricsllc.example.com,36,2025-01-05,1
1915,Roman Logistics Group,Logistics & Transportation,Mid-Market,910,265463000.0,NA,United States,DE,West Ryan,https://www.romanlogisticsgroup.example.com,24,2023-11-16,1
1916,Arroyo Cloud Ltd,Manufacturing,SMB,29,5765000.0,NA,Canada,,North Joel,https://www.arroyocloudltd.example.com,48,2022-05-22,1
1917,Sherman Works Group,Automotive,Mid-Market,2000,249334000.0,NA,United States,FM,Jillianfort,https://www.shermanworksgroup.example.com,39,2024-06-12,1
1918,Davies Robotics Inc,Software & SaaS,SMB,16,3450000.0,APAC,Australia,,East Aprilstad,https://www.daviesroboticsinc.example.com,13,2023-09-22,1
1919,Edwards Ventures Co,Hospitality,SMB,33,3255000.0,NA,Canada,,North Susanside,https://www.edwardsventuresco.example.com,8,2022-06-01,1
1920,Velez Partners Group,Automotive,SMB,12,1460000.0,NA,Canada,,Smithfurt,https://www.velezpartnersgroup.example.com,35,2021-01-22,1
1921,Santiago Bioscience Ltd,Logistics & Transportation,SMB,14,1808000.0,NA,United States,WY,South Jacqueline,https://www.santiagobioscienceltd.example.com,52,2023-07-21,1
1922,Goodman Partners Ltd,Energy & Utilities,SMB,10,1452000.0,NA,Canada,,Tylerland,https://www.goodmanpartnersltd.example.com,33,2023-06-20,1
1923,Cole Materials Co,Software & SaaS,Mid-Market,1057,271337000.0,EMEA,United Kingdom,,Wellsberg,https://www.colematerialsco.example.com,27,2021-08-09,1
1924,Browning Interactive GmbH,Manufacturing,Mid-Market,233,40692000.0,NA,United States,MT,Perezchester,https://www.browninginteractivegmbh.example.com,53,2025-08-28,1
1925,Hendrix Technologies Inc,Financial Services,SMB,14,2121000.0,NA,Canada,,West Michellefort,https://www.hendrixtechnologiesinc.example.com,25,2021-08-17,1
1926,Mccoy Technologies GmbH,Media & Entertainment,Mid-Market,241,51868000.0,NA,Canada,,Bushville,https://www.mccoytechnologiesgmbh.example.com,16,2022-02-18,1
1927,Kim Cloud Co,Biotech & Pharma,Mid-Market,359,63296000.0,APAC,Japan,,Leemouth,https://www.kimcloudco.example.com,41,2022-06-24,1
1928,Todd Works PLC,Software & SaaS,Mid-Market,711,142210000.0,EMEA,Spain,,New David,https://www.toddworksplc.example.com,6,2024-01-24,1
1929,Ryan Logistics GmbH,Retail & E-commerce,Mid-Market,749,171787000.0,APAC,India,,Port Wesleyville,https://www.ryanlogisticsgmbh.example.com,56,2021-04-26,1
1930,Espinoza Solutions Group,Telecommunications,Mid-Market,243,60307000.0,NA,United States,ME,Joshuashire,https://www.espinozasolutionsgroup.example.com,30,2024-03-08,1
1931,Tran Health Group,Retail & E-commerce,SMB,87,11127000.0,NA,United States,CO,Jillton,https://www.tranhealthgroup.example.com,10,2022-09-14,1
1932,Jacobs Materials PLC,Logistics & Transportation,Mid-Market,328,101043000.0,NA,Canada,,West Angelbury,https://www.jacobsmaterialsplc.example.com,9,2021-09-21,1
1933,Andersen Partners Ltd,Retail & E-commerce,Enterprise,32136,5869327000.0,LATAM,Chile,,Port Davidtown,https://www.andersenpartnersltd.example.com,44,2021-06-07,1
1934,Skinner Solutions LLC,Media & Entertainment,SMB,18,3470000.0,NA,Canada,,Port Brenda,https://www.skinnersolutionsllc.example.com,33,2022-09-12,1
1935,Prince Robotics Group,Software & SaaS,SMB,44,5237000.0,NA,United States,NE,East Marystad,https://www.princeroboticsgroup.example.com,2,2022-11-07,1
1936,Guerra Partners GmbH,Logistics & Transportation,SMB,16,2889000.0,LATAM,Colombia,,New Julia,https://www.guerrapartnersgmbh.example.com,44,2021-07-06,1
1937,Stokes Digital Ltd,Logistics & Transportation,Enterprise,16562,6425260000.0,LATAM,Mexico,,Marymouth,https://www.stokesdigitalltd.example.com,40,2022-12-29,1
1938,Trujillo Capital AG,Financial Services,SMB,55,11040000.0,NA,United States,LA,Pageberg,https://www.trujillocapitalag.example.com,9,2023-02-08,1
1939,Weaver Partners PLC,Logistics & Transportation,Mid-Market,344,64135000.0,EMEA,Ireland,,West Edwardview,https://www.weaverpartnersplc.example.com,19,2026-05-12,1
1940,Valentine Robotics LLC,Retail & E-commerce,Mid-Market,552,130808000.0,NA,United States,IL,Javierport,https://www.valentineroboticsllc.example.com,29,2024-03-28,1
1941,Farrell Works LLC,Media & Entertainment,Enterprise,21323,7522144000.0,NA,United States,WV,South Jenniferside,https://www.farrellworksllc.example.com,15,2021-01-21,1
1942,Martin Digital AG,Media & Entertainment,SMB,14,2359000.0,NA,Canada,,Port Brandon,https://www.martindigitalag.example.com,12,2022-12-22,1
1943,Clark Labs PLC,Manufacturing,Mid-Market,2000,600689000.0,LATAM,Argentina,,New Jessica,https://www.clarklabsplc.example.com,44,2021-02-04,1
1944,Orr Foods Ltd,Professional Services,Mid-Market,314,55907000.0,NA,Canada,,West Nicholasfurt,https://www.orrfoodsltd.example.com,30,2023-02-27,1
1945,Knapp Ventures PLC,Manufacturing,SMB,32,4353000.0,EMEA,Sweden,,East Dawnchester,https://www.knappventuresplc.example.com,45,2022-05-06,1
1946,Stone Foods Corp,Retail & E-commerce,Mid-Market,303,88782000.0,NA,United States,HI,Port Lisaville,https://www.stonefoodscorp.example.com,22,2025-08-15,1
1947,Tran Dynamics Group,Retail & E-commerce,SMB,32,3662000.0,EMEA,Sweden,,Lisaside,https://www.trandynamicsgroup.example.com,45,2023-01-19,1
1948,Garcia Foods GmbH,Retail & E-commerce,Mid-Market,270,84108000.0,EMEA,United Kingdom,,Port Patriciamouth,https://www.garciafoodsgmbh.example.com,21,2025-03-07,1
1949,Galvan Capital AG,Professional Services,SMB,181,19451000.0,EMEA,UAE,,East Charles,https://www.galvancapitalag.example.com,4,2023-06-30,1
1950,Ayala Dynamics AG,Telecommunications,SMB,50,9337000.0,APAC,New Zealand,,Robertton,https://www.ayaladynamicsag.example.com,56,2022-08-12,1
1951,Lamb Holdings GmbH,Software & SaaS,SMB,20,3020000.0,EMEA,UAE,,Brownland,https://www.lambholdingsgmbh.example.com,4,2021-11-29,1
1952,Harvey Holdings GmbH,Retail & E-commerce,SMB,52,4993000.0,EMEA,Ireland,,Lake Jessicaborough,https://www.harveyholdingsgmbh.example.com,57,2021-09-21,1
1953,Zamora Robotics Co,Software & SaaS,SMB,157,34210000.0,NA,Canada,,West Brandi,https://www.zamoraroboticsco.example.com,35,2024-10-15,1
1954,Saunders Materials Group,Telecommunications,Mid-Market,1018,294710000.0,LATAM,Colombia,,Port Belindatown,https://www.saundersmaterialsgroup.example.com,44,2025-06-09,1
1955,Hurley Capital Inc,Automotive,SMB,9,1595000.0,NA,Canada,,New Hectorfort,https://www.hurleycapitalinc.example.com,28,2022-04-13,1
1956,May Metrics Group,Education,SMB,16,3196000.0,NA,Canada,,Lake Beth,https://www.maymetricsgroup.example.com,14,2023-01-23,1
1957,Moon Energy Corp,Manufacturing,Mid-Market,613,143425000.0,NA,United States,OH,Christinachester,https://www.moonenergycorp.example.com,39,2022-02-19,1
1958,Travis Logistics Inc,Software & SaaS,Mid-Market,322,85144000.0,NA,United States,CA,Davishaven,https://www.travislogisticsinc.example.com,53,2022-11-22,0
1959,Zamora Works Group,Healthcare,SMB,26,3821000.0,EMEA,United Kingdom,,Rhodesland,https://www.zamoraworksgroup.example.com,4,2025-05-01,1
1960,Holden Holdings AG,Logistics & Transportation,Enterprise,9158,2021865000.0,NA,Canada,,Janetmouth,https://www.holdenholdingsag.example.com,39,2021-07-07,0
1961,Hampton Bioscience Group,Government & Public Sector,SMB,23,4927000.0,NA,United States,OR,Bushville,https://www.hamptonbiosciencegroup.example.com,12,2022-02-25,1
1962,Perry Holdings Corp,Logistics & Transportation,Mid-Market,481,103999000.0,APAC,India,,Mejiabury,https://www.perryholdingscorp.example.com,41,2024-02-23,1
1963,Fields Logistics Ltd,Automotive,SMB,24,2783000.0,APAC,Japan,,Lewisbury,https://www.fieldslogisticsltd.example.com,56,2022-03-23,1
1964,Carlson Foods GmbH,Manufacturing,Mid-Market,349,83568000.0,NA,United States,TN,West Ryan,https://www.carlsonfoodsgmbh.example.com,33,2021-04-23,1
1965,Flores Foods AG,Software & SaaS,Enterprise,39254,8614048000.0,LATAM,Colombia,,Geraldport,https://www.floresfoodsag.example.com,40,2022-06-28,1
1966,Gamble Analytics GmbH,Education,Mid-Market,789,248452000.0,NA,Canada,,Jamesland,https://www.gambleanalyticsgmbh.example.com,12,2024-01-08,1
1967,Mills Systems LLC,Financial Services,SMB,11,1255000.0,NA,United States,GU,East John,https://www.millssystemsllc.example.com,2,2026-05-25,0
1968,Price Energy LLC,Financial Services,Mid-Market,2000,340448000.0,APAC,New Zealand,,East Patriciamouth,https://www.priceenergyllc.example.com,50,2025-06-30,1
1969,Charles Labs PLC,Software & SaaS,SMB,90,18517000.0,EMEA,Netherlands,,New Whitney,https://www.charleslabsplc.example.com,7,2023-05-27,0
1970,Barber Holdings GmbH,Logistics & Transportation,Mid-Market,956,266255000.0,EMEA,Ireland,,Garrettfurt,https://www.barberholdingsgmbh.example.com,3,2024-09-06,1
1971,Chen Holdings Ltd,Financial Services,Mid-Market,589,130314000.0,NA,Canada,,Richardsonshire,https://www.chenholdingsltd.example.com,12,2023-06-12,1
1972,Valencia Ventures AG,Automotive,Enterprise,25734,11623305000.0,NA,Canada,,South Kaylee,https://www.valenciaventuresag.example.com,48,2023-01-20,1
1973,Espinoza Holdings PLC,Professional Services,SMB,10,2059000.0,NA,United States,TN,New Elizabethshire,https://www.espinozaholdingsplc.example.com,53,2021-09-06,1
1974,Liu Cloud Corp,Telecommunications,SMB,27,4182000.0,LATAM,Chile,,Gregoryhaven,https://www.liucloudcorp.example.com,40,2022-02-28,1
1975,Lutz Digital GmbH,Manufacturing,SMB,69,7338000.0,NA,Canada,,South Kimberly,https://www.lutzdigitalgmbh.example.com,34,2022-11-16,1
1976,Fitzgerald Bioscience PLC,Software & SaaS,SMB,30,3890000.0,NA,Canada,,West Steventon,https://www.fitzgeraldbioscienceplc.example.com,51,2026-05-31,1
1977,Simon Holdings Corp,Energy & Utilities,SMB,15,2821000.0,NA,United States,NH,West David,https://www.simonholdingscorp.example.com,26,2023-09-02,1
1978,Bennett Holdings Ltd,Software & SaaS,SMB,11,2200000.0,EMEA,Spain,,West Edwardview,https://www.bennettholdingsltd.example.com,6,2025-12-24,1
1979,Lloyd Health Ltd,Retail & E-commerce,Mid-Market,384,59664000.0,NA,United States,IL,South Jacqueline,https://www.lloydhealthltd.example.com,8,2021-12-30,1
1980,Hobbs Solutions Inc,Software & SaaS,SMB,26,3515000.0,EMEA,UAE,,Robinsonville,https://www.hobbssolutionsinc.example.com,54,2021-04-06,1
1981,Rodgers Cloud Group,Logistics & Transportation,SMB,17,1665000.0,EMEA,Sweden,,West Ronaldview,https://www.rodgerscloudgroup.example.com,7,2026-04-30,1
1982,Cook Cloud Group,Logistics & Transportation,SMB,36,6356000.0,NA,Canada,,Lake Elizabeth,https://www.cookcloudgroup.example.com,52,2022-04-22,1
1983,Weber Technologies Group,Logistics & Transportation,Mid-Market,230,57203000.0,NA,Canada,,West John,https://www.webertechnologiesgroup.example.com,39,2023-04-04,1
1984,Ross Labs Co,Telecommunications,Mid-Market,1096,305220000.0,NA,Canada,,Amyside,https://www.rosslabsco.example.com,37,2021-04-08,1
1985,Pruitt Networks Co,Financial Services,SMB,11,2047000.0,EMEA,Spain,,South Rebeccaton,https://www.pruittnetworksco.example.com,54,2025-04-01,1
1986,King Technologies GmbH,Financial Services,SMB,58,8417000.0,APAC,Singapore,,Lake Danielle,https://www.kingtechnologiesgmbh.example.com,50,2021-01-01,1
1987,Moss Systems Inc,Manufacturing,SMB,34,5637000.0,NA,United States,RI,Joemouth,https://www.mosssystemsinc.example.com,9,2025-08-27,1
1988,Cross Interactive GmbH,Telecommunications,SMB,36,7861000.0,EMEA,France,,Port Kirk,https://www.crossinteractivegmbh.example.com,54,2021-08-30,1
1989,Alexander Technologies Group,Software & SaaS,SMB,93,11332000.0,NA,United States,AR,East Lisashire,https://www.alexandertechnologiesgro.example.com,55,2021-09-21,1
1990,Randall Networks Corp,Government & Public Sector,SMB,22,3619000.0,APAC,Japan,,Wilsonfort,https://www.randallnetworkscorp.example.com,23,2024-12-26,1
1991,Hughes Works LLC,Healthcare,Enterprise,27212,4505226000.0,LATAM,Argentina,,Robertmouth,https://www.hughesworksllc.example.com,44,2022-07-20,1
1992,Griffith Industries Inc,Software & SaaS,SMB,18,3050000.0,EMEA,Ireland,,Amyfort,https://www.griffithindustriesinc.example.com,45,2021-12-28,1
1993,Faulkner Dynamics LLC,Media & Entertainment,Mid-Market,1052,245906000.0,NA,Canada,,South Tylerland,https://www.faulknerdynamicsllc.example.com,9,2023-08-01,1
1994,Molina Solutions Group,Healthcare,SMB,20,3228000.0,NA,Canada,,Davisborough,https://www.molinasolutionsgroup.example.com,2,2021-12-27,1
1995,Larson Solutions Corp,Manufacturing,Enterprise,32580,13972354000.0,LATAM,Chile,,South Michael,https://www.larsonsolutionscorp.example.com,44,2022-02-17,1
1996,Obrien Robotics Group,Software & SaaS,Enterprise,13811,5852552000.0,NA,United States,ID,South John,https://www.obrienroboticsgroup.example.com,9,2021-03-09,1
1997,Watson Ventures Inc,Retail & E-commerce,Mid-Market,445,127932000.0,EMEA,Sweden,,Port Courtney,https://www.watsonventuresinc.example.com,7,2023-04-13,1
1998,Shepherd Systems Corp,Healthcare,SMB,27,5481000.0,APAC,New Zealand,,North Samanthastad,https://www.shepherdsystemscorp.example.com,41,2021-06-24,1
1999,Garner Logistics LLC,Financial Services,SMB,29,4891000.0,EMEA,Ireland,,South Patrick,https://www.garnerlogisticsllc.example.com,60,2025-01-30,1
2000,Dominguez Holdings PLC,Manufacturing,Mid-Market,1571,303476000.0,EMEA,Germany,,Sparksmouth,https://www.dominguezholdingsplc.example.com,36,2024-06-21,1
2001,Chapman Robotics PLC,Real Estate,Mid-Market,642,194368000.0,NA,Canada,,Ramirezshire,https://www.chapmanroboticsplc.example.com,55,2022-02-16,1
2002,Mayer Ventures Inc,Real Estate,SMB,16,2496000.0,APAC,Japan,,East Julie,https://www.mayerventuresinc.example.com,56,2023-03-31,1
2003,Sellers Works Ltd,Manufacturing,SMB,6,636000.0,NA,Canada,,Port Joditon,https://www.sellersworksltd.example.com,49,2023-06-21,1
2004,Durham Holdings AG,Construction,SMB,20,3628000.0,APAC,India,,Ellisville,https://www.durhamholdingsag.example.com,56,2023-12-20,1
2005,Yoder Capital AG,Software & SaaS,Mid-Market,1130,282120000.0,NA,United States,KY,Barberburgh,https://www.yodercapitalag.example.com,10,2022-09-21,1
2006,Hoover Robotics Inc,Hospitality,Mid-Market,789,221419000.0,EMEA,France,,East Ellen,https://www.hooverroboticsinc.example.com,46,2023-11-27,1
2007,Robles Industries AG,Construction,Mid-Market,553,96552000.0,APAC,Australia,,Morganville,https://www.roblesindustriesag.example.com,50,2021-09-03,1
2008,Franklin Dynamics Corp,Media & Entertainment,Mid-Market,309,64651000.0,EMEA,United Kingdom,,West Stephanie,https://www.franklindynamicscorp.example.com,18,2022-12-14,1
2009,Carey Capital GmbH,Software & SaaS,SMB,41,4394000.0,NA,Canada,,Annashire,https://www.careycapitalgmbh.example.com,28,2021-05-13,1
2010,Larson Bioscience LLC,Biotech & Pharma,SMB,35,3271000.0,NA,Canada,,Bushville,https://www.larsonbiosciencellc.example.com,31,2025-12-15,1
2011,Mann Bioscience PLC,Retail & E-commerce,SMB,77,11820000.0,APAC,Japan,,Conradmouth,https://www.mannbioscienceplc.example.com,13,2022-08-24,1
2012,Joseph Interactive GmbH,Financial Services,Mid-Market,567,171191000.0,EMEA,Spain,,East Ralphshire,https://www.josephinteractivegmbh.example.com,42,2023-09-18,1
2013,Hicks Solutions Group,Government & Public Sector,SMB,137,22525000.0,NA,United States,MD,North Andrewfort,https://www.hickssolutionsgroup.example.com,33,2023-01-12,1
2014,Murphy Ventures PLC,Retail & E-commerce,SMB,55,12093000.0,APAC,New Zealand,,South Lisaville,https://www.murphyventuresplc.example.com,13,2021-02-12,1
2015,Moreno Foods LLC,Retail & E-commerce,SMB,89,16252000.0,APAC,Japan,,Barberburgh,https://www.morenofoodsllc.example.com,41,2021-03-29,1
2016,Castaneda Foods PLC,Media & Entertainment,SMB,56,11218000.0,APAC,New Zealand,,South Frances,https://www.castanedafoodsplc.example.com,41,2022-01-10,1
2017,Norris Materials AG,Non-Profit,SMB,114,15393000.0,EMEA,Spain,,West Cassandra,https://www.norrismaterialsag.example.com,42,2024-01-03,1
2018,Gonzales Systems Group,Logistics & Transportation,SMB,126,19676000.0,LATAM,Argentina,,Carlshire,https://www.gonzalessystemsgroup.example.com,44,2023-11-04,1
2019,Salazar Foods AG,Government & Public Sector,SMB,64,13866000.0,APAC,Singapore,,Mikeborough,https://www.salazarfoodsag.example.com,50,2021-09-27,1
2020,Kline Robotics PLC,Financial Services,Mid-Market,1189,154783000.0,NA,Canada,,South Jonathanbury,https://www.klineroboticsplc.example.com,14,2023-01-10,1
2021,Dixon Analytics Co,Education,SMB,53,7646000.0,LATAM,Colombia,,Powersfurt,https://www.dixonanalyticsco.example.com,44,2022-06-17,1
2022,Cobb Digital Group,Logistics & Transportation,SMB,27,5264000.0,EMEA,France,,East Matthew,https://www.cobbdigitalgroup.example.com,32,2023-06-07,1
2023,Whitaker Foods Co,Healthcare,SMB,30,4751000.0,APAC,New Zealand,,East Dawnchester,https://www.whitakerfoodsco.example.com,23,2022-05-02,1
2024,Petty Cloud AG,Financial Services,Mid-Market,432,86744000.0,EMEA,Netherlands,,Michaelton,https://www.pettycloudag.example.com,32,2025-07-16,0
2025,Curtis Energy Inc,Software & SaaS,SMB,24,2859000.0,EMEA,Sweden,,South William,https://www.curtisenergyinc.example.com,45,2022-12-15,1
2026,Knox Partners GmbH,Healthcare,Mid-Market,879,242660000.0,NA,United States,ID,West Natasha,https://www.knoxpartnersgmbh.example.com,8,2022-10-01,1
2027,Bush Capital LLC,Energy & Utilities,Enterprise,7156,2818640000.0,NA,United States,WY,New Daltonmouth,https://www.bushcapitalllc.example.com,8,2024-03-11,1
2028,Shepard Capital GmbH,Healthcare,Mid-Market,280,75254000.0,NA,Canada,,New Tara,https://www.shepardcapitalgmbh.example.com,52,2024-09-12,1
2029,Shannon Technologies Co,Telecommunications,SMB,50,8273000.0,EMEA,Ireland,,North Heather,https://www.shannontechnologiesco.example.com,60,2022-10-21,1
2030,Russo Interactive AG,Government & Public Sector,Mid-Market,1135,329518000.0,APAC,Singapore,,New Hectorfort,https://www.russointeractiveag.example.com,50,2021-06-02,1
2031,James Labs LLC,Energy & Utilities,SMB,18,2130000.0,NA,United States,GU,Port Davidtown,https://www.jameslabsllc.example.com,35,2021-04-30,1
2032,Cherry Energy Inc,Professional Services,SMB,27,2441000.0,NA,Canada,,Janetmouth,https://www.cherryenergyinc.example.com,59,2022-04-18,1
2033,Kent Foods Co,Media & Entertainment,SMB,5,603000.0,EMEA,France,,North Adrianland,https://www.kentfoodsco.example.com,57,2024-05-15,1
2034,Lara Works GmbH,Biotech & Pharma,SMB,115,13238000.0,NA,Canada,,North Yolanda,https://www.laraworksgmbh.example.com,51,2023-11-29,1
2035,Gardner Health GmbH,Real Estate,SMB,26,3594000.0,NA,Canada,,North Joanland,https://www.gardnerhealthgmbh.example.com,15,2022-02-21,1
2036,Harper Systems PLC,Healthcare,SMB,44,9043000.0,NA,United States,ID,West Traceyberg,https://www.harpersystemsplc.example.com,9,2021-01-08,1
2037,Barker Works GmbH,Telecommunications,SMB,94,13200000.0,EMEA,Netherlands,,Rodriguezside,https://www.barkerworksgmbh.example.com,18,2023-11-07,1
2038,Li Industries PLC,Energy & Utilities,SMB,39,7795000.0,EMEA,Germany,,Robertstad,https://www.liindustriesplc.example.com,57,2023-06-01,1
2039,Conrad Ventures GmbH,Real Estate,SMB,93,15087000.0,APAC,Singapore,,South Henry,https://www.conradventuresgmbh.example.com,56,2024-08-23,1
2040,Short Bioscience LLC,Healthcare,Enterprise,45846,14094269000.0,NA,Canada,,New Stephaniefurt,https://www.shortbiosciencellc.example.com,37,2024-02-01,1
2041,Richard Solutions Group,Logistics & Transportation,SMB,12,1092000.0,NA,United States,NJ,Keithfort,https://www.richardsolutionsgroup.example.com,15,2021-12-17,1
2042,Melton Health Inc,Government & Public Sector,Mid-Market,799,214035000.0,EMEA,Ireland,,Nguyenshire,https://www.meltonhealthinc.example.com,18,2024-05-16,1
2043,Davis Energy Corp,Construction,SMB,190,21762000.0,LATAM,Chile,,West Erinville,https://www.davisenergycorp.example.com,44,2023-01-05,1
2044,Norman Digital Group,Manufacturing,SMB,71,14986000.0,NA,United States,AL,Townsendbury,https://www.normandigitalgroup.example.com,38,2023-06-16,1
2045,Young Foods Ltd,Retail & E-commerce,SMB,36,6068000.0,APAC,Japan,,Lake Lisabury,https://www.youngfoodsltd.example.com,23,2022-06-06,1
2046,Mora Foods Co,Healthcare,SMB,92,19397000.0,EMEA,Ireland,,New David,https://www.morafoodsco.example.com,6,2024-10-04,1
2047,Rogers Digital Ltd,Telecommunications,SMB,13,1694000.0,APAC,Japan,,Jamestown,https://www.rogersdigitalltd.example.com,50,2021-10-07,1
2048,Townsend Analytics Ltd,Software & SaaS,SMB,25,4579000.0,NA,United States,WY,Amandafurt,https://www.townsendanalyticsltd.example.com,55,2021-10-21,1
2049,Singh Foods AG,Construction,SMB,93,17704000.0,NA,Canada,,Kennethland,https://www.singhfoodsag.example.com,55,2021-12-07,1
2050,Charles Energy Inc,Logistics & Transportation,SMB,7,1518000.0,NA,Canada,,Cunninghamview,https://www.charlesenergyinc.example.com,16,2024-10-02,1
2051,Stevens Logistics Group,Healthcare,SMB,48,4433000.0,EMEA,Spain,,Lake Margaretport,https://www.stevenslogisticsgroup.example.com,5,2024-05-05,1
2052,Richmond Interactive Corp,Software & SaaS,SMB,47,10048000.0,APAC,New Zealand,,Bradfordbury,https://www.richmondinteractivecorp.example.com,13,2022-01-19,1
2053,Pham Solutions Inc,Media & Entertainment,SMB,138,19445000.0,NA,United States,FM,Kimberlybury,https://www.phamsolutionsinc.example.com,29,2021-07-19,1
2054,Day Technologies GmbH,Media & Entertainment,SMB,9,1790000.0,NA,Canada,,Reillyberg,https://www.daytechnologiesgmbh.example.com,39,2021-02-15,1
2055,Jefferson Labs Corp,Energy & Utilities,SMB,105,16885000.0,NA,Canada,,South Tinaton,https://www.jeffersonlabscorp.example.com,15,2024-01-26,1
2056,Trevino Robotics LLC,Logistics & Transportation,SMB,20,3268000.0,EMEA,Ireland,,Vasquezburgh,https://www.trevinoroboticsllc.example.com,45,2023-04-12,1
2057,Vargas Partners Co,Logistics & Transportation,SMB,22,3008000.0,APAC,Singapore,,North Jenniferchester,https://www.vargaspartnersco.example.com,41,2024-03-08,1
2058,Buchanan Capital LLC,Healthcare,SMB,12,2372000.0,NA,United States,KY,North Chadview,https://www.buchanancapitalllc.example.com,33,2024-03-20,1
2059,Hood Health Corp,Financial Services,Enterprise,37481,6379096000.0,EMEA,Ireland,,West Taramouth,https://www.hoodhealthcorp.example.com,21,2025-02-21,1
2060,Mendez Ventures Ltd,Healthcare,SMB,13,1616000.0,EMEA,Ireland,,North Garyfurt,https://www.mendezventuresltd.example.com,54,2022-09-16,0
2061,Branch Partners Group,Manufacturing,SMB,42,6468000.0,APAC,Singapore,,Chandlerchester,https://www.branchpartnersgroup.example.com,56,2024-12-30,1
2062,Duke Metrics GmbH,Real Estate,SMB,13,2117000.0,APAC,Japan,,West Kenneth,https://www.dukemetricsgmbh.example.com,23,2022-10-19,1
2063,Mclaughlin Metrics Group,Software & SaaS,Enterprise,14966,6714340000.0,NA,Canada,,North Yolanda,https://www.mclaughlinmetricsgroup.example.com,24,2024-03-19,1
2064,Navarro Networks LLC,Education,SMB,55,10259000.0,EMEA,Netherlands,,Port Jordanshire,https://www.navarronetworksllc.example.com,54,2023-05-08,1
2065,Brock Solutions Corp,Software & SaaS,SMB,19,2875000.0,APAC,India,,Crawfordberg,https://www.brocksolutionscorp.example.com,50,2025-10-13,1
2066,Holmes Interactive LLC,Software & SaaS,Enterprise,30390,6237687000.0,APAC,Japan,,New Anna,https://www.holmesinteractivellc.example.com,56,2022-06-22,1
2067,Navarro Capital PLC,Healthcare,SMB,12,2141000.0,EMEA,Germany,,Mooremouth,https://www.navarrocapitalplc.example.com,27,2024-02-10,1
2068,Yoder Ventures Co,Manufacturing,Enterprise,57442,14997158000.0,NA,Canada,,South Jonathanbury,https://www.yoderventuresco.example.com,33,2023-08-07,1
2069,Zimmerman Digital LLC,Financial Services,SMB,21,3215000.0,EMEA,UAE,,Lake Timothyshire,https://www.zimmermandigitalllc.example.com,6,2026-07-22,1
2070,Gallagher Foods Corp,Government & Public Sector,Mid-Market,256,79211000.0,EMEA,United Kingdom,,Lake James,https://www.gallagherfoodscorp.example.com,4,2021-04-19,0
2071,Ochoa Solutions GmbH,Healthcare,SMB,40,7028000.0,NA,Canada,,Port Marcus,https://www.ochoasolutionsgmbh.example.com,37,2023-08-07,1
2072,Marks Works GmbH,Retail & E-commerce,SMB,25,4441000.0,LATAM,Mexico,,Amberton,https://www.marksworksgmbh.example.com,44,2021-12-01,1
2073,Cummings Robotics Ltd,Automotive,Enterprise,52527,26307720000.0,NA,United States,VI,Rodriguezside,https://www.cummingsroboticsltd.example.com,51,2025-06-11,1
2074,Lane Labs AG,Healthcare,SMB,32,5831000.0,APAC,Japan,,Allenbury,https://www.lanelabsag.example.com,41,2024-10-15,0
2075,Cardenas Cloud Inc,Education,Enterprise,14641,3933597000.0,NA,United States,NV,Gregoryburgh,https://www.cardenascloudinc.example.com,29,2023-12-13,0
2076,Burke Works PLC,Real Estate,SMB,53,10443000.0,NA,Canada,,New Joanne,https://www.burkeworksplc.example.com,17,2022-12-27,1
2077,Guerrero Cloud Inc,Healthcare,Mid-Market,534,117294000.0,EMEA,Netherlands,,East Tara,https://www.guerrerocloudinc.example.com,60,2024-01-19,1
2078,Estrada Capital Ltd,Software & SaaS,Enterprise,7320,1843543000.0,EMEA,Spain,,Annborough,https://www.estradacapitalltd.example.com,18,2023-05-12,1
2079,Carrillo Partners Inc,Professional Services,SMB,71,11381000.0,APAC,Australia,,Maryberg,https://www.carrillopartnersinc.example.com,56,2022-02-18,1
2080,Bartlett Digital Corp,Healthcare,Enterprise,8326,4249702000.0,EMEA,Ireland,,Ramirezshire,https://www.bartlettdigitalcorp.example.com,1,2024-12-13,1
2081,Mayer Digital Inc,Healthcare,SMB,25,2878000.0,NA,United States,VT,Guerreroport,https://www.mayerdigitalinc.example.com,9,2023-03-01,1
2082,Aguilar Digital Group,Manufacturing,Mid-Market,1271,311214000.0,APAC,New Zealand,,Janetmouth,https://www.aguilardigitalgroup.example.com,50,2021-12-29,1
2083,Rodgers Labs Ltd,Software & SaaS,SMB,14,2497000.0,EMEA,Spain,,Port Kristenview,https://www.rodgerslabsltd.example.com,19,2023-12-15,1
2084,Berry Logistics GmbH,Hospitality,SMB,33,3301000.0,NA,Canada,,West Natasha,https://www.berrylogisticsgmbh.example.com,39,2021-02-01,1
2085,Nelson Holdings AG,Hospitality,Mid-Market,246,71227000.0,APAC,Australia,,New Melissa,https://www.nelsonholdingsag.example.com,41,2024-04-15,1
2086,Case Digital AG,Government & Public Sector,SMB,45,5331000.0,NA,Canada,,North Heather,https://www.casedigitalag.example.com,48,2022-12-13,1
2087,Mills Logistics LLC,Financial Services,SMB,10,1930000.0,NA,Canada,,South Michaelside,https://www.millslogisticsllc.example.com,26,2023-10-20,1
2088,Carpenter Foods AG,Construction,SMB,16,2345000.0,EMEA,Netherlands,,Brownberg,https://www.carpenterfoodsag.example.com,54,2021-08-13,1
2089,Howard Cloud Group,Energy & Utilities,Mid-Market,283,73676000.0,EMEA,UAE,,Whitebury,https://www.howardcloudgroup.example.com,3,2024-04-10,1
2090,Newman Holdings GmbH,Media & Entertainment,SMB,18,2785000.0,NA,United States,WY,New Blake,https://www.newmanholdingsgmbh.example.com,51,2024-04-23,1
2091,Clark Health GmbH,Telecommunications,Mid-Market,600,84247000.0,APAC,New Zealand,,Lake Sean,https://www.clarkhealthgmbh.example.com,13,2024-06-04,1
2092,Campbell Technologies AG,Real Estate,Enterprise,17699,3379369000.0,NA,Canada,,Padillatown,https://www.campbelltechnologiesag.example.com,29,2022-12-09,1
2093,Morrison Technologies Co,Manufacturing,SMB,27,5896000.0,LATAM,Argentina,,West Carolynland,https://www.morrisontechnologiesco.example.com,40,2023-11-02,1
2094,Moses Systems PLC,Media & Entertainment,SMB,17,2050000.0,NA,Canada,,West Kevin,https://www.mosessystemsplc.example.com,29,2023-05-03,0
2095,Holder Works Corp,Media & Entertainment,Mid-Market,2000,386799000.0,NA,Canada,,Simsburgh,https://www.holderworkscorp.example.com,8,2021-12-02,1
2096,Burton Logistics Inc,Software & SaaS,SMB,53,4905000.0,NA,Canada,,New David,https://www.burtonlogisticsinc.example.com,31,2021-02-08,1
2097,Frost Capital Co,Software & SaaS,SMB,9,940000.0,NA,United States,MP,East Douglas,https://www.frostcapitalco.example.com,34,2022-09-13,1
2098,Daniel Materials LLC,Retail & E-commerce,Mid-Market,381,87827000.0,NA,United States,PW,East Ralphshire,https://www.danielmaterialsllc.example.com,30,2024-12-05,1
2099,Newman Labs Inc,Logistics & Transportation,SMB,9,1096000.0,APAC,Japan,,South Sean,https://www.newmanlabsinc.example.com,50,2022-04-08,1
2100,Frederick Labs LLC,Telecommunications,SMB,24,4425000.0,APAC,Australia,,Dixonberg,https://www.fredericklabsllc.example.com,23,2024-06-18,1
2101,Harrell Interactive LLC,Real Estate,Mid-Market,916,248184000.0,EMEA,Germany,,New Danielleshire,https://www.harrellinteractivellc.example.com,42,2023-11-01,1
2102,Estrada Interactive GmbH,Media & Entertainment,SMB,27,5153000.0,NA,Canada,,Loritown,https://www.estradainteractivegmbh.example.com,31,2022-06-01,1
2103,Choi Robotics AG,Healthcare,SMB,10,1635000.0,APAC,New Zealand,,Ramseytown,https://www.choiroboticsag.example.com,23,2021-01-01,1
2104,Sandoval Networks GmbH,Education,SMB,20,2463000.0,NA,United States,FL,Lake James,https://www.sandovalnetworksgmbh.example.com,31,2022-10-10,1
2105,Keith Industries Ltd,Healthcare,Mid-Market,768,175652000.0,EMEA,Germany,,Priceside,https://www.keithindustriesltd.example.com,20,2022-08-04,1
2106,Mayo Energy GmbH,Professional Services,Mid-Market,406,111857000.0,EMEA,Spain,,New Katieburgh,https://www.mayoenergygmbh.example.com,58,2021-07-08,1
2107,Ford Technologies Group,Retail & E-commerce,SMB,23,3630000.0,NA,United States,MH,Tylerland,https://www.fordtechnologiesgroup.example.com,39,2024-12-12,1
2108,Bowen Analytics AG,Government & Public Sector,SMB,23,2115000.0,NA,Canada,,East Michelle,https://www.bowenanalyticsag.example.com,10,2026-02-03,0
2109,Preston Partners AG,Software & SaaS,SMB,35,6252000.0,APAC,India,,Sawyerland,https://www.prestonpartnersag.example.com,56,2021-06-16,1
2110,Phillips Technologies LLC,Telecommunications,SMB,19,3227000.0,NA,United States,FM,Rivasfort,https://www.phillipstechnologiesllc.example.com,31,2021-11-30,0
2111,Barnes Technologies Corp,Retail & E-commerce,SMB,95,8819000.0,EMEA,France,,South Michaelfurt,https://www.barnestechnologiescorp.example.com,20,2023-10-17,1
2112,Tanner Holdings Group,Software & SaaS,Enterprise,66956,14586267000.0,LATAM,Brazil,,New Hectorfort,https://www.tannerholdingsgroup.example.com,44,2026-01-14,0
2113,Smith Interactive LLC,Logistics & Transportation,SMB,45,8830000.0,NA,Canada,,Knappbury,https://www.smithinteractivellc.example.com,28,2025-11-25,1
2114,Singh Capital LLC,Financial Services,Mid-Market,713,205003000.0,NA,Canada,,New Melissa,https://www.singhcapitalllc.example.com,24,2025-11-14,1
2115,Jackson Partners AG,Healthcare,SMB,17,3217000.0,NA,United States,VT,West Thomas,https://www.jacksonpartnersag.example.com,28,2022-10-26,1
2116,Palmer Ventures LLC,Retail & E-commerce,SMB,33,4292000.0,APAC,India,,East Thomasland,https://www.palmerventuresllc.example.com,23,2026-06-01,1
2117,Andersen Holdings Ltd,Manufacturing,SMB,34,5868000.0,NA,United States,RI,Port Jamesmouth,https://www.andersenholdingsltd.example.com,38,2022-06-15,1
2118,Mcneil Industries GmbH,Manufacturing,SMB,78,13119000.0,NA,United States,WA,Garrettville,https://www.mcneilindustriesgmbh.example.com,59,2021-05-03,1
2119,Campbell Works PLC,Manufacturing,Mid-Market,452,78208000.0,NA,Canada,,Shawntown,https://www.campbellworksplc.example.com,15,2024-03-13,1
2120,Underwood Cloud Co,Software & SaaS,Enterprise,12948,4114801000.0,LATAM,Brazil,,Mathewport,https://www.underwoodcloudco.example.com,40,2023-05-17,1
2121,Warner Works Inc,Manufacturing,Mid-Market,483,117475000.0,APAC,Singapore,,Stevenside,https://www.warnerworksinc.example.com,23,2024-10-29,1
2122,Casey Ventures Corp,Manufacturing,SMB,20,2172000.0,EMEA,Netherlands,,East Jimmy,https://www.caseyventurescorp.example.com,27,2023-09-22,1
2123,Lowe Energy Group,Media & Entertainment,Mid-Market,200,46284000.0,LATAM,Brazil,,Diazton,https://www.loweenergygroup.example.com,40,2024-12-17,1
2124,Mckee Foods GmbH,Retail & E-commerce,SMB,56,6447000.0,EMEA,Netherlands,,West Rachelton,https://www.mckeefoodsgmbh.example.com,21,2022-05-17,1
2125,Rios Interactive AG,Financial Services,Enterprise,14297,6341611000.0,LATAM,Brazil,,Lake Deborah,https://www.riosinteractiveag.example.com,40,2022-02-21,1
2126,Kennedy Labs Group,Media & Entertainment,SMB,32,5722000.0,NA,United States,AL,Chandlerchester,https://www.kennedylabsgroup.example.com,8,2024-07-05,1
2127,Sullivan Cloud LLC,Software & SaaS,SMB,96,20291000.0,NA,Canada,,South Sean,https://www.sullivancloudllc.example.com,24,2023-01-30,1
2128,Green Cloud GmbH,Healthcare,SMB,83,13688000.0,APAC,India,,Martinezchester,https://www.greencloudgmbh.example.com,56,2021-09-16,0
2129,Garner Interactive GmbH,Education,SMB,36,5897000.0,NA,Canada,,West Erinville,https://www.garnerinteractivegmbh.example.com,22,2022-06-28,1
2130,Porter Robotics AG,Education,SMB,25,4352000.0,NA,United States,CO,Mejiabury,https://www.porterroboticsag.example.com,9,2024-11-01,1
2131,Mahoney Ventures PLC,Financial Services,Enterprise,14078,6734482000.0,EMEA,France,,Sarahfort,https://www.mahoneyventuresplc.example.com,42,2025-10-21,1
2132,Blevins Solutions Co,Healthcare,Mid-Market,620,102587000.0,EMEA,UAE,,North Logan,https://www.blevinssolutionsco.example.com,3,2024-07-16,0
2133,Murphy Systems Corp,Retail & E-commerce,Enterprise,15006,6483025000.0,NA,Canada,,New Danielleshire,https://www.murphysystemscorp.example.com,30,2024-04-10,0
2134,Fitzpatrick Works Inc,Manufacturing,SMB,46,6775000.0,NA,Canada,,New Donna,https://www.fitzpatrickworksinc.example.com,31,2024-11-28,1
2135,Silva Solutions GmbH,Energy & Utilities,SMB,27,2620000.0,NA,Canada,,Hernandezborough,https://www.silvasolutionsgmbh.example.com,49,2021-10-14,1
2136,Sheppard Networks AG,Real Estate,SMB,111,15712000.0,NA,Canada,,Robertton,https://www.sheppardnetworksag.example.com,39,2023-06-23,1
2137,Holder Ventures AG,Software & SaaS,SMB,33,6832000.0,NA,Canada,,New Sandra,https://www.holderventuresag.example.com,29,2023-07-26,1
2138,Smith Capital Ltd,Real Estate,SMB,23,4477000.0,EMEA,Netherlands,,Abbottport,https://www.smithcapitalltd.example.com,1,2025-12-26,1
2139,Watson Partners GmbH,Government & Public Sector,SMB,22,4632000.0,EMEA,Spain,,Lewisbury,https://www.watsonpartnersgmbh.example.com,32,2021-01-26,1
2140,Powell Solutions Inc,Non-Profit,SMB,12,1318000.0,NA,United States,MO,Lopezville,https://www.powellsolutionsinc.example.com,37,2026-03-27,1
2141,Mendoza Logistics Corp,Software & SaaS,SMB,48,7477000.0,NA,Canada,,Turnerside,https://www.mendozalogisticscorp.example.com,17,2024-04-30,1
2142,Walker Logistics Inc,Government & Public Sector,SMB,17,2822000.0,EMEA,Germany,,Mcculloughberg,https://www.walkerlogisticsinc.example.com,19,2021-02-05,1
2143,Stevens Systems Ltd,Financial Services,Mid-Market,1241,270508000.0,NA,United States,PW,North Joyside,https://www.stevenssystemsltd.example.com,12,2023-03-09,1
2144,Joseph Industries Inc,Healthcare,SMB,72,8445000.0,NA,Canada,,Cassandraberg,https://www.josephindustriesinc.example.com,31,2021-04-07,1
2145,Bolton Robotics Group,Manufacturing,Enterprise,22173,11339782000.0,NA,Canada,,Laurenborough,https://www.boltonroboticsgroup.example.com,30,2023-08-21,1
2146,Mcpherson Ventures Corp,Healthcare,SMB,11,1277000.0,EMEA,UAE,,Jensenport,https://www.mcphersonventurescorp.example.com,5,2022-11-15,1
2147,James Networks LLC,Healthcare,Mid-Market,660,151611000.0,NA,United States,MS,New Juan,https://www.jamesnetworksllc.example.com,17,2024-08-23,1
2148,Hamilton Cloud Inc,Financial Services,Mid-Market,1432,405926000.0,NA,Canada,,Wesleychester,https://www.hamiltoncloudinc.example.com,52,2023-06-23,1
2149,Cobb Partners AG,Education,Mid-Market,977,207317000.0,EMEA,UAE,,West Kellyland,https://www.cobbpartnersag.example.com,46,2024-09-25,1
2150,Peterson Bioscience Group,Media & Entertainment,Mid-Market,604,82255000.0,APAC,Australia,,Jeremystad,https://www.petersonbiosciencegroup.example.com,23,2022-06-21,1
2151,Valencia Materials AG,Education,Mid-Market,394,85679000.0,EMEA,United Kingdom,,North Yolanda,https://www.valenciamaterialsag.example.com,45,2025-03-24,1
2152,Mcmahon Health Corp,Logistics & Transportation,SMB,34,6517000.0,LATAM,Mexico,,West Robertside,https://www.mcmahonhealthcorp.example.com,40,2025-04-21,1
2153,Diaz Partners Inc,Financial Services,SMB,74,13123000.0,EMEA,Spain,,Geraldport,https://www.diazpartnersinc.example.com,4,2023-12-02,1
2154,Abbott Works Inc,Media & Entertainment,SMB,6,1045000.0,NA,Canada,,Mejiabury,https://www.abbottworksinc.example.com,33,2022-01-07,1
2155,Perry Holdings PLC,Education,SMB,143,17833000.0,NA,Canada,,New Julia,https://www.perryholdingsplc.example.com,33,2026-06-18,0
2156,Chambers Digital Inc,Software & SaaS,SMB,22,3429000.0,NA,Canada,,Adamsside,https://www.chambersdigitalinc.example.com,38,2024-12-11,1
2157,Bell Solutions AG,Automotive,SMB,35,3255000.0,NA,Canada,,Muellerchester,https://www.bellsolutionsag.example.com,17,2025-03-12,1
2158,Cook Holdings Group,Media & Entertainment,SMB,48,5131000.0,NA,Canada,,Destinyfurt,https://www.cookholdingsgroup.example.com,31,2021-01-20,0
2159,Cortez Capital Ltd,Education,SMB,54,8498000.0,NA,United States,HI,Kempshire,https://www.cortezcapitalltd.example.com,52,2024-12-27,1
2160,Gordon Cloud Corp,Media & Entertainment,SMB,38,4950000.0,EMEA,Sweden,,Davisstad,https://www.gordoncloudcorp.example.com,5,2021-11-10,1
2161,Garner Bioscience Inc,Energy & Utilities,SMB,66,14225000.0,EMEA,Germany,,Robertton,https://www.garnerbioscienceinc.example.com,46,2023-02-20,1
2162,Cook Labs PLC,Education,Mid-Market,439,126252000.0,NA,Canada,,South Sean,https://www.cooklabsplc.example.com,35,2024-03-13,1
2163,Rocha Systems Inc,Professional Services,Mid-Market,209,48958000.0,NA,United States,WI,Jamesport,https://www.rochasystemsinc.example.com,51,2022-09-08,1
2164,Sellers Cloud GmbH,Financial Services,SMB,46,6959000.0,NA,United States,NJ,Ashleyport,https://www.sellerscloudgmbh.example.com,8,2021-12-14,0
2165,Duran Interactive Co,Financial Services,SMB,118,11902000.0,NA,United States,IN,New Jasminefort,https://www.duraninteractiveco.example.com,39,2023-02-03,1
2166,Hancock Labs Group,Financial Services,SMB,46,4247000.0,NA,Canada,,Davisstad,https://www.hancocklabsgroup.example.com,37,2022-03-09,1
2167,Santos Bioscience AG,Construction,SMB,138,25431000.0,NA,United States,LA,Michaelhaven,https://www.santosbioscienceag.example.com,52,2023-09-13,1
2168,Watts Energy LLC,Manufacturing,Mid-Market,517,95011000.0,NA,Canada,,North Angelaton,https://www.wattsenergyllc.example.com,55,2021-06-03,1
2169,Roman Works Group,Healthcare,SMB,62,6962000.0,LATAM,Chile,,Myersshire,https://www.romanworksgroup.example.com,44,2022-09-06,1
2170,Marquez Labs Ltd,Financial Services,Enterprise,8561,1421679000.0,EMEA,Ireland,,New Michellemouth,https://www.marquezlabsltd.example.com,21,2023-07-19,1
2171,Young Interactive Corp,Retail & E-commerce,SMB,8,915000.0,EMEA,Ireland,,North Joyside,https://www.younginteractivecorp.example.com,18,2026-06-16,1
2172,Ponce Networks Co,Non-Profit,Mid-Market,705,214457000.0,NA,Canada,,East Jimmy,https://www.poncenetworksco.example.com,11,2023-01-25,1
2173,Oconnell Robotics GmbH,Energy & Utilities,SMB,200,29019000.0,NA,Canada,,Port Paula,https://www.oconnellroboticsgmbh.example.com,30,2022-09-30,1
2174,Austin Partners AG,Financial Services,SMB,20,2487000.0,NA,Canada,,Port Juliantown,https://www.austinpartnersag.example.com,53,2026-06-11,1
2175,Morrison Systems GmbH,Professional Services,Mid-Market,2000,302261000.0,LATAM,Mexico,,East Craigfurt,https://www.morrisonsystemsgmbh.example.com,40,2025-10-27,1
2176,Forbes Capital Inc,Biotech & Pharma,SMB,97,16505000.0,NA,United States,IA,Mclaughlinmouth,https://www.forbescapitalinc.example.com,48,2023-12-29,0
2177,Meadows Systems AG,Telecommunications,Mid-Market,939,174068000.0,NA,Canada,,Jeremystad,https://www.meadowssystemsag.example.com,10,2023-04-25,1
2178,Mccall Holdings Corp,Media & Entertainment,SMB,32,4900000.0,LATAM,Chile,,Lewisbury,https://www.mccallholdingscorp.example.com,44,2022-01-21,1
2179,Browning Technologies GmbH,Energy & Utilities,SMB,70,7314000.0,NA,Canada,,Shawmouth,https://www.browningtechnologiesgmbh.example.com,33,2023-09-28,0
2180,Jackson Cloud Group,Telecommunications,SMB,18,3456000.0,NA,Canada,,North Robert,https://www.jacksoncloudgroup.example.com,24,2025-01-20,1
2181,Larson Ventures Ltd,Hospitality,Mid-Market,330,68451000.0,EMEA,Ireland,,West Brandi,https://www.larsonventuresltd.example.com,27,2026-05-14,1
2182,Barnes Technologies AG,Education,SMB,50,7268000.0,NA,Canada,,North Kathyfort,https://www.barnestechnologiesag.example.com,39,2021-09-06,1
2183,Sloan Cloud AG,Logistics & Transportation,Mid-Market,214,57265000.0,LATAM,Chile,,Baldwinville,https://www.sloancloudag.example.com,40,2022-01-27,1
2184,Walls Capital Ltd,Financial Services,Mid-Market,541,155348000.0,NA,Canada,,Rebeccaberg,https://www.wallscapitalltd.example.com,30,2025-06-11,1
2185,Andrews Technologies Ltd,Manufacturing,Mid-Market,1162,153049000.0,EMEA,Sweden,,Burkeberg,https://www.andrewstechnologiesltd.example.com,19,2025-04-03,1
2186,Burke Networks Inc,Software & SaaS,SMB,26,4405000.0,NA,Canada,,Lake Glenn,https://www.burkenetworksinc.example.com,22,2024-04-05,0
2187,Byrd Digital Ltd,Telecommunications,Mid-Market,536,149226000.0,APAC,Japan,,West Kellyland,https://www.byrddigitalltd.example.com,50,2021-05-27,1
2188,Hubbard Energy Corp,Automotive,Enterprise,50429,19315435000.0,APAC,Singapore,,Williammouth,https://www.hubbardenergycorp.example.com,41,2024-03-15,1
2189,Mcpherson Works Inc,Software & SaaS,SMB,103,9323000.0,APAC,India,,East Dawnchester,https://www.mcphersonworksinc.example.com,13,2022-12-12,1
2190,Dominguez Bioscience AG,Retail & E-commerce,SMB,43,7372000.0,APAC,Singapore,,Whitneyberg,https://www.dominguezbioscienceag.example.com,41,2022-06-23,1
2191,Sims Dynamics Co,Telecommunications,SMB,63,7987000.0,EMEA,Spain,,West Williamfurt,https://www.simsdynamicsco.example.com,3,2021-12-22,1
2192,Gallagher Holdings PLC,Software & SaaS,SMB,6,926000.0,NA,Canada,,Toddhaven,https://www.gallagherholdingsplc.example.com,26,2022-04-01,1
2193,Fry Systems Inc,Retail & E-commerce,Mid-Market,949,250636000.0,NA,United States,CO,South Patriciamouth,https://www.frysystemsinc.example.com,55,2023-04-05,1
2194,Mcgee Logistics Group,Professional Services,SMB,29,3732000.0,NA,Canada,,Campbellport,https://www.mcgeelogisticsgroup.example.com,25,2021-08-23,1
2195,Stephenson Partners AG,Healthcare,SMB,43,9439000.0,NA,Canada,,Deborahport,https://www.stephensonpartnersag.example.com,15,2023-02-22,1
2196,Dunlap Partners AG,Education,SMB,37,4440000.0,NA,United States,OR,North Yolanda,https://www.dunlappartnersag.example.com,10,2021-03-11,1
2197,Goodwin Solutions Inc,Media & Entertainment,SMB,65,13564000.0,EMEA,Spain,,Daniellestad,https://www.goodwinsolutionsinc.example.com,36,2022-09-09,1
2198,Gordon Industries AG,Telecommunications,SMB,24,5024000.0,EMEA,Ireland,,Hendersonton,https://www.gordonindustriesag.example.com,42,2026-02-21,1
2199,Jarvis Holdings Group,Financial Services,Mid-Market,552,165010000.0,LATAM,Chile,,West Travischester,https://www.jarvisholdingsgroup.example.com,40,2024-05-30,1
2200,Hoover Cloud LLC,Financial Services,SMB,32,4631000.0,NA,Canada,,West Bryan,https://www.hoovercloudllc.example.com,12,2021-04-05,1
2201,Watts Ventures AG,Software & SaaS,SMB,76,9844000.0,EMEA,Sweden,,Howardmouth,https://www.wattsventuresag.example.com,3,2024-02-06,1
2202,Carroll Dynamics Co,Retail & E-commerce,Mid-Market,1082,324696000.0,EMEA,Spain,,Nixonland,https://www.carrolldynamicsco.example.com,6,2021-10-07,1
2203,Hogan Materials GmbH,Financial Services,SMB,5,698000.0,LATAM,Brazil,,Nixonland,https://www.hoganmaterialsgmbh.example.com,40,2022-12-19,1
2204,Edwards Logistics LLC,Education,SMB,49,10712000.0,EMEA,United Kingdom,,Jacobsmouth,https://www.edwardslogisticsllc.example.com,36,2022-03-02,1
2205,Mcpherson Labs PLC,Logistics & Transportation,SMB,24,4091000.0,NA,United States,PR,Grahamland,https://www.mcphersonlabsplc.example.com,8,2025-11-25,1
2206,Robles Capital Corp,Professional Services,Enterprise,20059,4049604000.0,NA,Canada,,Mejiabury,https://www.roblescapitalcorp.example.com,8,2021-03-18,1
2207,Waller Capital PLC,Professional Services,Mid-Market,200,55101000.0,LATAM,Chile,,North Samanthastad,https://www.wallercapitalplc.example.com,40,2025-06-03,1
2208,Howell Networks Ltd,Manufacturing,SMB,15,2412000.0,EMEA,Sweden,,South Frances,https://www.howellnetworksltd.example.com,46,2024-03-07,1
2209,Ewing Solutions Inc,Healthcare,SMB,40,3787000.0,APAC,Singapore,,South Stevenberg,https://www.ewingsolutionsinc.example.com,41,2022-06-13,1
2210,Wheeler Holdings GmbH,Software & SaaS,SMB,79,15817000.0,EMEA,Germany,,Amyfort,https://www.wheelerholdingsgmbh.example.com,58,2025-05-30,1
2211,Boyer Ventures Group,Real Estate,Mid-Market,2000,316081000.0,EMEA,Netherlands,,Port Gail,https://www.boyerventuresgroup.example.com,36,2022-09-02,1
2212,Camacho Works Corp,Retail & E-commerce,SMB,68,6861000.0,EMEA,Ireland,,Oconnorhaven,https://www.camachoworkscorp.example.com,3,2024-03-01,1
2213,Weeks Dynamics GmbH,Healthcare,Enterprise,143545,70011287000.0,APAC,India,,Barberburgh,https://www.weeksdynamicsgmbh.example.com,50,2024-09-27,1
2214,Tanner Technologies GmbH,Telecommunications,Mid-Market,274,50080000.0,APAC,Australia,,South Sean,https://www.tannertechnologiesgmbh.example.com,23,2022-02-17,1
2215,Mason Interactive AG,Healthcare,SMB,28,2691000.0,NA,United States,PW,North Richard,https://www.masoninteractiveag.example.com,31,2021-04-10,1
2216,Glass Cloud Co,Retail & E-commerce,Mid-Market,1147,352432000.0,NA,Canada,,Richardsonshire,https://www.glasscloudco.example.com,31,2025-04-26,1
2217,White Health Corp,Retail & E-commerce,Enterprise,9273,4605997000.0,NA,Canada,,Port Jamesmouth,https://www.whitehealthcorp.example.com,48,2021-11-30,1
2218,Weeks Logistics GmbH,Healthcare,SMB,60,7544000.0,NA,United States,IL,Lake Danielle,https://www.weekslogisticsgmbh.example.com,35,2025-11-17,1
2219,Stark Solutions Group,Professional Services,Mid-Market,515,123412000.0,APAC,Singapore,,Ellisshire,https://www.starksolutionsgroup.example.com,23,2022-03-29,1
2220,Rivera Bioscience Ltd,Telecommunications,Enterprise,73677,19825756000.0,APAC,Japan,,Lake Sean,https://www.riverabioscienceltd.example.com,23,2022-09-15,1
2221,Mckinney Materials Group,Logistics & Transportation,SMB,60,9111000.0,NA,United States,CT,Sawyerland,https://www.mckinneymaterialsgroup.example.com,14,2022-10-07,1
2222,Hansen Industries LLC,Energy & Utilities,Mid-Market,579,131868000.0,NA,Canada,,Port Carloschester,https://www.hansenindustriesllc.example.com,37,2022-12-09,1
2223,Johns Ventures Co,Software & SaaS,SMB,29,5985000.0,NA,Canada,,Port Adrianashire,https://www.johnsventuresco.example.com,28,2026-03-04,1
2224,Lynn Labs GmbH,Retail & E-commerce,Mid-Market,527,159756000.0,APAC,Singapore,,East Amyside,https://www.lynnlabsgmbh.example.com,41,2021-12-15,1
2225,Juarez Interactive Group,Media & Entertainment,Mid-Market,766,225847000.0,EMEA,United Kingdom,,Alvarezburgh,https://www.juarezinteractivegroup.example.com,19,2023-09-01,1
2226,Spencer Systems PLC,Manufacturing,SMB,18,3469000.0,NA,United States,UT,Port Juliantown,https://www.spencersystemsplc.example.com,12,2022-03-02,1
2227,Cherry Works Inc,Telecommunications,SMB,19,2198000.0,NA,Canada,,West Rachelton,https://www.cherryworksinc.example.com,37,2021-06-27,1
2228,Bolton Technologies PLC,Logistics & Transportation,SMB,59,8164000.0,EMEA,Ireland,,Lake Margaretport,https://www.boltontechnologiesplc.example.com,7,2022-02-22,1
2229,Hunt Analytics Corp,Manufacturing,SMB,30,5743000.0,EMEA,France,,Michaelton,https://www.huntanalyticscorp.example.com,60,2023-05-09,1
2230,Cross Systems Inc,Manufacturing,SMB,14,2219000.0,APAC,Australia,,West Ryan,https://www.crosssystemsinc.example.com,56,2023-08-30,1
2231,Schroeder Holdings Co,Telecommunications,SMB,8,901000.0,APAC,New Zealand,,Glennshire,https://www.schroederholdingsco.example.com,41,2022-01-07,1
2232,Singh Systems Group,Software & SaaS,SMB,59,8348000.0,NA,United States,VT,New Michellemouth,https://www.singhsystemsgroup.example.com,37,2026-06-05,1
2233,Yang Partners Ltd,Professional Services,SMB,20,3427000.0,NA,United States,FM,Chloemouth,https://www.yangpartnersltd.example.com,26,2022-06-13,1
2234,Hatfield Interactive Inc,Software & SaaS,SMB,40,8661000.0,NA,United States,ID,Jaimetown,https://www.hatfieldinteractiveinc.example.com,12,2025-01-14,1
2235,Wells Foods Corp,Software & SaaS,Mid-Market,891,236560000.0,NA,United States,WV,Lake Samantha,https://www.wellsfoodscorp.example.com,2,2021-02-24,1
2236,Bridges Networks Group,Professional Services,SMB,80,14083000.0,NA,United States,AK,Port Penny,https://www.bridgesnetworksgroup.example.com,43,2024-02-23,1
2237,West Dynamics Group,Manufacturing,SMB,11,1013000.0,NA,United States,MS,Kellerside,https://www.westdynamicsgroup.example.com,12,2022-03-14,1
2238,Duke Labs Inc,Retail & E-commerce,SMB,30,5450000.0,NA,United States,MA,Morganville,https://www.dukelabsinc.example.com,17,2023-04-07,1
2239,Andrade Robotics Group,Manufacturing,SMB,27,3311000.0,APAC,New Zealand,,Josephville,https://www.andraderoboticsgroup.example.com,13,2025-01-28,1
2240,Sellers Holdings Inc,Software & SaaS,Mid-Market,1398,414438000.0,NA,United States,WI,East Cheryl,https://www.sellersholdingsinc.example.com,38,2024-04-26,1
2241,Lawson Bioscience Ltd,Media & Entertainment,SMB,42,8487000.0,APAC,New Zealand,,South Chad,https://www.lawsonbioscienceltd.example.com,56,2022-06-08,1
2242,Hobbs Holdings Co,Energy & Utilities,SMB,80,11192000.0,NA,United States,GU,Port Kathyshire,https://www.hobbsholdingsco.example.com,26,2024-05-15,1
2243,Cordova Industries Group,Financial Services,Enterprise,63485,29074547000.0,NA,United States,KS,Port Daniel,https://www.cordovaindustriesgroup.example.com,49,2022-09-14,1
2244,Hoffman Health Ltd,Real Estate,Mid-Market,1818,259550000.0,NA,United States,OR,North Matthewmouth,https://www.hoffmanhealthltd.example.com,25,2021-03-29,1
2245,Miles Bioscience AG,Software & SaaS,Mid-Market,811,220194000.0,NA,United States,LA,East Angela,https://www.milesbioscienceag.example.com,52,2023-12-19,1
2246,Carr Interactive Co,Real Estate,Mid-Market,2000,626256000.0,NA,Canada,,New Matthew,https://www.carrinteractiveco.example.com,25,2025-12-03,1
2247,Warren Labs Group,Telecommunications,Enterprise,16420,6352885000.0,APAC,New Zealand,,Ramirezshire,https://www.warrenlabsgroup.example.com,23,2021-04-28,1
2248,Pierce Ventures Corp,Non-Profit,SMB,11,1275000.0,APAC,India,,New Jennaborough,https://www.pierceventurescorp.example.com,41,2024-02-06,1
2249,Stewart Cloud GmbH,Professional Services,SMB,48,7240000.0,NA,United States,AS,Robbinsstad,https://www.stewartcloudgmbh.example.com,9,2025-02-06,1
2250,Barber Interactive Inc,Hospitality,SMB,68,8376000.0,NA,United States,KY,Lake Annstad,https://www.barberinteractiveinc.example.com,39,2023-08-02,1
2251,Stark Energy Group,Construction,SMB,27,3258000.0,NA,Canada,,New Matthew,https://www.starkenergygroup.example.com,37,2023-01-03,1
2252,Stanton Analytics Co,Hospitality,SMB,28,4607000.0,EMEA,Ireland,,Lake Susanland,https://www.stantonanalyticsco.example.com,1,2021-12-07,1
2253,Hamilton Industries Ltd,Professional Services,SMB,43,8159000.0,NA,United States,NV,Wilsonmouth,https://www.hamiltonindustriesltd.example.com,59,2021-10-05,1
2254,Mayer Interactive Ltd,Financial Services,Mid-Market,678,88001000.0,NA,Canada,,East Marisa,https://www.mayerinteractiveltd.example.com,10,2022-08-12,1
2255,Knight Labs PLC,Real Estate,Mid-Market,1418,233416000.0,APAC,Japan,,Jensenport,https://www.knightlabsplc.example.com,56,2023-11-03,1
2256,Sellers Foods AG,Education,Mid-Market,872,243108000.0,APAC,Australia,,Port Patriciamouth,https://www.sellersfoodsag.example.com,13,2022-03-29,1
2257,Fletcher Digital LLC,Construction,SMB,40,7942000.0,EMEA,Ireland,,Brianstad,https://www.fletcherdigitalllc.example.com,19,2023-01-10,1
2258,Vaughan Foods Co,Telecommunications,SMB,48,6801000.0,NA,United States,NY,New Markmouth,https://www.vaughanfoodsco.example.com,31,2023-08-10,1
2259,Marquez Capital Corp,Healthcare,SMB,48,4737000.0,NA,United States,AK,Angelamouth,https://www.marquezcapitalcorp.example.com,39,2021-10-29,1
2260,Abbott Analytics Inc,Financial Services,SMB,15,2294000.0,NA,United States,ME,New Stephaniefurt,https://www.abbottanalyticsinc.example.com,26,2024-06-04,1
2261,French Labs LLC,Healthcare,Enterprise,16626,3261622000.0,EMEA,United Kingdom,,Kingmouth,https://www.frenchlabsllc.example.com,27,2023-10-08,1
2262,Carpenter Networks Ltd,Retail & E-commerce,Mid-Market,418,93636000.0,EMEA,Germany,,East Ralphshire,https://www.carpenternetworksltd.example.com,7,2023-07-20,1
2263,Salinas Cloud Co,Education,Enterprise,11204,4223869000.0,NA,Canada,,New Joanne,https://www.salinascloudco.example.com,16,2022-12-23,1
2264,Hines Cloud Group,Financial Services,Mid-Market,724,99422000.0,APAC,India,,Lake Coreyborough,https://www.hinescloudgroup.example.com,13,2022-06-15,1
2265,Jarvis Energy AG,Financial Services,Enterprise,11301,5779111000.0,NA,United States,NH,Carlberg,https://www.jarvisenergyag.example.com,17,2023-05-03,1
2266,Griffin Solutions Group,Healthcare,SMB,66,9662000.0,EMEA,Ireland,,New Whitney,https://www.griffinsolutionsgroup.example.com,45,2024-08-01,1
2267,Parsons Cloud Ltd,Professional Services,SMB,75,8671000.0,NA,United States,WV,North Joel,https://www.parsonscloudltd.example.com,2,2024-03-15,1
2268,Yu Foods AG,Manufacturing,SMB,36,7434000.0,NA,Canada,,Port Jamesmouth,https://www.yufoodsag.example.com,35,2024-05-28,0
2269,Stephenson Logistics PLC,Software & SaaS,SMB,10,2166000.0,NA,Canada,,West Amy,https://www.stephensonlogisticsplc.example.com,47,2021-10-29,1
2270,Yoder Foods PLC,Logistics & Transportation,SMB,29,2805000.0,EMEA,France,,Priceside,https://www.yoderfoodsplc.example.com,4,2024-09-11,1
2271,Frederick Ventures Group,Software & SaaS,SMB,36,6964000.0,NA,Canada,,South Danielberg,https://www.frederickventuresgroup.example.com,28,2022-05-03,1
2272,Nichols Holdings AG,Energy & Utilities,Enterprise,22350,6054925000.0,NA,United States,AL,Port Davidborough,https://www.nicholsholdingsag.example.com,8,2021-12-02,1
2273,Montes Solutions Co,Hospitality,SMB,13,2261000.0,EMEA,Netherlands,,Port Kathyshire,https://www.montessolutionsco.example.com,58,2021-06-16,1
2274,French Health Group,Financial Services,Enterprise,22710,3642927000.0,EMEA,United Kingdom,,South Chad,https://www.frenchhealthgroup.example.com,20,2025-01-08,1
2275,Simpson Partners PLC,Hospitality,Mid-Market,922,160051000.0,EMEA,Spain,,Port Jamesmouth,https://www.simpsonpartnersplc.example.com,19,2023-09-27,1
2276,Vaughan Cloud Co,Energy & Utilities,Mid-Market,617,114029000.0,EMEA,United Kingdom,,New Julieshire,https://www.vaughancloudco.example.com,58,2025-02-12,1
2277,Watkins Labs LLC,Software & SaaS,Mid-Market,861,158607000.0,EMEA,France,,Robertport,https://www.watkinslabsllc.example.com,4,2023-05-26,1
2278,Wyatt Partners Inc,Financial Services,SMB,24,2976000.0,EMEA,Netherlands,,West Steven,https://www.wyattpartnersinc.example.com,21,2025-04-01,1
2279,Charles Labs LLC,Financial Services,Mid-Market,1210,357597000.0,NA,United States,WA,New Jennaborough,https://www.charleslabsllc.example.com,47,2023-05-17,1
2280,Carter Solutions LLC,Financial Services,SMB,10,1726000.0,NA,Canada,,Garyport,https://www.cartersolutionsllc.example.com,52,2023-11-14,1
2281,Olson Capital Group,Healthcare,Enterprise,6723,3439789000.0,NA,Canada,,Livingstonview,https://www.olsoncapitalgroup.example.com,35,2021-03-22,1
2282,Pittman Cloud Corp,Non-Profit,SMB,49,5229000.0,NA,Canada,,Amandamouth,https://www.pittmancloudcorp.example.com,9,2023-12-25,1
2283,Howard Labs Group,Financial Services,SMB,35,3466000.0,NA,United States,DE,Keithfort,https://www.howardlabsgroup.example.com,26,2023-08-04,1
2284,Chavez Solutions AG,Biotech & Pharma,Mid-Market,621,156745000.0,NA,Canada,,Tylerland,https://www.chavezsolutionsag.example.com,33,2021-12-13,1
2285,Floyd Labs AG,Logistics & Transportation,Mid-Market,200,53397000.0,NA,Canada,,Cruzbury,https://www.floydlabsag.example.com,55,2021-06-07,1
2286,Cain Interactive AG,Logistics & Transportation,SMB,9,1972000.0,EMEA,Ireland,,Vasquezburgh,https://www.caininteractiveag.example.com,1,2022-05-23,1
2287,Chambers Digital LLC,Energy & Utilities,Mid-Market,2000,245428000.0,EMEA,Netherlands,,North Jillfort,https://www.chambersdigitalllc.example.com,27,2021-03-25,1
2288,Colon Networks Co,Professional Services,SMB,41,7082000.0,EMEA,UAE,,Kimberlyfurt,https://www.colonnetworksco.example.com,18,2023-08-14,1
2289,Mcdowell Capital Inc,Construction,Mid-Market,505,103779000.0,APAC,New Zealand,,New Ashley,https://www.mcdowellcapitalinc.example.com,23,2023-04-26,1
2290,Larson Analytics PLC,Software & SaaS,SMB,30,3688000.0,NA,United States,NM,Toddhaven,https://www.larsonanalyticsplc.example.com,30,2025-09-30,1
2291,Gonzalez Energy LLC,Manufacturing,SMB,46,6831000.0,NA,Canada,,Deborahberg,https://www.gonzalezenergyllc.example.com,2,2023-03-08,1
2292,Lynn Analytics Group,Financial Services,SMB,23,4911000.0,NA,United States,GA,North Joel,https://www.lynnanalyticsgroup.example.com,39,2024-05-08,1
2293,Norman Robotics LLC,Financial Services,SMB,17,2500000.0,EMEA,Sweden,,Jamesport,https://www.normanroboticsllc.example.com,45,2023-12-15,0
2294,Brandt Dynamics Co,Financial Services,SMB,17,3520000.0,NA,United States,CA,North Andrewfort,https://www.brandtdynamicsco.example.com,38,2024-03-05,1
2295,Fleming Technologies Corp,Telecommunications,SMB,21,4262000.0,APAC,Japan,,South Amandafort,https://www.flemingtechnologiescorp.example.com,23,2022-03-28,1
2296,Cortez Materials Co,Software & SaaS,SMB,32,4312000.0,NA,Canada,,West Edwardview,https://www.cortezmaterialsco.example.com,15,2022-09-15,1
2297,Abbott Robotics LLC,Professional Services,SMB,35,6317000.0,NA,United States,DC,Howardmouth,https://www.abbottroboticsllc.example.com,26,2021-06-15,1
2298,Buck Ventures Co,Real Estate,SMB,27,4748000.0,EMEA,France,,Port Jessica,https://www.buckventuresco.example.com,27,2023-11-23,1
2299,Riley Health Inc,Manufacturing,SMB,23,4376000.0,NA,United States,TX,Mccannville,https://www.rileyhealthinc.example.com,8,2022-03-14,1
2300,Stewart Bioscience Inc,Retail & E-commerce,Mid-Market,341,62595000.0,EMEA,Germany,,New Julieshire,https://www.stewartbioscienceinc.example.com,36,2023-05-02,1
2301,Chapman Partners LLC,Energy & Utilities,Enterprise,124889,38594951000.0,EMEA,Ireland,,East Jenny,https://www.chapmanpartnersllc.example.com,58,2025-10-13,1
2302,Riley Works Group,Software & SaaS,SMB,24,3302000.0,EMEA,Netherlands,,Stevenchester,https://www.rileyworksgroup.example.com,60,2024-01-24,1
2303,Durham Labs GmbH,Manufacturing,Enterprise,18405,5800074000.0,EMEA,Sweden,,East Joshuaberg,https://www.durhamlabsgmbh.example.com,6,2022-01-15,1
2304,Carlson Works Group,Financial Services,SMB,200,19358000.0,NA,Canada,,Ashleyport,https://www.carlsonworksgroup.example.com,11,2023-03-03,1
2305,Diaz Cloud Co,Financial Services,SMB,17,1908000.0,NA,United States,PR,Sarahfort,https://www.diazcloudco.example.com,22,2023-08-17,1
2306,Vaughan Ventures PLC,Logistics & Transportation,Mid-Market,272,78985000.0,EMEA,France,,Lopezville,https://www.vaughanventuresplc.example.com,27,2025-03-08,1
2307,Graves Analytics PLC,Financial Services,Mid-Market,491,152590000.0,NA,United States,IL,Brownchester,https://www.gravesanalyticsplc.example.com,10,2024-10-14,1
2308,Quinn Industries Ltd,Manufacturing,Mid-Market,414,84733000.0,NA,United States,ID,Port Marcus,https://www.quinnindustriesltd.example.com,17,2022-03-29,1
2309,Keller Partners LLC,Telecommunications,SMB,20,3403000.0,NA,United States,OR,Jensenstad,https://www.kellerpartnersllc.example.com,37,2025-10-06,1
2310,Howard Robotics Ltd,Education,Mid-Market,363,114204000.0,EMEA,France,,West Travischester,https://www.howardroboticsltd.example.com,46,2021-07-26,1
2311,Sandoval Solutions Group,Healthcare,SMB,200,38153000.0,NA,Canada,,Whiteburgh,https://www.sandovalsolutionsgroup.example.com,25,2022-02-01,1
2312,York Systems Ltd,Software & SaaS,SMB,43,8096000.0,LATAM,Mexico,,North Courtney,https://www.yorksystemsltd.example.com,40,2021-02-23,1
2313,Murphy Metrics AG,Software & SaaS,SMB,11,1825000.0,NA,Canada,,New Blake,https://www.murphymetricsag.example.com,11,2022-03-24,1
2314,Singleton Bioscience Inc,Retail & E-commerce,Enterprise,23488,9783700000.0,NA,Canada,,Michaelside,https://www.singletonbioscienceinc.example.com,35,2022-09-14,1
2315,Carroll Digital Inc,Retail & E-commerce,SMB,59,5960000.0,NA,Canada,,North Terri,https://www.carrolldigitalinc.example.com,51,2021-12-10,1
2316,Tran Bioscience Group,Professional Services,Mid-Market,379,46568000.0,NA,Canada,,West Brian,https://www.tranbiosciencegroup.example.com,34,2021-01-21,1
2317,Coleman Cloud Corp,Software & SaaS,Mid-Market,940,174035000.0,NA,United States,SD,Port Charleshaven,https://www.colemancloudcorp.example.com,22,2021-01-19,1
2318,Conley Cloud Co,Hospitality,Mid-Market,2000,549972000.0,EMEA,Sweden,,Cruzbury,https://www.conleycloudco.example.com,4,2025-10-21,1
2319,Sims Interactive Group,Financial Services,Mid-Market,1170,224663000.0,NA,Canada,,East Thomasland,https://www.simsinteractivegroup.example.com,48,2024-05-21,1
2320,Keith Systems AG,Manufacturing,Mid-Market,1467,446250000.0,NA,Canada,,Port Annette,https://www.keithsystemsag.example.com,24,2024-03-01,1
2321,Dunn Energy Inc,Hospitality,SMB,15,1384000.0,NA,Canada,,Lake Pamela,https://www.dunnenergyinc.example.com,2,2024-09-24,1
2322,Arroyo Cloud Co,Professional Services,SMB,62,11884000.0,NA,United States,IN,New Daltonmouth,https://www.arroyocloudco.example.com,37,2024-02-21,1
2323,Daniels Technologies Co,Logistics & Transportation,SMB,26,4197000.0,LATAM,Chile,,Lisatown,https://www.danielstechnologiesco.example.com,44,2021-03-26,1
2324,Scott Systems PLC,Software & SaaS,SMB,22,4219000.0,NA,Canada,,North Robert,https://www.scottsystemsplc.example.com,39,2025-10-28,1
2325,Adams Networks Co,Media & Entertainment,SMB,105,11672000.0,EMEA,France,,Ginastad,https://www.adamsnetworksco.example.com,21,2022-10-05,1
2326,Vaughan Interactive LLC,Real Estate,SMB,48,6862000.0,NA,United States,UT,Bushville,https://www.vaughaninteractivellc.example.com,15,2022-11-18,1
2327,Roach Interactive Group,Healthcare,SMB,65,13617000.0,NA,United States,OR,Gonzalezmouth,https://www.roachinteractivegroup.example.com,25,2025-06-17,0
2328,Cox Materials LLC,Financial Services,SMB,43,4829000.0,APAC,New Zealand,,Port Juliantown,https://www.coxmaterialsllc.example.com,56,2021-10-21,1
2329,Proctor Works Co,Retail & E-commerce,SMB,22,2156000.0,NA,Canada,,North Thomas,https://www.proctorworksco.example.com,2,2022-03-25,1
2330,Lee Labs AG,Real Estate,Enterprise,13979,5278173000.0,APAC,Australia,,South Jennifer,https://www.leelabsag.example.com,50,2025-03-19,1
2331,Greer Metrics Corp,Logistics & Transportation,SMB,50,8748000.0,NA,Canada,,Davisborough,https://www.greermetricscorp.example.com,29,2023-03-10,1
2332,Landry Bioscience Corp,Financial Services,Enterprise,18302,4918025000.0,NA,Canada,,East Cheryl,https://www.landrybiosciencecorp.example.com,28,2022-09-22,1
2333,Aguirre Cloud Co,Hospitality,Enterprise,17096,3350680000.0,APAC,Japan,,Duffyshire,https://www.aguirrecloudco.example.com,50,2026-01-29,1
2334,Stuart Logistics LLC,Government & Public Sector,SMB,78,13049000.0,NA,United States,GU,North Jillfort,https://www.stuartlogisticsllc.example.com,16,2025-06-21,1
2335,Rogers Health GmbH,Education,Mid-Market,476,77918000.0,LATAM,Brazil,,North Kevintown,https://www.rogershealthgmbh.example.com,44,2025-06-18,1
2336,Cobb Partners Ltd,Software & SaaS,SMB,34,7268000.0,APAC,India,,East Jenniferfort,https://www.cobbpartnersltd.example.com,23,2021-11-03,1
2337,Bray Holdings PLC,Financial Services,Mid-Market,684,190927000.0,NA,Canada,,Mikeborough,https://www.brayholdingsplc.example.com,31,2025-02-19,1
2338,Holmes Works Corp,Education,SMB,122,25357000.0,NA,Canada,,Bishopview,https://www.holmesworkscorp.example.com,38,2023-12-05,1
2339,Jackson Digital Group,Professional Services,SMB,59,11058000.0,APAC,Singapore,,North Williamhaven,https://www.jacksondigitalgroup.example.com,41,2024-02-14,1
2340,Rivers Energy Co,Retail & E-commerce,SMB,37,3422000.0,NA,Canada,,North Kelly,https://www.riversenergyco.example.com,28,2021-03-11,1
2341,Short Holdings Group,Healthcare,SMB,38,5793000.0,EMEA,UAE,,Angelaland,https://www.shortholdingsgroup.example.com,32,2023-05-16,1
2342,Benitez Dynamics Inc,Government & Public Sector,Enterprise,22311,10215103000.0,NA,United States,TX,Chloeview,https://www.benitezdynamicsinc.example.com,48,2021-11-11,1
2343,Drake Labs PLC,Manufacturing,Mid-Market,870,139496000.0,NA,Canada,,Quinnhaven,https://www.drakelabsplc.example.com,29,2025-10-31,1
2344,Mcfarland Capital GmbH,Non-Profit,Mid-Market,385,61377000.0,NA,United States,NE,Wesleychester,https://www.mcfarlandcapitalgmbh.example.com,26,2023-05-26,1
2345,Harrington Logistics Group,Logistics & Transportation,Enterprise,22117,7387427000.0,EMEA,Spain,,Sparksmouth,https://www.harringtonlogisticsgroup.example.com,57,2023-09-18,1
2346,Yoder Logistics Ltd,Education,Mid-Market,459,96000000.0,EMEA,Ireland,,North Joyside,https://www.yoderlogisticsltd.example.com,3,2021-12-14,0
2347,Newton Analytics AG,Software & SaaS,SMB,35,7227000.0,EMEA,France,,New Sandra,https://www.newtonanalyticsag.example.com,57,2022-09-23,1
2348,Garza Interactive PLC,Healthcare,Mid-Market,1200,370786000.0,NA,Canada,,South Jacqueline,https://www.garzainteractiveplc.example.com,37,2023-03-25,1
2349,Nunez Analytics GmbH,Construction,SMB,12,1756000.0,NA,Canada,,South Stevenberg,https://www.nunezanalyticsgmbh.example.com,12,2024-11-29,1
2350,Hopkins Digital AG,Telecommunications,SMB,29,6237000.0,NA,Canada,,West Brandi,https://www.hopkinsdigitalag.example.com,49,2023-09-07,1
2351,Jacobs Logistics Group,Retail & E-commerce,SMB,37,6468000.0,NA,United States,NY,Lisatown,https://www.jacobslogisticsgroup.example.com,34,2021-06-07,1
2352,Peters Metrics Inc,Logistics & Transportation,Enterprise,40892,16442295000.0,NA,United States,MS,New Blake,https://www.petersmetricsinc.example.com,25,2022-11-14,1
2353,Houston Health GmbH,Software & SaaS,SMB,23,2397000.0,EMEA,United Kingdom,,Carlshire,https://www.houstonhealthgmbh.example.com,6,2022-03-03,1
2354,Parker Systems GmbH,Professional Services,SMB,40,6248000.0,NA,United States,AR,East Lisashire,https://www.parkersystemsgmbh.example.com,15,2023-04-12,1
2355,Holder Materials LLC,Software & SaaS,SMB,32,5774000.0,NA,Canada,,Lake Sean,https://www.holdermaterialsllc.example.com,48,2022-12-13,1
2356,Mckinney Labs AG,Manufacturing,SMB,56,5516000.0,EMEA,United Kingdom,,South Jennifer,https://www.mckinneylabsag.example.com,57,2021-02-05,1
2357,Kelley Robotics Inc,Manufacturing,SMB,51,6875000.0,NA,Canada,,Michaelton,https://www.kelleyroboticsinc.example.com,2,2021-10-26,0
2358,Mccall Solutions Corp,Media & Entertainment,Mid-Market,1432,339514000.0,LATAM,Argentina,,North Nichole,https://www.mccallsolutionscorp.example.com,44,2023-12-11,1
2359,Greene Foods AG,Manufacturing,Mid-Market,665,164259000.0,NA,United States,AZ,Theresaborough,https://www.greenefoodsag.example.com,9,2023-04-24,1
2360,Burke Holdings Corp,Construction,SMB,35,6413000.0,NA,Canada,,New Blake,https://www.burkeholdingscorp.example.com,35,2021-03-17,1
2361,Ellis Ventures PLC,Professional Services,SMB,11,1215000.0,APAC,India,,Lake Darlenemouth,https://www.ellisventuresplc.example.com,41,2023-08-04,1
2362,Guerrero Metrics Inc,Construction,SMB,121,16369000.0,EMEA,Ireland,,Robertport,https://www.guerrerometricsinc.example.com,42,2023-02-09,1
2363,Gamble Ventures Co,Logistics & Transportation,SMB,28,5031000.0,APAC,Japan,,Kimberlyberg,https://www.gambleventuresco.example.com,13,2021-07-30,1
2364,Holland Solutions GmbH,Healthcare,SMB,29,5534000.0,NA,Canada,,Laraport,https://www.hollandsolutionsgmbh.example.com,29,2021-01-05,1
2365,Joseph Digital GmbH,Automotive,Mid-Market,258,31462000.0,NA,Canada,,Vasquezburgh,https://www.josephdigitalgmbh.example.com,12,2022-05-03,1
2366,Duran Interactive Corp,Software & SaaS,Mid-Market,506,66449000.0,EMEA,Ireland,,Mejiabury,https://www.duraninteractivecorp.example.com,20,2024-09-11,1
2367,Harrison Systems Inc,Biotech & Pharma,SMB,24,3778000.0,NA,United States,PW,Hernandezborough,https://www.harrisonsystemsinc.example.com,25,2021-06-29,1
2368,Fletcher Partners Co,Software & SaaS,SMB,21,4502000.0,EMEA,Spain,,South Sean,https://www.fletcherpartnersco.example.com,4,2025-12-23,1
2369,Mcdowell Robotics PLC,Professional Services,SMB,100,21029000.0,NA,United States,MH,Port Christina,https://www.mcdowellroboticsplc.example.com,47,2023-04-19,1
2370,Jordan Solutions Co,Real Estate,SMB,89,13488000.0,NA,United States,AS,Shafferbury,https://www.jordansolutionsco.example.com,29,2024-07-09,1
2371,Mora Energy AG,Education,Enterprise,26515,12456262000.0,NA,United States,WA,Lake Amyhaven,https://www.moraenergyag.example.com,31,2026-04-23,1
2372,Horton Systems Group,Professional Services,Mid-Market,214,28545000.0,EMEA,Sweden,,Smithfurt,https://www.hortonsystemsgroup.example.com,18,2022-01-06,1
2373,Zavala Partners GmbH,Software & SaaS,Enterprise,37921,6309298000.0,NA,Canada,,West Rachelton,https://www.zavalapartnersgmbh.example.com,10,2023-06-28,1
2374,Keller Materials PLC,Manufacturing,Enterprise,22196,10418330000.0,LATAM,Colombia,,East Jimmy,https://www.kellermaterialsplc.example.com,44,2022-05-11,0
2375,Miles Bioscience Corp,Healthcare,Mid-Market,669,189948000.0,NA,United States,WY,East Ralphshire,https://www.milesbiosciencecorp.example.com,39,2021-04-29,1
2376,Huber Networks Inc,Automotive,Enterprise,26595,11453038000.0,NA,Canada,,North Joanland,https://www.hubernetworksinc.example.com,11,2024-10-11,1
2377,Preston Partners Corp,Retail & E-commerce,SMB,44,4877000.0,NA,United States,NC,Robertafurt,https://www.prestonpartnerscorp.example.com,15,2021-01-20,0
2378,Martinez Cloud PLC,Software & SaaS,SMB,29,5524000.0,EMEA,Germany,,Abbottport,https://www.martinezcloudplc.example.com,45,2025-04-29,1
2379,Brandt Digital AG,Healthcare,SMB,50,6080000.0,APAC,India,,North Courtney,https://www.brandtdigitalag.example.com,41,2024-10-15,1
2380,Porter Technologies Co,Hospitality,SMB,33,6586000.0,NA,United States,WI,Donaldchester,https://www.portertechnologiesco.example.com,17,2023-10-30,1
2381,Rice Bioscience Group,Government & Public Sector,SMB,27,4491000.0,NA,Canada,,West Williamfurt,https://www.ricebiosciencegroup.example.com,28,2023-07-18,1
2382,Herring Dynamics PLC,Biotech & Pharma,SMB,40,5649000.0,EMEA,Ireland,,Robertfort,https://www.herringdynamicsplc.example.com,6,2025-02-25,1
2383,Lang Foods AG,Financial Services,Mid-Market,765,128038000.0,NA,United States,KY,Wilsonfort,https://www.langfoodsag.example.com,17,2021-03-19,1
2384,Allen Metrics LLC,Energy & Utilities,Mid-Market,516,95856000.0,EMEA,Sweden,,Freemanland,https://www.allenmetricsllc.example.com,42,2024-05-23,1
2385,Stark Robotics Group,Manufacturing,SMB,22,3571000.0,EMEA,Sweden,,South Cherylshire,https://www.starkroboticsgroup.example.com,6,2021-09-17,1
2386,Robinson Metrics GmbH,Telecommunications,SMB,38,6052000.0,NA,United States,PR,Lake Susanland,https://www.robinsonmetricsgmbh.example.com,48,2021-02-03,1
2387,Wilkins Materials LLC,Professional Services,Mid-Market,758,183429000.0,EMEA,United Kingdom,,Daniellestad,https://www.wilkinsmaterialsllc.example.com,3,2022-03-25,1
2388,Mcneil Materials AG,Healthcare,SMB,36,7568000.0,EMEA,Sweden,,New Danielfurt,https://www.mcneilmaterialsag.example.com,36,2022-04-19,1
2389,Delacruz Analytics Group,Logistics & Transportation,SMB,49,5775000.0,NA,Canada,,New Alanhaven,https://www.delacruzanalyticsgroup.example.com,25,2021-10-02,1
2390,Ford Technologies Co,Healthcare,SMB,19,4003000.0,NA,United States,NM,New Julia,https://www.fordtechnologiesco.example.com,8,2024-03-25,1
2391,Villegas Capital Co,Retail & E-commerce,SMB,53,4986000.0,NA,Canada,,Stephanieview,https://www.villegascapitalco.example.com,29,2023-05-22,1
2392,Barajas Capital Corp,Healthcare,SMB,16,3040000.0,EMEA,Spain,,Javierport,https://www.barajascapitalcorp.example.com,54,2025-10-07,1
2393,Novak Materials LLC,Healthcare,Mid-Market,864,204587000.0,EMEA,Ireland,,Port Chad,https://www.novakmaterialsllc.example.com,60,2024-07-19,1
2394,Benton Solutions Inc,Healthcare,Mid-Market,766,154813000.0,NA,United States,SD,Elizabethstad,https://www.bentonsolutionsinc.example.com,11,2024-12-27,1
2395,Pruitt Analytics Corp,Healthcare,Mid-Market,256,30940000.0,NA,United States,PA,Townsendbury,https://www.pruittanalyticscorp.example.com,15,2025-08-12,1
2396,Mccoy Analytics Group,Media & Entertainment,SMB,20,4191000.0,NA,United States,PW,Mooremouth,https://www.mccoyanalyticsgroup.example.com,34,2024-11-15,1
2397,Johnson Analytics AG,Media & Entertainment,Mid-Market,523,109788000.0,NA,United States,FL,South Davidview,https://www.johnsonanalyticsag.example.com,35,2021-06-13,1
2398,Parsons Solutions Ltd,Biotech & Pharma,Mid-Market,860,230288000.0,NA,United States,FL,Jamesport,https://www.parsonssolutionsltd.example.com,37,2021-09-23,1
2399,Guerra Works Inc,Manufacturing,SMB,21,2966000.0,NA,United States,TN,Kevinbury,https://www.guerraworksinc.example.com,25,2022-08-25,1
2400,Mccall Energy PLC,Education,Mid-Market,2000,334096000.0,NA,United States,MT,Whitebury,https://www.mccallenergyplc.example.com,49,2022-04-27,1
2401,Rush Technologies Ltd,Construction,SMB,14,1393000.0,EMEA,Germany,,East Thomasland,https://www.rushtechnologiesltd.example.com,27,2025-06-13,1
2402,Huynh Logistics LLC,Retail & E-commerce,SMB,67,13039000.0,EMEA,United Kingdom,,North Jenniferchester,https://www.huynhlogisticsllc.example.com,36,2023-03-17,1
2403,Anthony Metrics Corp,Real Estate,SMB,15,2994000.0,NA,United States,AZ,Kristinamouth,https://www.anthonymetricscorp.example.com,8,2025-05-20,1
2404,Yu Ventures PLC,Construction,SMB,18,2407000.0,EMEA,Ireland,,Larsonbury,https://www.yuventuresplc.example.com,42,2022-07-22,1
2405,Lutz Partners Ltd,Professional Services,SMB,81,12751000.0,NA,Canada,,Port Tonihaven,https://www.lutzpartnersltd.example.com,25,2025-08-29,0
2406,Hopkins Logistics Ltd,Software & SaaS,SMB,20,3905000.0,NA,United States,ND,Smithfurt,https://www.hopkinslogisticsltd.example.com,16,2021-04-09,1
2407,Best Industries Co,Financial Services,SMB,27,3104000.0,LATAM,Mexico,,New Danielfurt,https://www.bestindustriesco.example.com,40,2022-11-04,1
2408,Boyd Robotics PLC,Healthcare,Enterprise,18658,9344968000.0,EMEA,France,,Port Carloschester,https://www.boydroboticsplc.example.com,20,2025-08-06,1
2409,Edwards Robotics GmbH,Energy & Utilities,SMB,14,2405000.0,NA,United States,NY,Baileystad,https://www.edwardsroboticsgmbh.example.com,8,2022-11-11,1
2410,Velasquez Digital LLC,Energy & Utilities,SMB,59,8613000.0,NA,Canada,,Gonzalezmouth,https://www.velasquezdigitalllc.example.com,33,2024-05-15,1
2411,Pineda Health Corp,Software & SaaS,SMB,59,6648000.0,EMEA,Netherlands,,Rodriguezmouth,https://www.pinedahealthcorp.example.com,1,2022-06-10,1
2412,Hobbs Logistics GmbH,Retail & E-commerce,Mid-Market,515,134761000.0,NA,Canada,,Port Jordanshire,https://www.hobbslogisticsgmbh.example.com,8,2025-01-03,1
2413,Reilly Holdings Co,Retail & E-commerce,SMB,55,10895000.0,LATAM,Mexico,,Baldwinville,https://www.reillyholdingsco.example.com,44,2023-10-13,1
2414,Heath Interactive LLC,Energy & Utilities,Enterprise,47448,11581710000.0,NA,Canada,,Welchchester,https://www.heathinteractivellc.example.com,35,2024-11-29,1
2415,Tate Networks LLC,Healthcare,SMB,47,6214000.0,NA,United States,LA,Luketown,https://www.tatenetworksllc.example.com,51,2023-04-06,1
2416,Gilbert Works PLC,Financial Services,SMB,33,6979000.0,EMEA,Spain,,Katelynfurt,https://www.gilbertworksplc.example.com,6,2023-10-27,1
2417,Petersen Holdings Co,Media & Entertainment,SMB,21,3443000.0,EMEA,Netherlands,,Mosleyland,https://www.petersenholdingsco.example.com,19,2023-03-24,1
2418,Howe Industries GmbH,Software & SaaS,SMB,17,2667000.0,NA,United States,AZ,Leemouth,https://www.howeindustriesgmbh.example.com,48,2023-06-06,1
2419,Obrien Capital LLC,Energy & Utilities,Mid-Market,955,117494000.0,APAC,Japan,,New Julieshire,https://www.obriencapitalllc.example.com,23,2024-02-08,1
2420,Collins Industries Ltd,Retail & E-commerce,Mid-Market,1221,368256000.0,APAC,Australia,,East John,https://www.collinsindustriesltd.example.com,56,2021-06-16,1
2421,Warner Industries Ltd,Logistics & Transportation,SMB,83,12037000.0,NA,Canada,,East Charles,https://www.warnerindustriesltd.example.com,38,2024-08-12,1
2422,Floyd Networks Co,Professional Services,Enterprise,28481,7862808000.0,NA,United States,FM,Williammouth,https://www.floydnetworksco.example.com,16,2022-06-03,1
2423,Lucas Robotics Corp,Financial Services,SMB,56,7957000.0,NA,Canada,,Rojastown,https://www.lucasroboticscorp.example.com,37,2021-01-21,1
2424,Osborne Systems Group,Financial Services,SMB,18,3534000.0,EMEA,UAE,,Lake Meganville,https://www.osbornesystemsgroup.example.com,42,2023-11-09,1
2425,Nash Industries GmbH,Non-Profit,SMB,32,5698000.0,EMEA,Ireland,,Sparksborough,https://www.nashindustriesgmbh.example.com,18,2023-09-11,1
2426,Marsh Energy Group,Real Estate,SMB,25,4764000.0,NA,United States,KS,South Danielberg,https://www.marshenergygroup.example.com,33,2024-04-30,1
2427,Steele Logistics Corp,Healthcare,Mid-Market,545,168954000.0,LATAM,Mexico,,Port Tyler,https://www.steelelogisticscorp.example.com,40,2026-07-20,1
2428,Wilkerson Digital GmbH,Telecommunications,SMB,13,1882000.0,NA,Canada,,Rivasfort,https://www.wilkersondigitalgmbh.example.com,30,2022-12-01,1
2429,Richards Logistics Ltd,Retail & E-commerce,SMB,36,4464000.0,APAC,Singapore,,West Rachelton,https://www.richardslogisticsltd.example.com,50,2026-04-08,1
2430,Collier Cloud Inc,Education,SMB,23,2330000.0,APAC,Singapore,,South Sarahberg,https://www.colliercloudinc.example.com,56,2023-06-21,1
2431,Rivas Solutions Inc,Professional Services,SMB,15,2864000.0,NA,Canada,,Hugheshaven,https://www.rivassolutionsinc.example.com,29,2022-06-07,1
2432,Kramer Energy Co,Software & SaaS,SMB,10,1440000.0,NA,United States,MT,Robertfort,https://www.kramerenergyco.example.com,11,2024-01-11,1
2433,Lowe Energy PLC,Education,Mid-Market,1496,180256000.0,NA,United States,LA,East Jenny,https://www.loweenergyplc.example.com,51,2021-10-08,1
2434,Walters Industries Co,Healthcare,SMB,9,1406000.0,APAC,Singapore,,New Julieshire,https://www.waltersindustriesco.example.com,13,2026-03-16,1
2435,Little Works AG,Logistics & Transportation,SMB,23,3473000.0,NA,United States,AS,Brownchester,https://www.littleworksag.example.com,49,2022-10-28,1
2436,Skinner Works GmbH,Manufacturing,SMB,29,4235000.0,APAC,Australia,,East Joshuaberg,https://www.skinnerworksgmbh.example.com,13,2021-01-19,1
2437,Murillo Dynamics Co,Biotech & Pharma,SMB,16,2863000.0,NA,United States,DE,Rivasfort,https://www.murillodynamicsco.example.com,43,2023-12-01,1
2438,Bowen Robotics Group,Media & Entertainment,SMB,51,8626000.0,NA,United States,PA,Lake Peterberg,https://www.bowenroboticsgroup.example.com,33,2021-06-15,1
2439,Parsons Technologies Inc,Hospitality,Mid-Market,1558,329616000.0,APAC,Singapore,,East Jenny,https://www.parsonstechnologiesinc.example.com,41,2021-05-06,1
2440,Kirk Works Inc,Healthcare,Enterprise,19860,7906908000.0,NA,Canada,,West Williamfurt,https://www.kirkworksinc.example.com,11,2021-02-08,1
2441,Mack Works Ltd,Manufacturing,SMB,30,6491000.0,EMEA,Netherlands,,West Kevin,https://www.mackworksltd.example.com,6,2025-06-09,1
2442,French Ventures Corp,Professional Services,Enterprise,19421,9580097000.0,NA,Canada,,Geraldport,https://www.frenchventurescorp.example.com,35,2021-02-23,1
2443,Collier Networks LLC,Financial Services,SMB,48,5187000.0,NA,United States,AK,North Roger,https://www.colliernetworksllc.example.com,55,2023-04-07,1
2444,Ramos Interactive Inc,Automotive,Mid-Market,1780,360921000.0,NA,Canada,,Jordanport,https://www.ramosinteractiveinc.example.com,11,2023-01-11,1
2445,Dunlap Industries Co,Energy & Utilities,Mid-Market,891,256944000.0,NA,Canada,,South Frances,https://www.dunlapindustriesco.example.com,24,2025-09-11,1
2446,Bradford Foods Ltd,Government & Public Sector,Mid-Market,2000,456289000.0,EMEA,Germany,,Port Scott,https://www.bradfordfoodsltd.example.com,58,2025-09-11,1
2447,Kim Health Inc,Software & SaaS,Mid-Market,398,96425000.0,NA,United States,OK,Mclaughlinmouth,https://www.kimhealthinc.example.com,52,2025-10-09,1
2448,Perkins Partners Corp,Manufacturing,SMB,27,4443000.0,NA,Canada,,West Joseph,https://www.perkinspartnerscorp.example.com,55,2022-08-22,1
2449,Cowan Networks Corp,Healthcare,SMB,17,1670000.0,NA,Canada,,Robertstad,https://www.cowannetworkscorp.example.com,28,2022-12-16,1
2450,Hale Cloud Inc,Construction,SMB,34,6631000.0,EMEA,UAE,,East Ellen,https://www.halecloudinc.example.com,3,2024-12-26,0
2451,Holmes Holdings GmbH,Financial Services,SMB,12,2041000.0,APAC,Australia,,Michaelshire,https://www.holmesholdingsgmbh.example.com,41,2021-06-15,1
2452,Velasquez Ventures Group,Real Estate,Mid-Market,2000,321002000.0,EMEA,Spain,,South Patrick,https://www.velasquezventuresgroup.example.com,46,2021-06-09,1
2453,Carroll Metrics LLC,Education,SMB,47,6847000.0,LATAM,Argentina,,Nixonland,https://www.carrollmetricsllc.example.com,44,2025-10-13,1
2454,Vasquez Robotics LLC,Hospitality,SMB,15,2914000.0,NA,United States,AL,Cruzbury,https://www.vasquezroboticsllc.example.com,17,2021-02-16,1
2455,Carroll Robotics Co,Construction,SMB,62,9247000.0,NA,Canada,,Shawntown,https://www.carrollroboticsco.example.com,17,2022-07-13,1
2456,Mcclure Industries PLC,Professional Services,SMB,24,2871000.0,NA,United States,WV,New Danielfurt,https://www.mcclureindustriesplc.example.com,29,2021-10-06,1
2457,Simmons Capital Group,Healthcare,Mid-Market,1125,152340000.0,NA,United States,ND,Gregoryburgh,https://www.simmonscapitalgroup.example.com,22,2021-04-29,1
2458,Trevino Systems PLC,Professional Services,Mid-Market,1728,446630000.0,EMEA,Ireland,,South Jonathanbury,https://www.trevinosystemsplc.example.com,3,2026-04-10,1
2459,Lynch Solutions Group,Logistics & Transportation,SMB,70,10600000.0,EMEA,Netherlands,,Turnerside,https://www.lynchsolutionsgroup.example.com,18,2021-08-31,1
2460,Kim Interactive LLC,Education,SMB,13,1290000.0,NA,Canada,,North Nichole,https://www.kiminteractivellc.example.com,33,2022-10-12,1
2461,Robles Partners Ltd,Healthcare,SMB,19,3928000.0,APAC,New Zealand,,Rhodesland,https://www.roblespartnersltd.example.com,41,2021-12-28,1
2462,Underwood Works PLC,Professional Services,SMB,42,7771000.0,NA,United States,IL,Guerreroport,https://www.underwoodworksplc.example.com,9,2023-01-16,1
2463,Allen Metrics PLC,Retail & E-commerce,Mid-Market,497,121335000.0,EMEA,Netherlands,,Rodriguezview,https://www.allenmetricsplc.example.com,57,2024-08-06,1
2464,Estrada Industries Ltd,Professional Services,SMB,76,14352000.0,NA,United States,TX,West Angelbury,https://www.estradaindustriesltd.example.com,9,2023-12-08,1
2465,Floyd Cloud GmbH,Retail & E-commerce,SMB,110,22405000.0,EMEA,Germany,,Gregoryburgh,https://www.floydcloudgmbh.example.com,54,2023-06-13,1
2466,Shepard Foods GmbH,Education,SMB,32,6173000.0,NA,Canada,,West Michael,https://www.shepardfoodsgmbh.example.com,2,2023-02-24,1
2467,Anderson Interactive Group,Software & SaaS,Enterprise,20601,10658153000.0,APAC,Australia,,Christinachester,https://www.andersoninteractivegroup.example.com,50,2021-06-28,1
2468,Butler Holdings Ltd,Software & SaaS,Mid-Market,1191,341181000.0,APAC,New Zealand,,Michaelton,https://www.butlerholdingsltd.example.com,56,2022-08-26,0
2469,Adams Analytics Inc,Construction,SMB,125,18268000.0,NA,United States,FM,Burkeberg,https://www.adamsanalyticsinc.example.com,39,2025-08-25,1
2470,Watts Robotics Inc,Telecommunications,SMB,25,2636000.0,NA,United States,NV,Michelleland,https://www.wattsroboticsinc.example.com,53,2024-12-17,1
2471,Ayala Interactive Corp,Financial Services,SMB,72,9975000.0,EMEA,Netherlands,,Port Davidborough,https://www.ayalainteractivecorp.example.com,19,2021-03-30,1
2472,Farmer Analytics PLC,Media & Entertainment,Enterprise,22877,7092455000.0,EMEA,Sweden,,Thompsonstad,https://www.farmeranalyticsplc.example.com,1,2025-02-10,1
2473,Lewis Dynamics Ltd,Professional Services,SMB,15,3171000.0,EMEA,Germany,,East Douglas,https://www.lewisdynamicsltd.example.com,58,2024-12-31,1
2474,Greer Interactive LLC,Media & Entertainment,SMB,43,9175000.0,EMEA,Spain,,Vasquezburgh,https://www.greerinteractivellc.example.com,57,2024-11-05,1
2475,Boyd Materials PLC,Retail & E-commerce,Enterprise,21435,7590620000.0,APAC,Australia,,Woodstad,https://www.boydmaterialsplc.example.com,23,2024-12-05,1
2476,Hobbs Digital Ltd,Professional Services,Mid-Market,1844,532799000.0,EMEA,Sweden,,Brownchester,https://www.hobbsdigitalltd.example.com,21,2026-05-20,1
2477,Rubio Capital PLC,Software & SaaS,SMB,5,949000.0,NA,Canada,,West Shannon,https://www.rubiocapitalplc.example.com,10,2021-03-19,1
2478,Forbes Capital Ltd,Education,SMB,13,1515000.0,APAC,India,,West Brandi,https://www.forbescapitalltd.example.com,23,2022-07-15,1
2479,Le Ventures GmbH,Retail & E-commerce,SMB,44,5072000.0,NA,United States,WI,Angelaton,https://www.leventuresgmbh.example.com,53,2026-03-21,1
2480,Jimenez Materials Corp,Education,SMB,11,2248000.0,NA,Canada,,Brooksville,https://www.jimenezmaterialscorp.example.com,12,2023-05-10,1
2481,Drake Holdings Inc,Healthcare,SMB,43,4663000.0,LATAM,Colombia,,Robertafurt,https://www.drakeholdingsinc.example.com,40,2024-01-23,1
2482,Acosta Technologies Ltd,Financial Services,Enterprise,14704,3255442000.0,NA,Canada,,Marymouth,https://www.acostatechnologiesltd.example.com,8,2022-06-11,1
2483,Shields Foods AG,Construction,Enterprise,39685,16264148000.0,NA,Canada,,Ianburgh,https://www.shieldsfoodsag.example.com,17,2021-11-02,1
2484,Yu Industries Inc,Hospitality,SMB,62,10288000.0,EMEA,Ireland,,Lopezstad,https://www.yuindustriesinc.example.com,1,2026-04-30,1
2485,Lara Metrics AG,Non-Profit,SMB,21,2923000.0,APAC,Japan,,Lake Emilymouth,https://www.larametricsag.example.com,23,2022-06-10,1
2486,Shaw Industries PLC,Real Estate,SMB,15,1939000.0,NA,United States,DC,West Traceyberg,https://www.shawindustriesplc.example.com,17,2023-05-25,1
2487,Griffin Technologies Inc,Software & SaaS,SMB,22,3917000.0,NA,United States,IN,Gregoryhaven,https://www.griffintechnologiesinc.example.com,55,2021-12-14,1
2488,Ward Interactive Co,Education,Mid-Market,279,68692000.0,NA,Canada,,Chloeview,https://www.wardinteractiveco.example.com,10,2026-03-17,1
2489,May Labs Group,Manufacturing,SMB,15,3221000.0,NA,United States,IN,South Patrick,https://www.maylabsgroup.example.com,59,2021-12-30,1
2490,Rush Works Ltd,Healthcare,SMB,29,5542000.0,NA,United States,WI,South Stevenberg,https://www.rushworksltd.example.com,51,2025-09-18,1
2491,Nunez Health PLC,Financial Services,SMB,34,5209000.0,NA,United States,VA,Wellsberg,https://www.nunezhealthplc.example.com,30,2022-02-28,1
2492,Velasquez Holdings Corp,Financial Services,SMB,25,3682000.0,APAC,Australia,,West Theresamouth,https://www.velasquezholdingscorp.example.com,23,2025-12-30,1
2493,Martinez Solutions Co,Software & SaaS,SMB,111,23088000.0,EMEA,United Kingdom,,Ashleyport,https://www.martinezsolutionsco.example.com,42,2022-06-17,1
2494,Sims Technologies Inc,Software & SaaS,Mid-Market,559,127269000.0,APAC,Japan,,Shannonstad,https://www.simstechnologiesinc.example.com,41,2025-05-08,1
2495,Walker Technologies Inc,Telecommunications,Mid-Market,200,60560000.0,APAC,Australia,,Jamesside,https://www.walkertechnologiesinc.example.com,56,2023-08-10,0
2496,Rice Interactive PLC,Biotech & Pharma,SMB,18,2973000.0,APAC,India,,Maryport,https://www.riceinteractiveplc.example.com,41,2021-06-08,1
2497,Gross Technologies Corp,Manufacturing,Mid-Market,553,154980000.0,EMEA,Germany,,Michelleland,https://www.grosstechnologiescorp.example.com,46,2022-03-03,1
2498,Boyd Dynamics GmbH,Software & SaaS,SMB,89,13756000.0,NA,United States,WA,Whitneyberg,https://www.boyddynamicsgmbh.example.com,38,2024-07-17,1
2499,Hinton Technologies Ltd,Financial Services,Mid-Market,342,101398000.0,APAC,New Zealand,,New Michellemouth,https://www.hintontechnologiesltd.example.com,41,2023-12-21,1
2500,Padilla Materials Corp,Real Estate,SMB,14,2503000.0,EMEA,Netherlands,,Garrettfurt,https://www.padillamaterialscorp.example.com,54,2022-06-03,1
2501,Soto Holdings GmbH,Manufacturing,SMB,33,3987000.0,NA,United States,MI,Chloeview,https://www.sotoholdingsgmbh.example.com,31,2021-10-07,1
2502,Rios Networks Inc,Energy & Utilities,Enterprise,41610,19201074000.0,NA,United States,AS,North Patrick,https://www.riosnetworksinc.example.com,53,2025-01-02,1
2503,Morrison Works GmbH,Financial Services,SMB,76,7470000.0,NA,Canada,,South Patrick,https://www.morrisonworksgmbh.example.com,14,2023-09-26,1
2504,Lowe Networks Inc,Real Estate,SMB,73,14685000.0,NA,Canada,,Rebeccaberg,https://www.lowenetworksinc.example.com,55,2024-01-22,1
2505,White Interactive AG,Education,SMB,23,3886000.0,EMEA,UAE,,West Kellyland,https://www.whiteinteractiveag.example.com,45,2022-12-25,1
2506,Doyle Analytics Ltd,Financial Services,SMB,47,5237000.0,NA,United States,WV,Atkinsborough,https://www.doyleanalyticsltd.example.com,26,2022-05-26,1
2507,Ross Robotics Co,Biotech & Pharma,SMB,43,5536000.0,NA,United States,MI,Lopezstad,https://www.rossroboticsco.example.com,53,2022-07-12,1
2508,Mann Labs Ltd,Logistics & Transportation,SMB,21,4593000.0,NA,United States,TN,North Williamhaven,https://www.mannlabsltd.example.com,59,2021-02-18,1
2509,Larson Systems GmbH,Financial Services,Mid-Market,537,171393000.0,APAC,Japan,,Stevenland,https://www.larsonsystemsgmbh.example.com,56,2025-12-22,0
2510,Hernandez Capital Group,Media & Entertainment,SMB,50,8624000.0,NA,United States,MP,Kevinbury,https://www.hernandezcapitalgroup.example.com,49,2022-06-17,1
2511,Morgan Capital Inc,Manufacturing,SMB,127,21932000.0,NA,United States,UT,Port Kristenview,https://www.morgancapitalinc.example.com,48,2022-12-29,0
2512,Zuniga Robotics AG,Non-Profit,SMB,45,4472000.0,EMEA,Germany,,Evansberg,https://www.zunigaroboticsag.example.com,57,2022-06-06,1
2513,Higgins Ventures Co,Healthcare,Mid-Market,2000,401402000.0,APAC,Singapore,,North Patrickland,https://www.higginsventuresco.example.com,23,2022-06-03,1
2514,Bryant Partners Group,Government & Public Sector,SMB,48,10367000.0,NA,Canada,,Simmonsstad,https://www.bryantpartnersgroup.example.com,28,2024-01-31,1
2515,Cain Energy AG,Real Estate,SMB,52,10715000.0,EMEA,UAE,,South Kaylee,https://www.cainenergyag.example.com,27,2023-12-26,1
2516,Clayton Technologies Inc,Energy & Utilities,SMB,10,1612000.0,NA,United States,AL,Millerfort,https://www.claytontechnologiesinc.example.com,39,2024-11-26,1
2517,Higgins Holdings GmbH,Financial Services,Mid-Market,2000,526774000.0,APAC,Australia,,New Bettyberg,https://www.higginsholdingsgmbh.example.com,13,2021-04-09,1
2518,Adkins Cloud Inc,Software & SaaS,Mid-Market,214,55129000.0,EMEA,UAE,,Tracichester,https://www.adkinscloudinc.example.com,5,2025-05-14,1
2519,Fletcher Capital Ltd,Hospitality,SMB,44,5730000.0,EMEA,United Kingdom,,North Chadview,https://www.fletchercapitalltd.example.com,42,2026-02-09,1
2520,Park Bioscience Inc,Media & Entertainment,Mid-Market,959,148481000.0,NA,United States,CT,Lake Jose,https://www.parkbioscienceinc.example.com,16,2026-06-11,1
2521,Oconnor Technologies LLC,Construction,SMB,14,2530000.0,EMEA,France,,Janetmouth,https://www.oconnortechnologiesllc.example.com,6,2021-06-24,1
2522,Norris Dynamics Group,Logistics & Transportation,SMB,20,3967000.0,NA,United States,MT,Rebeccashire,https://www.norrisdynamicsgroup.example.com,17,2023-01-05,1
2523,Norris Interactive LLC,Media & Entertainment,SMB,160,30751000.0,NA,United States,AK,Rebeccashire,https://www.norrisinteractivellc.example.com,43,2025-12-09,1
2524,Black Robotics Inc,Automotive,SMB,26,5642000.0,EMEA,France,,Nixonland,https://www.blackroboticsinc.example.com,36,2024-07-10,1
2525,Walls Energy PLC,Telecommunications,SMB,18,3110000.0,EMEA,Netherlands,,East Jenniferfort,https://www.wallsenergyplc.example.com,5,2021-03-25,1
2526,Franklin Bioscience PLC,Manufacturing,SMB,75,9882000.0,NA,Canada,,East Jenny,https://www.franklinbioscienceplc.example.com,47,2025-05-02,1
2527,Blair Networks Group,Professional Services,SMB,15,2321000.0,APAC,Singapore,,Gutierrezmouth,https://www.blairnetworksgroup.example.com,23,2025-02-04,1
2528,Sandoval Analytics PLC,Healthcare,SMB,22,4315000.0,NA,Canada,,Alvarezshire,https://www.sandovalanalyticsplc.example.com,16,2024-09-12,1
2529,Jenkins Works Group,Logistics & Transportation,SMB,80,9960000.0,EMEA,UAE,,New Danielfurt,https://www.jenkinsworksgroup.example.com,1,2022-09-12,1
2530,Greene Logistics LLC,Financial Services,Mid-Market,1151,284653000.0,NA,United States,HI,Martinezport,https://www.greenelogisticsllc.example.com,55,2023-10-16,1
2531,Herman Labs GmbH,Automotive,Mid-Market,490,100753000.0,NA,United States,ID,Lake Wendybury,https://www.hermanlabsgmbh.example.com,38,2024-04-04,1
2532,Mccullough Robotics Co,Biotech & Pharma,SMB,32,3843000.0,APAC,New Zealand,,West Kellyland,https://www.mcculloughroboticsco.example.com,13,2022-08-12,1
2533,Little Dynamics Inc,Government & Public Sector,SMB,9,1658000.0,NA,Canada,,Gregoryhaven,https://www.littledynamicsinc.example.com,59,2024-09-19,1
2534,Alvarado Systems PLC,Manufacturing,SMB,47,6945000.0,APAC,Singapore,,South Jennifer,https://www.alvaradosystemsplc.example.com,23,2022-01-26,1
2535,Burke Energy Corp,Telecommunications,SMB,23,4512000.0,NA,United States,FM,East Sarah,https://www.burkeenergycorp.example.com,29,2021-09-21,1
2536,Washington Analytics Inc,Healthcare,SMB,100,10868000.0,EMEA,Netherlands,,North Williamhaven,https://www.washingtonanalyticsinc.example.com,20,2025-03-28,1
2537,Key Materials Group,Manufacturing,SMB,20,2673000.0,NA,United States,GA,Stevenston,https://www.keymaterialsgroup.example.com,34,2022-05-10,1
2538,Yang Ventures Group,Professional Services,Mid-Market,722,151712000.0,EMEA,Spain,,South Shannonfurt,https://www.yangventuresgroup.example.com,32,2021-03-22,1
2539,Neal Analytics Inc,Software & SaaS,Mid-Market,777,121233000.0,APAC,New Zealand,,North Patrickland,https://www.nealanalyticsinc.example.com,56,2025-01-15,1
2540,Proctor Cloud PLC,Software & SaaS,SMB,69,8615000.0,EMEA,Germany,,Evansberg,https://www.proctorcloudplc.example.com,5,2024-10-28,1
2541,Galloway Labs LLC,Energy & Utilities,SMB,119,21506000.0,NA,United States,HI,Lake Sean,https://www.gallowaylabsllc.example.com,37,2024-11-06,1
2542,Sherman Health LLC,Real Estate,Mid-Market,230,61858000.0,EMEA,Sweden,,Mathewport,https://www.shermanhealthllc.example.com,46,2022-05-11,1
2543,Murphy Labs LLC,Manufacturing,SMB,16,3019000.0,EMEA,France,,South Tylerland,https://www.murphylabsllc.example.com,42,2023-08-21,1
2544,Reed Materials PLC,Energy & Utilities,Mid-Market,291,75540000.0,NA,United States,MP,Lake Sean,https://www.reedmaterialsplc.example.com,12,2021-01-24,1
2545,Farmer Technologies Co,Non-Profit,SMB,27,4031000.0,EMEA,UAE,,South Michaelfurt,https://www.farmertechnologiesco.example.com,54,2021-01-05,0
2546,Mcfarland Metrics GmbH,Software & SaaS,SMB,42,6390000.0,EMEA,Ireland,,West Rachelton,https://www.mcfarlandmetricsgmbh.example.com,19,2021-12-31,1
2547,Haney Holdings Corp,Professional Services,SMB,16,1715000.0,EMEA,Germany,,Davischester,https://www.haneyholdingscorp.example.com,42,2023-03-20,1
2548,Underwood Dynamics PLC,Media & Entertainment,SMB,38,6887000.0,NA,Canada,,West Kenneth,https://www.underwooddynamicsplc.example.com,17,2023-08-11,1
2549,Turner Systems Co,Retail & E-commerce,Enterprise,85216,38135332000.0,NA,Canada,,North Joyside,https://www.turnersystemsco.example.com,55,2021-06-29,1
2550,Gross Robotics Ltd,Software & SaaS,SMB,26,5694000.0,LATAM,Chile,,North Sheenaborough,https://www.grossroboticsltd.example.com,40,2025-04-24,1
2551,Armstrong Digital GmbH,Manufacturing,Enterprise,14219,4045355000.0,EMEA,Sweden,,Keithfort,https://www.armstrongdigitalgmbh.example.com,60,2026-02-19,1
2552,Dunn Logistics Ltd,Professional Services,SMB,26,4969000.0,NA,Canada,,Lake Danielle,https://www.dunnlogisticsltd.example.com,38,2021-06-14,1
2553,Fields Materials Co,Logistics & Transportation,Mid-Market,719,162823000.0,LATAM,Colombia,,North Adrianland,https://www.fieldsmaterialsco.example.com,44,2024-12-24,1
2554,Andrade Interactive GmbH,Financial Services,Enterprise,36860,18679728000.0,NA,Canada,,Elizabethstad,https://www.andradeinteractivegmbh.example.com,31,2023-09-12,1
2555,Waller Foods Ltd,Financial Services,SMB,32,3808000.0,NA,Canada,,Rhodesmouth,https://www.wallerfoodsltd.example.com,2,2023-02-08,1
2556,Jefferson Foods AG,Hospitality,SMB,33,5643000.0,EMEA,France,,Port Jordanshire,https://www.jeffersonfoodsag.example.com,5,2023-01-11,1
2557,Carroll Cloud Ltd,Retail & E-commerce,Mid-Market,681,103065000.0,EMEA,Netherlands,,Allenbury,https://www.carrollcloudltd.example.com,54,2024-06-19,1
2558,Merritt Technologies PLC,Software & SaaS,SMB,35,4492000.0,LATAM,Brazil,,Fernandoland,https://www.merritttechnologiesplc.example.com,44,2021-10-28,1
2559,Hensley Systems Co,Construction,Enterprise,5341,1085958000.0,EMEA,Netherlands,,New Markmouth,https://www.hensleysystemsco.example.com,36,2023-09-04,1
2560,Clarke Analytics GmbH,Healthcare,SMB,20,1878000.0,NA,United States,MS,Rodriguezfort,https://www.clarkeanalyticsgmbh.example.com,8,2022-01-04,0
2561,Hunter Dynamics Group,Professional Services,SMB,20,2268000.0,NA,Canada,,Jillton,https://www.hunterdynamicsgroup.example.com,33,2021-04-30,1
2562,Mcneil Logistics Co,Software & SaaS,SMB,28,2893000.0,NA,United States,DC,Tylerland,https://www.mcneillogisticsco.example.com,9,2023-05-10,1
2563,Myers Labs AG,Healthcare,Mid-Market,371,85839000.0,APAC,India,,New Whitney,https://www.myerslabsag.example.com,56,2022-01-18,0
2564,Davis Cloud LLC,Healthcare,Enterprise,41641,14067546000.0,NA,Canada,,Nixonland,https://www.daviscloudllc.example.com,11,2024-06-06,1
2565,Meyers Networks Corp,Hospitality,SMB,30,3464000.0,EMEA,Ireland,,Davischester,https://www.meyersnetworkscorp.example.com,45,2023-11-22,1
2566,Ross Solutions Inc,Real Estate,Mid-Market,348,48729000.0,NA,Canada,,Port Annette,https://www.rosssolutionsinc.example.com,34,2021-11-19,1
2567,Moody Digital Ltd,Healthcare,Enterprise,7499,2697053000.0,NA,Canada,,South Kaylee,https://www.moodydigitalltd.example.com,55,2025-04-04,1
2568,Watson Ventures Corp,Professional Services,SMB,22,4255000.0,NA,Canada,,Fernandoland,https://www.watsonventurescorp.example.com,49,2022-05-22,1
2569,Walters Dynamics Ltd,Professional Services,SMB,40,5123000.0,EMEA,France,,North Angelaton,https://www.waltersdynamicsltd.example.com,36,2024-03-21,1
2570,Kirk Works Group,Logistics & Transportation,Mid-Market,591,111034000.0,NA,Canada,,Alexisville,https://www.kirkworksgroup.example.com,29,2022-01-14,0
2571,Henderson Capital GmbH,Logistics & Transportation,Mid-Market,1229,239006000.0,LATAM,Argentina,,Fernandoland,https://www.hendersoncapitalgmbh.example.com,44,2021-10-08,1
2572,Hurst Interactive AG,Logistics & Transportation,SMB,8,1507000.0,APAC,Australia,,Bryanfort,https://www.hurstinteractiveag.example.com,56,2025-04-01,1
2573,Kent Cloud Co,Financial Services,Mid-Market,597,177121000.0,NA,United States,OH,Shaunhaven,https://www.kentcloudco.example.com,55,2025-10-02,1
2574,Clark Metrics Ltd,Professional Services,SMB,18,3840000.0,APAC,Australia,,Wilsonmouth,https://www.clarkmetricsltd.example.com,23,2022-05-30,1
2575,Wheeler Solutions Co,Telecommunications,Enterprise,10687,3774060000.0,NA,Canada,,Ashleyfort,https://www.wheelersolutionsco.example.com,34,2022-03-29,1
2576,May Energy Group,Hospitality,Mid-Market,2000,406225000.0,NA,United States,IL,Priceside,https://www.mayenergygroup.example.com,55,2024-03-09,1
2577,Cain Dynamics Co,Professional Services,Mid-Market,375,89885000.0,NA,Canada,,North Peterburgh,https://www.caindynamicsco.example.com,15,2021-11-24,1
2578,Travis Networks Co,Professional Services,SMB,25,4116000.0,APAC,Japan,,Priceside,https://www.travisnetworksco.example.com,41,2025-04-14,1
2579,Washington Energy GmbH,Professional Services,SMB,16,2450000.0,EMEA,United Kingdom,,New Julieshire,https://www.washingtonenergygmbh.example.com,42,2021-01-14,1
2580,Massey Capital PLC,Biotech & Pharma,SMB,107,20064000.0,NA,United States,MN,Williamshire,https://www.masseycapitalplc.example.com,34,2021-07-15,1
2581,Waters Energy Group,Media & Entertainment,SMB,32,3284000.0,EMEA,Germany,,Ashleyport,https://www.watersenergygroup.example.com,46,2021-06-15,1
2582,Wilkerson Energy Ltd,Professional Services,Mid-Market,731,215613000.0,EMEA,Ireland,,East Douglas,https://www.wilkersonenergyltd.example.com,1,2022-04-01,1
2583,Watts Systems AG,Professional Services,SMB,36,5244000.0,EMEA,France,,Hendersonton,https://www.wattssystemsag.example.com,1,2025-04-21,1
2584,Wheeler Robotics Corp,Healthcare,SMB,22,3407000.0,EMEA,United Kingdom,,Smithfurt,https://www.wheelerroboticscorp.example.com,3,2023-11-01,1
2585,Benson Materials GmbH,Media & Entertainment,SMB,31,6139000.0,APAC,New Zealand,,Carlberg,https://www.bensonmaterialsgmbh.example.com,56,2021-06-01,1
2586,Avila Labs Co,Telecommunications,SMB,12,2350000.0,EMEA,Netherlands,,Diazton,https://www.avilalabsco.example.com,58,2021-04-21,1
2587,Mcclure Solutions LLC,Software & SaaS,SMB,27,5407000.0,NA,United States,MT,Robertsonland,https://www.mccluresolutionsllc.example.com,53,2022-02-22,1
2588,Rasmussen Holdings LLC,Logistics & Transportation,Mid-Market,484,99294000.0,APAC,Australia,,Maryberg,https://www.rasmussenholdingsllc.example.com,50,2023-09-21,1
2589,Sherman Health Group,Software & SaaS,Mid-Market,982,291399000.0,NA,Canada,,Quinnhaven,https://www.shermanhealthgroup.example.com,59,2023-07-25,1
2590,Moses Bioscience Ltd,Financial Services,SMB,15,2711000.0,EMEA,Ireland,,Lake Michaelborough,https://www.mosesbioscienceltd.example.com,20,2021-06-08,1
2591,Galloway Foods AG,Retail & E-commerce,Mid-Market,351,51700000.0,EMEA,Ireland,,Christinachester,https://www.gallowayfoodsag.example.com,60,2024-07-17,1
2592,Walker Works Corp,Healthcare,Mid-Market,2000,385937000.0,NA,United States,MI,North Robert,https://www.walkerworkscorp.example.com,51,2023-10-16,1
2593,Mcintosh Solutions Group,Real Estate,SMB,25,3974000.0,NA,Canada,,Davisborough,https://www.mcintoshsolutionsgroup.example.com,11,2026-05-20,1
2594,Olson Industries Ltd,Education,Mid-Market,200,27789000.0,EMEA,UAE,,New Daltonmouth,https://www.olsonindustriesltd.example.com,58,2023-05-10,1
2595,Ellis Partners Group,Healthcare,SMB,5,988000.0,APAC,Australia,,Townsendbury,https://www.ellispartnersgroup.example.com,13,2022-04-19,1
2596,Rhodes Metrics Corp,Software & SaaS,SMB,13,2646000.0,APAC,New Zealand,,East Marystad,https://www.rhodesmetricscorp.example.com,56,2021-06-14,1
2597,Calderon Materials LLC,Healthcare,SMB,94,14332000.0,EMEA,Spain,,Ellisshire,https://www.calderonmaterialsllc.example.com,18,2025-10-03,0
2598,Stephens Digital Group,Logistics & Transportation,SMB,58,12652000.0,NA,United States,OH,West Natasha,https://www.stephensdigitalgroup.example.com,35,2021-03-01,1
2599,Sloan Robotics Inc,Real Estate,Mid-Market,2000,464372000.0,NA,United States,PA,Katelynfurt,https://www.sloanroboticsinc.example.com,10,2022-05-25,1
2600,Orr Logistics Ltd,Media & Entertainment,Enterprise,28687,12416901000.0,EMEA,Ireland,,Lake Ronniebury,https://www.orrlogisticsltd.example.com,3,2023-03-28,1
2601,Wise Metrics Co,Software & SaaS,Mid-Market,676,210545000.0,NA,United States,WI,Port Paula,https://www.wisemetricsco.example.com,25,2023-06-09,1
2602,Valdez Materials LLC,Retail & E-commerce,SMB,85,17317000.0,EMEA,Ireland,,Duffyshire,https://www.valdezmaterialsllc.example.com,54,2023-06-28,1
2603,Berg Digital PLC,Construction,SMB,89,13916000.0,NA,United States,PR,Brianview,https://www.bergdigitalplc.example.com,2,2024-04-08,1
2604,Davenport Capital LLC,Non-Profit,Enterprise,14029,5323425000.0,NA,United States,PW,South Tinaton,https://www.davenportcapitalllc.example.com,47,2021-06-23,1
2605,Burns Interactive Ltd,Real Estate,SMB,52,5148000.0,EMEA,United Kingdom,,West Natasha,https://www.burnsinteractiveltd.example.com,20,2024-04-12,1
2606,Garner Industries LLC,Healthcare,SMB,22,2622000.0,EMEA,Netherlands,,Wilcoxfort,https://www.garnerindustriesllc.example.com,7,2025-06-24,1
2607,Mcgee Foods Inc,Software & SaaS,SMB,14,2673000.0,EMEA,Sweden,,Andersonborough,https://www.mcgeefoodsinc.example.com,46,2021-02-18,1
2608,Carr Interactive LLC,Retail & E-commerce,SMB,74,7729000.0,NA,United States,UT,New Tara,https://www.carrinteractivellc.example.com,47,2021-02-25,1
2609,Bowen Health Co,Manufacturing,SMB,33,4985000.0,APAC,Australia,,Sparksborough,https://www.bowenhealthco.example.com,13,2026-06-18,1
2610,Mueller Analytics LLC,Energy & Utilities,SMB,200,33726000.0,NA,Canada,,South Tylerland,https://www.muelleranalyticsllc.example.com,10,2022-03-24,1
2611,Mora Technologies Group,Software & SaaS,SMB,24,4900000.0,EMEA,Netherlands,,Lake Meganville,https://www.moratechnologiesgroup.example.com,21,2022-11-22,1
2612,Hampton Dynamics Co,Biotech & Pharma,SMB,138,27617000.0,EMEA,Ireland,,New Hectorfort,https://www.hamptondynamicsco.example.com,18,2022-03-23,0
2613,Pham Partners Ltd,Telecommunications,SMB,28,5302000.0,NA,Canada,,East Douglas,https://www.phampartnersltd.example.com,53,2023-05-17,1
2614,Mckee Labs GmbH,Construction,SMB,86,12298000.0,EMEA,UAE,,East Charles,https://www.mckeelabsgmbh.example.com,19,2024-03-26,1
2615,Hodges Robotics Corp,Hospitality,SMB,112,12151000.0,EMEA,Sweden,,Lake Sean,https://www.hodgesroboticscorp.example.com,58,2024-07-15,1
2616,Benton Metrics Inc,Retail & E-commerce,Mid-Market,957,240581000.0,NA,United States,OR,Geraldport,https://www.bentonmetricsinc.example.com,49,2022-06-03,1
2617,Reyes Systems AG,Energy & Utilities,SMB,14,2479000.0,EMEA,United Kingdom,,West Thomas,https://www.reyessystemsag.example.com,18,2022-01-03,1
2618,Montgomery Partners PLC,Hospitality,Mid-Market,1720,421770000.0,NA,Canada,,Carlshire,https://www.montgomerypartnersplc.example.com,49,2023-04-27,1
2619,Bryant Systems GmbH,Financial Services,Mid-Market,1203,211285000.0,APAC,Japan,,New Stephaniefurt,https://www.bryantsystemsgmbh.example.com,23,2022-07-15,1
2620,Colon Analytics AG,Software & SaaS,SMB,21,2385000.0,NA,United States,WV,North Ginamouth,https://www.colonanalyticsag.example.com,28,2023-09-25,1
2621,Freeman Systems PLC,Healthcare,Mid-Market,365,111771000.0,NA,Canada,,Brianstad,https://www.freemansystemsplc.example.com,55,2023-09-07,1
2622,Cobb Materials AG,Retail & E-commerce,Mid-Market,991,212378000.0,EMEA,France,,Michaelhaven,https://www.cobbmaterialsag.example.com,58,2025-07-09,1
2623,Salazar Cloud Co,Education,SMB,14,2282000.0,NA,Canada,,West Mary,https://www.salazarcloudco.example.com,59,2021-01-07,0
2624,Walker Foods Ltd,Healthcare,SMB,12,2610000.0,LATAM,Chile,,Davischester,https://www.walkerfoodsltd.example.com,44,2021-05-25,0
2625,Bowers Capital Ltd,Retail & E-commerce,SMB,52,8400000.0,NA,Canada,,East Cynthiaport,https://www.bowerscapitalltd.example.com,33,2024-09-25,1
2626,Dillon Labs Co,Education,Enterprise,12661,2377313000.0,NA,United States,WV,East John,https://www.dillonlabsco.example.com,25,2023-06-29,1
2627,Flowers Bioscience Corp,Professional Services,Mid-Market,2000,346801000.0,NA,United States,MP,Bradleyberg,https://www.flowersbiosciencecorp.example.com,47,2021-03-29,0
2628,York Robotics Group,Financial Services,Enterprise,15544,3493461000.0,NA,United States,MT,Turnerside,https://www.yorkroboticsgroup.example.com,8,2025-12-17,1
2629,Monroe Works GmbH,Professional Services,Enterprise,38649,13589222000.0,NA,Canada,,Baldwinville,https://www.monroeworksgmbh.example.com,24,2023-11-22,1
2630,Weaver Industries Group,Biotech & Pharma,SMB,27,4696000.0,NA,Canada,,Jeffreyport,https://www.weaverindustriesgroup.example.com,2,2023-01-04,1
2631,Duncan Capital AG,Manufacturing,Mid-Market,325,103200000.0,NA,United States,PA,South Michaelside,https://www.duncancapitalag.example.com,47,2024-09-11,1
2632,Benson Holdings PLC,Logistics & Transportation,SMB,32,5699000.0,NA,United States,NM,Wilsonmouth,https://www.bensonholdingsplc.example.com,8,2023-08-01,1
2633,Juarez Digital AG,Software & SaaS,Mid-Market,2000,409250000.0,NA,United States,GU,East Ericbury,https://www.juarezdigitalag.example.com,43,2022-06-27,1
2634,Saunders Analytics Ltd,Telecommunications,SMB,47,9304000.0,NA,Canada,,Lake Meganville,https://www.saundersanalyticsltd.example.com,33,2022-03-04,1
2635,Sherman Holdings Ltd,Government & Public Sector,SMB,7,1026000.0,NA,United States,FL,East Marisa,https://www.shermanholdingsltd.example.com,28,2022-11-18,1
2636,Johnson Technologies Corp,Software & SaaS,Mid-Market,844,163989000.0,NA,Canada,,East Sarah,https://www.johnsontechnologiescorp.example.com,35,2022-12-20,1
2637,Ferguson Foods PLC,Hospitality,Mid-Market,457,58035000.0,NA,Canada,,West Michaelport,https://www.fergusonfoodsplc.example.com,8,2024-03-27,1
2638,Barnes Foods Ltd,Financial Services,SMB,83,12838000.0,NA,Canada,,Lake Deborah,https://www.barnesfoodsltd.example.com,48,2022-12-16,1
2639,Howard Bioscience Corp,Hospitality,SMB,24,2709000.0,NA,United States,IL,North Williamhaven,https://www.howardbiosciencecorp.example.com,16,2021-02-01,1
2640,Lowe Holdings Inc,Logistics & Transportation,SMB,47,7986000.0,NA,Canada,,East Jaredfort,https://www.loweholdingsinc.example.com,49,2024-01-29,1
2641,Anderson Interactive Inc,Manufacturing,Enterprise,11107,4554282000.0,APAC,India,,Jensenstad,https://www.andersoninteractiveinc.example.com,41,2021-04-07,1
2642,Wallace Metrics Group,Biotech & Pharma,SMB,50,6422000.0,NA,United States,AR,Lake Meganville,https://www.wallacemetricsgroup.example.com,52,2025-02-27,1
2643,Pena Holdings PLC,Education,SMB,88,13727000.0,NA,United States,GA,North Neil,https://www.penaholdingsplc.example.com,33,2024-03-20,0
2644,Gilbert Cloud AG,Software & SaaS,SMB,29,5500000.0,EMEA,Germany,,West Amy,https://www.gilbertcloudag.example.com,32,2023-08-04,1
2645,Guerra Energy AG,Real Estate,SMB,6,554000.0,NA,Canada,,Gutierrezmouth,https://www.guerraenergyag.example.com,34,2022-11-20,1
2646,Gutierrez Partners Co,Financial Services,SMB,33,5389000.0,NA,Canada,,Port Daniel,https://www.gutierrezpartnersco.example.com,53,2021-09-07,1
2647,Spears Holdings GmbH,Biotech & Pharma,SMB,36,4052000.0,EMEA,Netherlands,,New Jennaborough,https://www.spearsholdingsgmbh.example.com,3,2023-12-01,1
2648,Pierce Analytics Inc,Financial Services,Mid-Market,323,50278000.0,EMEA,Germany,,South Cherylshire,https://www.pierceanalyticsinc.example.com,4,2021-06-03,1
2649,Bowers Industries GmbH,Retail & E-commerce,Enterprise,21470,7409358000.0,LATAM,Mexico,,Lake Darlenemouth,https://www.bowersindustriesgmbh.example.com,44,2023-08-23,1
2650,Frost Networks AG,Logistics & Transportation,Enterprise,16832,4847327000.0,APAC,Australia,,Mathewport,https://www.frostnetworksag.example.com,50,2021-09-21,1
2651,Rocha Logistics Corp,Media & Entertainment,SMB,14,1768000.0,EMEA,United Kingdom,,Pamelaville,https://www.rochalogisticscorp.example.com,36,2023-08-02,1
2652,Guerrero Networks Inc,Logistics & Transportation,SMB,35,3308000.0,EMEA,Germany,,Michaelshire,https://www.guerreronetworksinc.example.com,4,2021-08-02,1
2653,Sanford Systems PLC,Retail & E-commerce,Mid-Market,534,150502000.0,NA,Canada,,Saraport,https://www.sanfordsystemsplc.example.com,26,2021-05-13,1
2654,Lane Ventures Inc,Telecommunications,Mid-Market,200,43308000.0,APAC,Australia,,Amandamouth,https://www.laneventuresinc.example.com,50,2022-12-14,1
2655,Roberts Technologies Ltd,Financial Services,SMB,24,2689000.0,EMEA,Netherlands,,Lake Jessicaborough,https://www.robertstechnologiesltd.example.com,4,2024-03-22,1
2656,Little Solutions Group,Professional Services,Mid-Market,463,143981000.0,NA,Canada,,East Lisashire,https://www.littlesolutionsgroup.example.com,26,2021-12-08,1
2657,Preston Foods Co,Software & SaaS,Mid-Market,519,70987000.0,NA,United States,MS,East Cynthiaport,https://www.prestonfoodsco.example.com,55,2023-01-30,1
2658,Horton Metrics AG,Hospitality,Mid-Market,282,68579000.0,EMEA,Germany,,Bradfordbury,https://www.hortonmetricsag.example.com,21,2024-10-28,1
2659,Dickson Technologies LLC,Real Estate,Mid-Market,1108,292508000.0,EMEA,United Kingdom,,Lake Loganstad,https://www.dicksontechnologiesllc.example.com,20,2023-05-03,1
2660,Sullivan Robotics Inc,Professional Services,SMB,11,2401000.0,APAC,India,,Freemanland,https://www.sullivanroboticsinc.example.com,50,2023-08-03,1
2661,Hogan Metrics Ltd,Healthcare,SMB,52,11430000.0,NA,Canada,,Saraport,https://www.hoganmetricsltd.example.com,26,2021-11-15,1
2662,Ali Materials PLC,Hospitality,SMB,20,3672000.0,APAC,Australia,,New Julieshire,https://www.alimaterialsplc.example.com,23,2021-06-19,1
2663,Hatfield Systems Group,Energy & Utilities,SMB,23,3899000.0,NA,United States,MD,South Amandafort,https://www.hatfieldsystemsgroup.example.com,25,2021-07-28,1
2664,Hinton Energy LLC,Construction,Mid-Market,536,130911000.0,EMEA,France,,Turnerside,https://www.hintonenergyllc.example.com,58,2026-04-06,1
2665,Dixon Systems PLC,Software & SaaS,SMB,22,4202000.0,NA,Canada,,South Alison,https://www.dixonsystemsplc.example.com,2,2021-05-03,1
2666,Stokes Materials PLC,Professional Services,SMB,79,16318000.0,NA,Canada,,Marymouth,https://www.stokesmaterialsplc.example.com,22,2021-08-02,1
2667,Key Holdings AG,Education,Mid-Market,392,88582000.0,NA,United States,HI,West Traceyberg,https://www.keyholdingsag.example.com,16,2021-10-22,1
2668,Hanna Digital GmbH,Automotive,Mid-Market,495,116652000.0,NA,United States,FM,Lake Wendybury,https://www.hannadigitalgmbh.example.com,47,2024-09-27,1
2669,Parker Solutions PLC,Retail & E-commerce,Mid-Market,825,212776000.0,NA,United States,MI,South Michaelfurt,https://www.parkersolutionsplc.example.com,30,2022-08-16,1
2670,Morton Metrics Inc,Healthcare,SMB,30,4725000.0,APAC,India,,East Kristen,https://www.mortonmetricsinc.example.com,23,2024-10-04,1
2671,Joseph Analytics Group,Government & Public Sector,Mid-Market,668,195492000.0,NA,United States,ND,West Taramouth,https://www.josephanalyticsgroup.example.com,24,2022-09-21,1
2672,Williamson Cloud Ltd,Healthcare,SMB,33,3121000.0,EMEA,Spain,,Katelynfurt,https://www.williamsoncloudltd.example.com,57,2024-10-16,1
2673,Williams Systems Co,Telecommunications,SMB,22,4009000.0,EMEA,Spain,,Port Adrianashire,https://www.williamssystemsco.example.com,58,2025-07-14,1
2674,Jones Logistics Inc,Healthcare,SMB,44,9592000.0,NA,Canada,,Lake Lisabury,https://www.joneslogisticsinc.example.com,53,2022-11-08,1
2675,Pena Digital Ltd,Biotech & Pharma,Mid-Market,373,69851000.0,APAC,Singapore,,Geraldport,https://www.penadigitalltd.example.com,50,2026-06-02,1
2676,Bartlett Digital PLC,Logistics & Transportation,Mid-Market,694,147080000.0,EMEA,Netherlands,,Lake Beth,https://www.bartlettdigitalplc.example.com,3,2025-11-20,1
2677,Huber Partners PLC,Healthcare,SMB,86,10625000.0,EMEA,Spain,,North Thomas,https://www.huberpartnersplc.example.com,54,2021-01-26,1
2678,Hubbard Partners AG,Professional Services,SMB,51,7663000.0,APAC,Japan,,Davishaven,https://www.hubbardpartnersag.example.com,56,2023-06-01,1
2679,Hess Robotics LLC,Software & SaaS,Mid-Market,608,150287000.0,EMEA,Germany,,Ebonyfort,https://www.hessroboticsllc.example.com,58,2023-12-05,1
2680,Silva Dynamics AG,Software & SaaS,Mid-Market,269,49185000.0,LATAM,Colombia,,West Edwardview,https://www.silvadynamicsag.example.com,44,2025-02-18,1
2681,Mcdaniel Labs Co,Professional Services,SMB,52,7122000.0,NA,United States,PR,Chloemouth,https://www.mcdaniellabsco.example.com,28,2023-12-31,1
2682,Johns Industries Group,Healthcare,Enterprise,41356,7378260000.0,NA,United States,GU,Robbinsstad,https://www.johnsindustriesgroup.example.com,26,2024-02-07,1
2683,Horton Dynamics GmbH,Financial Services,Mid-Market,509,79280000.0,EMEA,Spain,,Kanefurt,https://www.hortondynamicsgmbh.example.com,36,2022-02-23,1
2684,Mitchell Analytics Inc,Media & Entertainment,Enterprise,42234,18706162000.0,NA,United States,NJ,Kingmouth,https://www.mitchellanalyticsinc.example.com,39,2024-12-17,1
2685,Davidson Dynamics Inc,Healthcare,Enterprise,5645,1913598000.0,EMEA,United Kingdom,,Lake Melissa,https://www.davidsondynamicsinc.example.com,60,2021-03-29,1
2686,Duke Interactive PLC,Automotive,Enterprise,48966,17332205000.0,NA,United States,NC,Lake Timothyshire,https://www.dukeinteractiveplc.example.com,16,2023-12-06,1
2687,Levine Analytics PLC,Professional Services,Mid-Market,976,305716000.0,NA,Canada,,Ramseytown,https://www.levineanalyticsplc.example.com,28,2021-10-18,1
2688,Gardner Technologies Inc,Government & Public Sector,SMB,49,6897000.0,APAC,India,,South Frances,https://www.gardnertechnologiesinc.example.com,56,2024-08-01,1
2689,Nunez Interactive GmbH,Professional Services,SMB,11,2022000.0,NA,Canada,,Lake Melissa,https://www.nunezinteractivegmbh.example.com,39,2024-10-03,1
2690,Tran Ventures GmbH,Government & Public Sector,SMB,16,2227000.0,NA,Canada,,East Julie,https://www.tranventuresgmbh.example.com,22,2021-09-10,1
2691,Guzman Ventures GmbH,Healthcare,Mid-Market,971,154336000.0,EMEA,Germany,,Adamsside,https://www.guzmanventuresgmbh.example.com,54,2024-10-13,1
2692,Mcclure Health Corp,Energy & Utilities,SMB,27,5733000.0,EMEA,UAE,,Robertafurt,https://www.mcclurehealthcorp.example.com,42,2025-01-31,1
2693,Flores Materials AG,Non-Profit,Mid-Market,532,88603000.0,APAC,Japan,,West David,https://www.floresmaterialsag.example.com,56,2021-03-17,1
2694,Roth Industries LLC,Energy & Utilities,SMB,18,3468000.0,NA,United States,OR,Annborough,https://www.rothindustriesllc.example.com,28,2022-10-07,1
2695,Daniel Bioscience GmbH,Automotive,SMB,14,1310000.0,APAC,New Zealand,,North Patrick,https://www.danielbiosciencegmbh.example.com,50,2021-10-03,1
2696,Lewis Solutions GmbH,Hospitality,SMB,7,1375000.0,EMEA,Netherlands,,Freemanland,https://www.lewissolutionsgmbh.example.com,20,2021-06-22,1
2697,Haley Solutions Co,Software & SaaS,SMB,11,2095000.0,APAC,Singapore,,Fernandoland,https://www.haleysolutionsco.example.com,41,2024-11-08,1
2698,Richardson Digital Corp,Logistics & Transportation,SMB,26,4086000.0,NA,United States,WI,South Patriciamouth,https://www.richardsondigitalcorp.example.com,2,2022-03-01,1
2699,Drake Bioscience Co,Healthcare,SMB,30,4638000.0,NA,United States,GA,Hernandezborough,https://www.drakebioscienceco.example.com,48,2023-11-09,0
2700,Cortez Metrics Inc,Government & Public Sector,Mid-Market,1050,255924000.0,EMEA,Sweden,,Kaylaton,https://www.cortezmetricsinc.example.com,19,2021-01-07,1
2701,Richards Foods Inc,Biotech & Pharma,SMB,17,3377000.0,EMEA,Netherlands,,Diazton,https://www.richardsfoodsinc.example.com,19,2021-04-21,1
2702,Marshall Dynamics Corp,Media & Entertainment,SMB,33,4792000.0,NA,Canada,,West Angelbury,https://www.marshalldynamicscorp.example.com,51,2023-09-05,1
2703,Morse Foods Inc,Software & SaaS,SMB,22,2436000.0,EMEA,Spain,,West Brandi,https://www.morsefoodsinc.example.com,7,2022-06-22,1
2704,Roth Labs Ltd,Manufacturing,SMB,71,9278000.0,EMEA,Spain,,West Cassandra,https://www.rothlabsltd.example.com,32,2025-05-31,1
2705,Foley Bioscience Ltd,Financial Services,SMB,28,3485000.0,NA,United States,AK,Geraldport,https://www.foleybioscienceltd.example.com,38,2021-04-27,1
2706,Dixon Analytics GmbH,Logistics & Transportation,Mid-Market,303,41049000.0,NA,Canada,,East Michelle,https://www.dixonanalyticsgmbh.example.com,31,2023-09-28,1
2707,York Labs Group,Automotive,Mid-Market,310,39311000.0,NA,Canada,,West Mary,https://www.yorklabsgroup.example.com,52,2024-03-11,1
2708,Bryan Digital GmbH,Manufacturing,SMB,53,9462000.0,APAC,India,,North Yolanda,https://www.bryandigitalgmbh.example.com,50,2023-09-07,1
2709,Mullen Digital Group,Telecommunications,SMB,36,4077000.0,EMEA,Ireland,,Jaimetown,https://www.mullendigitalgroup.example.com,20,2024-01-18,1
2710,Hayes Networks Co,Professional Services,SMB,11,1912000.0,EMEA,Germany,,Barberburgh,https://www.hayesnetworksco.example.com,7,2021-12-21,1
2711,Carpenter Holdings GmbH,Professional Services,SMB,29,4367000.0,LATAM,Brazil,,South Davidview,https://www.carpenterholdingsgmbh.example.com,40,2024-08-07,1
2712,Watts Foods Corp,Financial Services,Mid-Market,523,69456000.0,EMEA,Spain,,South Emily,https://www.wattsfoodscorp.example.com,5,2023-05-13,1
2713,Sharp Health LLC,Financial Services,SMB,12,2390000.0,NA,Canada,,Alvarezshire,https://www.sharphealthllc.example.com,51,2024-09-27,1
2714,Davidson Foods GmbH,Financial Services,Mid-Market,1944,281205000.0,EMEA,Ireland,,New Daltonmouth,https://www.davidsonfoodsgmbh.example.com,27,2021-06-16,0
2715,Reid Solutions Group,Healthcare,SMB,29,4438000.0,LATAM,Chile,,New David,https://www.reidsolutionsgroup.example.com,40,2021-06-22,1
2716,Riley Robotics LLC,Software & SaaS,SMB,18,3796000.0,NA,Canada,,Mosleystad,https://www.rileyroboticsllc.example.com,29,2022-08-10,1
2717,Knight Labs PLC,Logistics & Transportation,SMB,42,8697000.0,EMEA,Netherlands,,Lake Pamela,https://www.knightlabsplc.example.com,1,2022-07-28,1
2718,Webb Solutions Co,Real Estate,SMB,11,1255000.0,NA,United States,MN,Lake Annstad,https://www.webbsolutionsco.example.com,35,2021-06-24,1
2719,Dennis Works Inc,Healthcare,Enterprise,14143,4650571000.0,APAC,Japan,,Lake Darlenemouth,https://www.dennisworksinc.example.com,13,2021-04-24,1
2720,Berry Systems AG,Education,SMB,31,5555000.0,EMEA,Netherlands,,West Edwardview,https://www.berrysystemsag.example.com,19,2021-04-23,1
2721,Sanders Holdings Co,Logistics & Transportation,Mid-Market,714,146969000.0,APAC,New Zealand,,Williamsville,https://www.sandersholdingsco.example.com,56,2021-03-17,1
2722,Gutierrez Holdings Group,Software & SaaS,Mid-Market,514,146928000.0,EMEA,Spain,,Davishaven,https://www.gutierrezholdingsgroup.example.com,3,2021-02-22,1
2723,Bush Solutions Inc,Financial Services,SMB,48,5659000.0,NA,Canada,,Rivasfort,https://www.bushsolutionsinc.example.com,53,2024-11-19,1
2724,Wiley Systems PLC,Financial Services,SMB,62,12216000.0,NA,United States,MT,North Kylie,https://www.wileysystemsplc.example.com,14,2025-11-27,1
2725,Holden Labs PLC,Retail & E-commerce,SMB,17,2935000.0,APAC,Japan,,Howardmouth,https://www.holdenlabsplc.example.com,56,2022-09-30,1
2726,Stanton Foods PLC,Education,SMB,32,4104000.0,NA,Canada,,East Matthew,https://www.stantonfoodsplc.example.com,47,2021-09-24,1
2727,Saunders Materials Ltd,Healthcare,Mid-Market,2000,376789000.0,NA,Canada,,Ryanburgh,https://www.saundersmaterialsltd.example.com,24,2022-04-20,1
2728,French Robotics GmbH,Software & SaaS,SMB,36,4406000.0,EMEA,Sweden,,Lake Michaelberg,https://www.frenchroboticsgmbh.example.com,18,2024-12-12,1
2729,Russell Labs Ltd,Healthcare,Enterprise,26696,6821478000.0,NA,United States,WV,Duffyshire,https://www.russelllabsltd.example.com,10,2025-11-07,1
2730,Jimenez Robotics Group,Software & SaaS,Mid-Market,509,104603000.0,NA,Canada,,West Taramouth,https://www.jimenezroboticsgroup.example.com,26,2021-12-08,1
2731,Moore Technologies LLC,Real Estate,SMB,100,14585000.0,NA,Canada,,West Georgeshire,https://www.mooretechnologiesllc.example.com,31,2021-02-18,0
2732,Foley Logistics Corp,Energy & Utilities,Mid-Market,2000,480100000.0,NA,United States,SC,Maryberg,https://www.foleylogisticscorp.example.com,43,2022-03-21,1
2733,Aguirre Cloud PLC,Energy & Utilities,SMB,10,1941000.0,EMEA,France,,Mccannville,https://www.aguirrecloudplc.example.com,42,2022-07-19,1
2734,Conley Ventures Inc,Education,Enterprise,11057,2869230000.0,NA,United States,SC,Marymouth,https://www.conleyventuresinc.example.com,12,2021-01-06,1
2735,Gonzalez Dynamics Group,Healthcare,SMB,15,2903000.0,NA,United States,DE,East Ralphshire,https://www.gonzalezdynamicsgroup.example.com,33,2024-01-20,1
2736,Mahoney Materials Corp,Software & SaaS,Enterprise,29537,5401144000.0,APAC,Singapore,,Dannyburgh,https://www.mahoneymaterialscorp.example.com,41,2021-06-19,1
2737,Smith Technologies Ltd,Media & Entertainment,Mid-Market,431,77765000.0,NA,United States,NJ,Jamestown,https://www.smithtechnologiesltd.example.com,37,2021-04-26,0
2738,Clayton Dynamics LLC,Telecommunications,Mid-Market,296,61126000.0,EMEA,UAE,,Lake William,https://www.claytondynamicsllc.example.com,36,2024-04-12,1
2739,Phelps Capital Inc,Professional Services,SMB,200,18868000.0,NA,United States,NM,East Isaacfort,https://www.phelpscapitalinc.example.com,37,2024-08-19,1
2740,Ray Health AG,Telecommunications,Mid-Market,558,110072000.0,NA,United States,TX,Annborough,https://www.rayhealthag.example.com,49,2021-09-22,1
2741,Sanders Solutions Inc,Education,SMB,25,3232000.0,EMEA,Sweden,,West Joseph,https://www.sanderssolutionsinc.example.com,1,2024-08-12,1
2742,Santiago Foods Inc,Professional Services,Mid-Market,524,98709000.0,EMEA,Sweden,,Toddhaven,https://www.santiagofoodsinc.example.com,45,2022-03-07,1
2743,Bell Technologies LLC,Real Estate,SMB,7,1015000.0,LATAM,Argentina,,Keithfort,https://www.belltechnologiesllc.example.com,40,2022-03-21,1
2744,Daniels Digital Corp,Biotech & Pharma,SMB,20,3323000.0,NA,United States,ND,Oconnorhaven,https://www.danielsdigitalcorp.example.com,43,2021-06-17,1
2745,Walters Robotics LLC,Software & SaaS,SMB,5,547000.0,NA,United States,NE,East Craigfurt,https://www.waltersroboticsllc.example.com,29,2021-11-23,1
2746,Morales Analytics GmbH,Financial Services,SMB,37,4943000.0,NA,United States,IN,West Jacqueline,https://www.moralesanalyticsgmbh.example.com,17,2021-03-02,1
2747,Dean Capital LLC,Media & Entertainment,SMB,58,11897000.0,EMEA,Germany,,South John,https://www.deancapitalllc.example.com,18,2023-12-28,1
2748,Zavala Digital LLC,Manufacturing,Mid-Market,345,68199000.0,NA,Canada,,East Luisberg,https://www.zavaladigitalllc.example.com,52,2025-03-11,1
2749,Gonzales Ventures LLC,Manufacturing,SMB,15,2279000.0,APAC,New Zealand,,Fitzgeraldview,https://www.gonzalesventuresllc.example.com,41,2021-03-12,1
2750,Forbes Foods Ltd,Real Estate,Mid-Market,2000,244447000.0,EMEA,Spain,,Lake Danielle,https://www.forbesfoodsltd.example.com,21,2021-12-28,1
2751,Short Energy GmbH,Logistics & Transportation,SMB,22,4108000.0,NA,United States,TN,Cookton,https://www.shortenergygmbh.example.com,52,2022-05-20,1
2752,Wells Holdings LLC,Logistics & Transportation,Mid-Market,803,238693000.0,NA,United States,MA,Lake Jessica,https://www.wellsholdingsllc.example.com,11,2022-08-04,1
2753,Higgins Interactive Co,Software & SaaS,Mid-Market,895,282345000.0,NA,United States,MD,Port Juliantown,https://www.higginsinteractiveco.example.com,28,2024-12-24,1
2754,Mullen Systems Corp,Retail & E-commerce,SMB,63,9640000.0,EMEA,UAE,,Robertfort,https://www.mullensystemscorp.example.com,42,2021-03-05,1
2755,Moss Materials Ltd,Media & Entertainment,Mid-Market,447,130747000.0,EMEA,Spain,,Allenbury,https://www.mossmaterialsltd.example.com,1,2023-09-12,1
2756,Dawson Partners Ltd,Healthcare,Enterprise,151534,62846551000.0,APAC,New Zealand,,Lake Kelly,https://www.dawsonpartnersltd.example.com,41,2023-03-30,1
2757,Marks Robotics Group,Financial Services,Mid-Market,410,49671000.0,NA,United States,ND,South Rebeccaton,https://www.marksroboticsgroup.example.com,43,2025-02-04,1
2758,Bates Materials Ltd,Logistics & Transportation,SMB,8,1204000.0,NA,Canada,,Thompsonstad,https://www.batesmaterialsltd.example.com,37,2022-03-17,1
2759,Stark Interactive Inc,Non-Profit,SMB,11,1879000.0,NA,Canada,,North Jillfort,https://www.starkinteractiveinc.example.com,51,2021-05-25,1
2760,Shannon Robotics Co,Software & SaaS,Mid-Market,1364,368522000.0,NA,Canada,,Robertstad,https://www.shannonroboticsco.example.com,15,2021-06-25,1
2761,Cervantes Dynamics AG,Healthcare,SMB,26,3217000.0,APAC,India,,Hansenmouth,https://www.cervantesdynamicsag.example.com,13,2023-10-12,0
2762,Mercado Works AG,Software & SaaS,Mid-Market,200,46924000.0,EMEA,Sweden,,Thomasfurt,https://www.mercadoworksag.example.com,5,2023-04-26,1
2763,Brandt Digital Inc,Healthcare,SMB,17,2082000.0,APAC,India,,New Bettyberg,https://www.brandtdigitalinc.example.com,23,2023-07-21,1
2764,Bowers Analytics Inc,Energy & Utilities,Mid-Market,268,37208000.0,APAC,India,,Port Stacey,https://www.bowersanalyticsinc.example.com,50,2021-07-06,1
2765,Morales Labs GmbH,Healthcare,SMB,25,5465000.0,NA,Canada,,Jacobsmouth,https://www.moraleslabsgmbh.example.com,55,2021-03-05,1
2766,Roy Dynamics LLC,Manufacturing,SMB,12,2436000.0,EMEA,Spain,,East Kristen,https://www.roydynamicsllc.example.com,5,2023-06-05,1
2767,Simon Solutions Ltd,Biotech & Pharma,Enterprise,24598,6343190000.0,EMEA,Germany,,New Whitney,https://www.simonsolutionsltd.example.com,18,2021-04-23,1
2768,Gonzales Partners Co,Manufacturing,Mid-Market,525,160950000.0,NA,United States,NC,New Philip,https://www.gonzalespartnersco.example.com,15,2025-11-10,1
2769,Velasquez Cloud Corp,Logistics & Transportation,Mid-Market,1742,479474000.0,NA,Canada,,North Kelly,https://www.velasquezcloudcorp.example.com,10,2024-11-07,0
2770,Luna Interactive Group,Biotech & Pharma,Enterprise,15838,4236381000.0,EMEA,United Kingdom,,South Jacqueline,https://www.lunainteractivegroup.example.com,1,2021-09-16,1
2771,Hernandez Dynamics PLC,Logistics & Transportation,SMB,37,6879000.0,APAC,Singapore,,Shawmouth,https://www.hernandezdynamicsplc.example.com,13,2023-08-04,1
2772,Gray Networks Group,Financial Services,SMB,28,3019000.0,NA,United States,CA,Kanefurt,https://www.graynetworksgroup.example.com,43,2021-06-28,1
2773,Price Logistics PLC,Financial Services,SMB,47,4415000.0,APAC,India,,Myersshire,https://www.pricelogisticsplc.example.com,50,2025-12-02,1
2774,Hanna Ventures Group,Government & Public Sector,SMB,36,4061000.0,APAC,Singapore,,Chandlerchester,https://www.hannaventuresgroup.example.com,23,2023-07-13,1
2775,Haynes Labs GmbH,Government & Public Sector,SMB,36,7629000.0,APAC,Singapore,,South Alison,https://www.hayneslabsgmbh.example.com,13,2022-04-01,1
2776,Hawkins Partners PLC,Healthcare,Enterprise,18787,9725279000.0,NA,United States,MT,East Aprilstad,https://www.hawkinspartnersplc.example.com,53,2024-01-18,1
2777,Gardner Robotics Co,Education,SMB,10,1961000.0,NA,United States,MO,Brownland,https://www.gardnerroboticsco.example.com,24,2021-01-05,1
2778,Hensley Digital Inc,Financial Services,SMB,45,7110000.0,EMEA,Spain,,New Michaelside,https://www.hensleydigitalinc.example.com,1,2022-02-21,1
2779,Armstrong Bioscience LLC,Financial Services,SMB,24,5183000.0,NA,Canada,,West Edwardview,https://www.armstrongbiosciencellc.example.com,12,2021-12-03,1
2780,Stevenson Cloud Ltd,Biotech & Pharma,SMB,27,2945000.0,NA,United States,UT,Lake Saraburgh,https://www.stevensoncloudltd.example.com,51,2022-05-20,1
2781,Dunn Industries Ltd,Manufacturing,SMB,69,11226000.0,EMEA,Germany,,East Matthew,https://www.dunnindustriesltd.example.com,27,2021-04-30,1
2782,Huffman Interactive Inc,Financial Services,Mid-Market,477,71101000.0,NA,United States,WV,East Marystad,https://www.huffmaninteractiveinc.example.com,10,2026-03-19,1
2783,Christian Bioscience Inc,Logistics & Transportation,SMB,18,2049000.0,NA,Canada,,South Shannonfurt,https://www.christianbioscienceinc.example.com,37,2022-12-09,1
2784,Lowe Networks Ltd,Hospitality,SMB,87,11296000.0,LATAM,Colombia,,Port Jamesmouth,https://www.lowenetworksltd.example.com,44,2025-03-24,1
2785,Faulkner Ventures Corp,Professional Services,Mid-Market,864,270266000.0,NA,United States,DC,New Jennaborough,https://www.faulknerventurescorp.example.com,11,2021-03-24,0
2786,Christensen Health Co,Energy & Utilities,SMB,93,19736000.0,APAC,Japan,,West Jacqueline,https://www.christensenhealthco.example.com,41,2025-02-22,1
2787,Forbes Metrics Ltd,Professional Services,Mid-Market,645,93680000.0,NA,United States,DC,Dannyburgh,https://www.forbesmetricsltd.example.com,37,2023-11-28,1
2788,Trujillo Energy GmbH,Real Estate,SMB,55,11158000.0,NA,United States,AZ,Ortizshire,https://www.trujilloenergygmbh.example.com,10,2024-01-13,1
2789,Soto Bioscience Group,Construction,SMB,15,1549000.0,NA,Canada,,Lake Margaretport,https://www.sotobiosciencegroup.example.com,25,2024-11-15,1
2790,Romero Interactive PLC,Education,SMB,6,735000.0,NA,Canada,,Glennshire,https://www.romerointeractiveplc.example.com,29,2023-03-21,1
2791,Cowan Technologies GmbH,Media & Entertainment,Enterprise,7430,2220771000.0,NA,United States,PA,West Derekmouth,https://www.cowantechnologiesgmbh.example.com,52,2023-10-19,1
2792,Murillo Solutions AG,Non-Profit,Mid-Market,1672,352685000.0,APAC,Japan,,West Ronaldview,https://www.murillosolutionsag.example.com,23,2025-07-31,1
2793,Schmidt Metrics AG,Manufacturing,SMB,71,11877000.0,APAC,Australia,,South Sean,https://www.schmidtmetricsag.example.com,41,2021-06-21,1
2794,Murillo Ventures Inc,Retail & E-commerce,SMB,34,3331000.0,NA,United States,VA,East Dawnchester,https://www.murilloventuresinc.example.com,39,2021-03-19,0
2795,Soto Technologies Inc,Hospitality,Mid-Market,200,30359000.0,NA,Canada,,Robbinsstad,https://www.sototechnologiesinc.example.com,55,2026-05-19,1
2796,Cortez Logistics GmbH,Construction,Mid-Market,1098,164742000.0,EMEA,United Kingdom,,Lake Margaretport,https://www.cortezlogisticsgmbh.example.com,4,2025-06-04,1
2797,James Holdings LLC,Retail & E-commerce,SMB,18,2907000.0,NA,Canada,,Lake Stephen,https://www.jamesholdingsllc.example.com,31,2023-03-02,1
2798,Gomez Robotics Group,Media & Entertainment,Mid-Market,544,170577000.0,NA,Canada,,East Tara,https://www.gomezroboticsgroup.example.com,16,2024-09-13,1
2799,Pineda Technologies Co,Professional Services,Mid-Market,1265,296547000.0,NA,United States,GA,North Patrick,https://www.pinedatechnologiesco.example.com,28,2025-06-05,1
2800,Cain Partners Ltd,Logistics & Transportation,Mid-Market,342,58768000.0,NA,Canada,,Stevenland,https://www.cainpartnersltd.example.com,30,2022-12-08,1
2801,Gardner Industries Inc,Manufacturing,SMB,76,12615000.0,EMEA,Ireland,,Glennshire,https://www.gardnerindustriesinc.example.com,20,2021-05-19,1
2802,Patterson Solutions Ltd,Software & SaaS,SMB,16,2045000.0,NA,Canada,,Nixonland,https://www.pattersonsolutionsltd.example.com,33,2022-12-27,1
2803,Anderson Works Inc,Financial Services,Enterprise,66289,22793539000.0,EMEA,Netherlands,,Port Davidborough,https://www.andersonworksinc.example.com,6,2022-05-30,1
2804,Elliott Dynamics Corp,Healthcare,SMB,23,2946000.0,NA,Canada,,Port Anthonychester,https://www.elliottdynamicscorp.example.com,52,2021-02-08,1
2805,Perez Energy AG,Manufacturing,SMB,46,5510000.0,NA,United States,IN,Ianburgh,https://www.perezenergyag.example.com,52,2026-02-18,1
2806,Dillon Logistics LLC,Real Estate,SMB,13,2751000.0,EMEA,Ireland,,Angelamouth,https://www.dillonlogisticsllc.example.com,60,2024-04-03,1
2807,Mendoza Robotics Inc,Financial Services,SMB,29,4076000.0,NA,United States,VT,South Patriciamouth,https://www.mendozaroboticsinc.example.com,10,2024-09-24,1
2808,Hernandez Logistics Co,Software & SaaS,Mid-Market,644,177280000.0,APAC,India,,North Robert,https://www.hernandezlogisticsco.example.com,56,2023-08-02,1
2809,Jackson Cloud Group,Media & Entertainment,SMB,71,11792000.0,EMEA,Ireland,,Proctorberg,https://www.jacksoncloudgroup.example.com,4,2022-01-18,1
2810,Guzman Works Group,Software & SaaS,Mid-Market,585,172604000.0,APAC,Australia,,New Victor,https://www.guzmanworksgroup.example.com,50,2023-07-01,1
2811,Torres Networks Corp,Biotech & Pharma,SMB,37,4781000.0,NA,Canada,,Lake William,https://www.torresnetworkscorp.example.com,48,2024-01-17,1
2812,Phelps Dynamics LLC,Healthcare,SMB,80,14508000.0,NA,United States,FL,Hernandezborough,https://www.phelpsdynamicsllc.example.com,17,2023-08-03,1
2813,Ponce Technologies Inc,Professional Services,SMB,74,7636000.0,NA,Canada,,Port Jamesland,https://www.poncetechnologiesinc.example.com,34,2021-06-23,1
2814,Rose Foods AG,Manufacturing,Mid-Market,298,90449000.0,EMEA,United Kingdom,,South Rebeccaton,https://www.rosefoodsag.example.com,21,2024-12-03,1
2815,Holt Interactive GmbH,Automotive,SMB,31,3079000.0,EMEA,Ireland,,Kristyport,https://www.holtinteractivegmbh.example.com,21,2022-03-07,1
2816,Briggs Dynamics Corp,Logistics & Transportation,SMB,5,934000.0,NA,United States,MO,Andrewfort,https://www.briggsdynamicscorp.example.com,55,2022-08-13,1
2817,Barton Dynamics GmbH,Construction,Mid-Market,242,74196000.0,NA,United States,UT,East Jaredfort,https://www.bartondynamicsgmbh.example.com,52,2023-05-05,1
2818,Kane Holdings AG,Retail & E-commerce,SMB,13,2398000.0,NA,Canada,,North Logan,https://www.kaneholdingsag.example.com,30,2026-04-28,1
2819,Stewart Interactive Corp,Telecommunications,SMB,56,6969000.0,NA,United States,NC,Gonzalezmouth,https://www.stewartinteractivecorp.example.com,8,2022-03-25,1
2820,Keith Energy LLC,Software & SaaS,SMB,9,1225000.0,NA,Canada,,South Jonathanbury,https://www.keithenergyllc.example.com,55,2021-03-04,1
2821,Woods Dynamics LLC,Retail & E-commerce,Mid-Market,409,123157000.0,EMEA,France,,Jamestown,https://www.woodsdynamicsllc.example.com,45,2026-04-03,1
2822,Li Works AG,Healthcare,SMB,24,5147000.0,LATAM,Brazil,,New Jennaborough,https://www.liworksag.example.com,40,2026-02-11,1
2823,Morgan Partners AG,Professional Services,SMB,40,4143000.0,NA,United States,MS,Garyport,https://www.morganpartnersag.example.com,52,2021-10-12,1
2824,Blackburn Solutions PLC,Logistics & Transportation,SMB,95,10812000.0,NA,United States,KS,Millsland,https://www.blackburnsolutionsplc.example.com,25,2025-01-03,1
2825,Rios Networks PLC,Education,SMB,20,2918000.0,NA,United States,AR,Port Lisaville,https://www.riosnetworksplc.example.com,11,2025-10-06,1
2826,Tate Energy Group,Healthcare,SMB,19,2407000.0,NA,Canada,,South Danielberg,https://www.tateenergygroup.example.com,31,2021-01-21,1
2827,Landry Logistics Co,Software & SaaS,SMB,30,5231000.0,EMEA,Spain,,Roblesberg,https://www.landrylogisticsco.example.com,4,2024-06-28,1
2828,Trujillo Health Corp,Energy & Utilities,SMB,41,7371000.0,NA,United States,LA,New Katieburgh,https://www.trujillohealthcorp.example.com,48,2021-09-16,1
2829,Dickerson Solutions Corp,Retail & E-commerce,SMB,28,4436000.0,LATAM,Chile,,Moniqueport,https://www.dickersonsolutionscorp.example.com,44,2024-12-30,1
2830,Kennedy Analytics PLC,Manufacturing,Mid-Market,697,172707000.0,APAC,Australia,,Kristyport,https://www.kennedyanalyticsplc.example.com,56,2021-02-03,1
2831,Valencia Analytics Co,Construction,SMB,69,11692000.0,NA,United States,WY,Wilcoxfort,https://www.valenciaanalyticsco.example.com,28,2024-02-14,1
2832,Melton Ventures Corp,Software & SaaS,SMB,17,2488000.0,APAC,Japan,,Robertsonland,https://www.meltonventurescorp.example.com,23,2024-12-10,1
2833,Owen Dynamics Group,Education,Enterprise,28274,8457611000.0,EMEA,United Kingdom,,Welchchester,https://www.owendynamicsgroup.example.com,60,2021-02-25,1
2834,Hess Robotics Ltd,Software & SaaS,Mid-Market,358,67481000.0,LATAM,Colombia,,Roblesberg,https://www.hessroboticsltd.example.com,40,2024-07-04,1
2835,Maldonado Energy Co,Energy & Utilities,Mid-Market,493,150421000.0,NA,United States,MH,Chloeview,https://www.maldonadoenergyco.example.com,2,2021-06-14,1
2836,Hansen Robotics Inc,Logistics & Transportation,SMB,34,6421000.0,LATAM,Chile,,Jamesfurt,https://www.hansenroboticsinc.example.com,44,2021-04-21,1
2837,Orr Ventures PLC,Telecommunications,SMB,44,4201000.0,NA,United States,NE,Morganville,https://www.orrventuresplc.example.com,29,2025-10-09,1
2838,Bauer Technologies Corp,Real Estate,SMB,23,3006000.0,NA,United States,ME,Kimberlyberg,https://www.bauertechnologiescorp.example.com,30,2025-10-17,1
2839,Larsen Labs Corp,Software & SaaS,SMB,59,10560000.0,APAC,Australia,,West Brian,https://www.larsenlabscorp.example.com,41,2024-06-04,1
2840,Vincent Analytics AG,Healthcare,SMB,35,4650000.0,NA,Canada,,New Jasminefort,https://www.vincentanalyticsag.example.com,53,2025-06-25,1
2841,Beard Systems PLC,Healthcare,SMB,57,5712000.0,NA,Canada,,Fullerview,https://www.beardsystemsplc.example.com,48,2021-01-28,1
2842,Humphrey Robotics Inc,Media & Entertainment,SMB,36,4855000.0,NA,United States,NH,North Roger,https://www.humphreyroboticsinc.example.com,38,2023-02-27,1
2843,Newman Partners PLC,Healthcare,SMB,41,7482000.0,NA,United States,GU,Lake Sean,https://www.newmanpartnersplc.example.com,26,2025-05-07,1
2844,Boone Health Group,Logistics & Transportation,SMB,19,2011000.0,NA,United States,KY,Donaldchester,https://www.boonehealthgroup.example.com,55,2025-07-02,1
2845,Adkins Networks PLC,Retail & E-commerce,SMB,19,3500000.0,NA,United States,TX,West Michellefort,https://www.adkinsnetworksplc.example.com,15,2022-06-17,1
2846,Chen Logistics Corp,Media & Entertainment,Mid-Market,200,28900000.0,EMEA,Netherlands,,West Michellefort,https://www.chenlogisticscorp.example.com,18,2022-04-13,1
2847,Davenport Holdings Ltd,Manufacturing,Mid-Market,478,73497000.0,APAC,India,,Simmonsstad,https://www.davenportholdingsltd.example.com,50,2024-03-05,1
2848,Stone Networks PLC,Biotech & Pharma,SMB,79,15074000.0,NA,Canada,,Kimberlyberg,https://www.stonenetworksplc.example.com,22,2021-03-25,1
2849,Cervantes Analytics LLC,Construction,SMB,50,8629000.0,APAC,Australia,,South Rebeccaton,https://www.cervantesanalyticsllc.example.com,13,2024-09-12,1
2850,Morton Dynamics LLC,Manufacturing,SMB,14,1705000.0,EMEA,Spain,,Jeremystad,https://www.mortondynamicsllc.example.com,1,2021-12-21,1
2851,Graham Works PLC,Non-Profit,SMB,36,7009000.0,EMEA,Netherlands,,Townsendbury,https://www.grahamworksplc.example.com,45,2023-03-14,1
2852,Love Analytics Inc,Professional Services,Mid-Market,1362,281615000.0,EMEA,Sweden,,Turnerside,https://www.loveanalyticsinc.example.com,27,2021-10-01,1
2853,Turner Partners GmbH,Financial Services,SMB,5,589000.0,APAC,Singapore,,East Julie,https://www.turnerpartnersgmbh.example.com,56,2024-05-20,1
2854,Soto Industries Corp,Media & Entertainment,SMB,20,4155000.0,NA,Canada,,Kimberlyberg,https://www.sotoindustriescorp.example.com,49,2026-02-06,1
2855,Blanchard Ventures Inc,Manufacturing,SMB,65,11821000.0,EMEA,United Kingdom,,Port Wesleyville,https://www.blanchardventuresinc.example.com,42,2023-04-17,1
2856,Bowman Foods PLC,Professional Services,SMB,28,2719000.0,APAC,India,,Gonzalezmouth,https://www.bowmanfoodsplc.example.com,23,2026-01-13,1
2857,Gutierrez Foods AG,Government & Public Sector,SMB,34,6593000.0,EMEA,United Kingdom,,South Emily,https://www.gutierrezfoodsag.example.com,58,2022-08-25,1
2858,Salinas Materials Inc,Education,SMB,5,779000.0,NA,Canada,,Port Lisaville,https://www.salinasmaterialsinc.example.com,59,2022-02-17,0
2859,Rhodes Logistics AG,Education,Enterprise,10182,2692821000.0,EMEA,Sweden,,Garyport,https://www.rhodeslogisticsag.example.com,19,2025-02-04,1
2860,Mitchell Cloud Corp,Telecommunications,SMB,23,3423000.0,EMEA,Netherlands,,Simmonsstad,https://www.mitchellcloudcorp.example.com,58,2021-03-01,1
2861,Stafford Systems PLC,Retail & E-commerce,SMB,40,5787000.0,NA,United States,FM,Baileystad,https://www.staffordsystemsplc.example.com,48,2022-02-09,1
2862,Cole Logistics Group,Retail & E-commerce,SMB,44,7430000.0,EMEA,Sweden,,Lake Wendybury,https://www.colelogisticsgroup.example.com,58,2024-02-13,1
2863,Prince Industries Inc,Media & Entertainment,SMB,65,11973000.0,APAC,Singapore,,East Marisa,https://www.princeindustriesinc.example.com,41,2021-09-28,1
2864,Wiley Networks AG,Professional Services,SMB,27,5575000.0,EMEA,France,,Abbottport,https://www.wileynetworksag.example.com,27,2025-06-25,1
2865,Whitaker Robotics Ltd,Education,SMB,27,3388000.0,NA,Canada,,Rodriguezfort,https://www.whitakerroboticsltd.example.com,39,2022-12-29,1
2866,Perkins Systems Group,Financial Services,Mid-Market,1073,189634000.0,EMEA,United Kingdom,,East Ericbury,https://www.perkinssystemsgroup.example.com,46,2021-12-16,1
2867,Park Bioscience Corp,Financial Services,SMB,11,1892000.0,EMEA,Spain,,Port Steveport,https://www.parkbiosciencecorp.example.com,1,2022-06-23,1
2868,Davies Labs PLC,Manufacturing,SMB,27,4839000.0,NA,Canada,,Campbellport,https://www.davieslabsplc.example.com,53,2022-02-14,1
2869,Ramsey Networks Group,Education,SMB,12,2133000.0,EMEA,Germany,,Welchchester,https://www.ramseynetworksgroup.example.com,36,2024-03-06,1
2870,Duncan Robotics PLC,Manufacturing,SMB,7,1079000.0,NA,United States,MN,West Travischester,https://www.duncanroboticsplc.example.com,11,2021-06-03,1
2871,Holloway Metrics Inc,Manufacturing,SMB,14,1972000.0,APAC,Singapore,,Kimberlybury,https://www.hollowaymetricsinc.example.com,41,2025-03-17,1
2872,Buckley Robotics AG,Government & Public Sector,Mid-Market,592,143943000.0,EMEA,Ireland,,New Donna,https://www.buckleyroboticsag.example.com,3,2021-07-28,1
2873,Freeman Robotics PLC,Hospitality,SMB,98,18533000.0,APAC,Japan,,Pamelaville,https://www.freemanroboticsplc.example.com,13,2022-02-10,1
2874,Black Solutions Corp,Retail & E-commerce,SMB,25,3225000.0,EMEA,United Kingdom,,North Patrick,https://www.blacksolutionscorp.example.com,20,2023-10-03,1
2875,Jacobs Foods Ltd,Telecommunications,Mid-Market,759,228505000.0,NA,United States,TX,Angelaland,https://www.jacobsfoodsltd.example.com,38,2022-06-02,1
2876,Berry Robotics LLC,Retail & E-commerce,SMB,37,4331000.0,EMEA,UAE,,West Williamfurt,https://www.berryroboticsllc.example.com,45,2023-02-23,1
2877,Rios Dynamics Co,Media & Entertainment,SMB,21,3380000.0,NA,United States,MH,West Kellyland,https://www.riosdynamicsco.example.com,26,2023-06-08,1
2878,Navarro Ventures Corp,Healthcare,SMB,8,998000.0,NA,United States,WV,New Elizabethshire,https://www.navarroventurescorp.example.com,34,2021-12-31,0
2879,Murphy Metrics Corp,Retail & E-commerce,Mid-Market,339,73972000.0,NA,Canada,,North Dustinview,https://www.murphymetricscorp.example.com,16,2023-04-03,1
2880,Paul Bioscience GmbH,Education,SMB,63,5942000.0,EMEA,France,,East Joshuaberg,https://www.paulbiosciencegmbh.example.com,3,2025-12-10,1
2881,Rivers Solutions Corp,Retail & E-commerce,Mid-Market,2000,461548000.0,EMEA,UAE,,Rojastown,https://www.riverssolutionscorp.example.com,20,2021-01-05,1
2882,Ochoa Foods Inc,Real Estate,Mid-Market,2000,409253000.0,NA,Canada,,New Matthew,https://www.ochoafoodsinc.example.com,30,2023-08-01,1
2883,Moon Logistics Co,Healthcare,Mid-Market,715,186982000.0,NA,Canada,,Jensenport,https://www.moonlogisticsco.example.com,15,2022-04-06,1
2884,Cole Energy Inc,Software & SaaS,Enterprise,10433,1691255000.0,NA,United States,NY,Keithfort,https://www.coleenergyinc.example.com,37,2025-04-07,1
2885,Pratt Digital Co,Non-Profit,Mid-Market,2000,280276000.0,NA,United States,AS,Cassandraberg,https://www.prattdigitalco.example.com,53,2021-05-17,1
2886,Kelly Logistics PLC,Manufacturing,Mid-Market,379,49163000.0,NA,Canada,,South Amandaville,https://www.kellylogisticsplc.example.com,8,2021-03-25,1
2887,Cervantes Works Inc,Healthcare,Mid-Market,247,61322000.0,APAC,Singapore,,Brittanyland,https://www.cervantesworksinc.example.com,23,2022-09-01,1
2888,Juarez Solutions Inc,Retail & E-commerce,Mid-Market,371,84208000.0,APAC,India,,North Joanland,https://www.juarezsolutionsinc.example.com,13,2024-01-01,1
2889,Gates Networks Corp,Financial Services,Mid-Market,536,107989000.0,LATAM,Mexico,,South Jonathanbury,https://www.gatesnetworkscorp.example.com,40,2021-01-12,1
2890,Cordova Cloud Co,Telecommunications,Enterprise,22618,10579775000.0,NA,Canada,,Bishopview,https://www.cordovacloudco.example.com,55,2024-11-28,1
2891,Massey Solutions Inc,Healthcare,SMB,6,580000.0,NA,Canada,,East Ericbury,https://www.masseysolutionsinc.example.com,37,2022-05-04,1
2892,Thompson Technologies Group,Automotive,Mid-Market,2000,373597000.0,NA,Canada,,Sawyerland,https://www.thompsontechnologiesgrou.example.com,2,2025-10-08,1
2893,Andersen Works PLC,Healthcare,SMB,20,3607000.0,EMEA,United Kingdom,,South Michael,https://www.andersenworksplc.example.com,20,2025-08-26,1
2894,Cannon Holdings Ltd,Manufacturing,Mid-Market,512,66745000.0,EMEA,Netherlands,,Caseyton,https://www.cannonholdingsltd.example.com,6,2024-07-26,1
2895,Valencia Interactive Co,Logistics & Transportation,SMB,30,6495000.0,EMEA,Netherlands,,Jamesfurt,https://www.valenciainteractiveco.example.com,27,2024-05-25,1
2896,Owens Analytics Inc,Software & SaaS,Mid-Market,331,84773000.0,NA,Canada,,North Terri,https://www.owensanalyticsinc.example.com,34,2023-08-14,0
2897,Dillon Health GmbH,Software & SaaS,Mid-Market,322,65783000.0,EMEA,Germany,,North Andrewfort,https://www.dillonhealthgmbh.example.com,54,2024-10-15,1
2898,Haney Analytics Ltd,Financial Services,Enterprise,44983,14859474000.0,LATAM,Colombia,,New Megan,https://www.haneyanalyticsltd.example.com,44,2021-09-15,1
2899,Bowers Industries Corp,Software & SaaS,SMB,37,5517000.0,NA,Canada,,Jacobsmouth,https://www.bowersindustriescorp.example.com,11,2024-12-10,1
2900,Simon Technologies Ltd,Real Estate,Mid-Market,1487,310863000.0,APAC,Singapore,,Nixonland,https://www.simontechnologiesltd.example.com,50,2023-06-02,1
2901,Nichols Ventures LLC,Government & Public Sector,Mid-Market,1336,399048000.0,EMEA,Netherlands,,Bentleyside,https://www.nicholsventuresllc.example.com,60,2024-09-16,1
2902,Delgado Industries PLC,Manufacturing,Enterprise,9431,3953103000.0,NA,United States,VT,Thompsonton,https://www.delgadoindustriesplc.example.com,48,2023-01-20,1
2903,Contreras Cloud Group,Logistics & Transportation,Enterprise,51540,26033700000.0,APAC,India,,North Andrewfort,https://www.contrerascloudgroup.example.com,50,2023-10-12,1
2904,Pace Health Inc,Education,SMB,18,1964000.0,APAC,New Zealand,,Lake Ronniebury,https://www.pacehealthinc.example.com,13,2022-05-12,1
2905,Massey Systems Group,Software & SaaS,SMB,7,1374000.0,EMEA,Germany,,Lake Mitchell,https://www.masseysystemsgroup.example.com,58,2022-09-28,1
2906,Rasmussen Holdings Corp,Retail & E-commerce,SMB,17,2108000.0,NA,Canada,,Lake Pamela,https://www.rasmussenholdingscorp.example.com,17,2022-06-15,1
2907,Dunlap Energy Corp,Construction,Enterprise,20875,3361278000.0,NA,Canada,,Mclaughlinmouth,https://www.dunlapenergycorp.example.com,8,2024-06-03,1
2908,Yu Holdings Group,Financial Services,SMB,18,3950000.0,EMEA,Netherlands,,East Sarah,https://www.yuholdingsgroup.example.com,60,2021-10-14,1
2909,Cherry Materials GmbH,Software & SaaS,Mid-Market,439,117437000.0,NA,United States,MA,North Sheenaborough,https://www.cherrymaterialsgmbh.example.com,49,2025-11-12,0
2910,Clements Digital Group,Healthcare,Mid-Market,200,32778000.0,NA,Canada,,East Marystad,https://www.clementsdigitalgroup.example.com,31,2025-01-03,1
2911,Price Works LLC,Logistics & Transportation,SMB,17,2775000.0,NA,Canada,,Kevinbury,https://www.priceworksllc.example.com,35,2025-04-06,1
2912,Mathis Health Group,Hospitality,SMB,65,7816000.0,NA,Canada,,Thompsonstad,https://www.mathishealthgroup.example.com,49,2025-09-18,1
2913,Hawkins Robotics Corp,Manufacturing,SMB,12,1854000.0,EMEA,France,,North Joanland,https://www.hawkinsroboticscorp.example.com,6,2022-10-19,1
2914,Prince Cloud Inc,Manufacturing,Mid-Market,271,68138000.0,EMEA,Germany,,West Angelbury,https://www.princecloudinc.example.com,4,2025-06-30,0
2915,Mccann Partners Inc,Manufacturing,SMB,39,5210000.0,NA,United States,MN,Port Heather,https://www.mccannpartnersinc.example.com,33,2022-11-02,1
2916,Herring Energy LLC,Hospitality,SMB,35,6697000.0,EMEA,Ireland,,Smithmouth,https://www.herringenergyllc.example.com,5,2021-05-24,1
2917,Dalton Energy Corp,Retail & E-commerce,Mid-Market,2000,292902000.0,NA,Canada,,Christinachester,https://www.daltonenergycorp.example.com,48,2021-03-13,1
2918,Peterson Networks AG,Healthcare,SMB,64,6640000.0,NA,United States,CT,New Karenside,https://www.petersonnetworksag.example.com,34,2021-03-30,1
2919,Marks Works Ltd,Financial Services,Mid-Market,1060,168342000.0,NA,United States,DC,Lake Jose,https://www.marksworksltd.example.com,2,2021-09-27,1
2920,Thompson Logistics Inc,Software & SaaS,SMB,28,5639000.0,NA,United States,WV,Amybury,https://www.thompsonlogisticsinc.example.com,55,2022-06-09,1
2921,Holland Metrics Inc,Construction,SMB,57,10816000.0,NA,United States,FM,Christinachester,https://www.hollandmetricsinc.example.com,55,2026-05-05,1
2922,Farmer Dynamics Inc,Retail & E-commerce,SMB,27,5453000.0,EMEA,Sweden,,East Ralphshire,https://www.farmerdynamicsinc.example.com,60,2021-12-10,1
2923,Barron Logistics Inc,Software & SaaS,SMB,43,8873000.0,NA,United States,GU,Allenbury,https://www.barronlogisticsinc.example.com,17,2025-09-16,1
2924,Fernandez Logistics Co,Non-Profit,SMB,10,1199000.0,EMEA,Ireland,,Mejiabury,https://www.fernandezlogisticsco.example.com,6,2024-11-26,1
2925,Pittman Networks PLC,Construction,Mid-Market,664,174519000.0,NA,United States,MN,Bishopview,https://www.pittmannetworksplc.example.com,37,2025-04-03,1
2926,Foley Ventures Corp,Financial Services,SMB,5,789000.0,EMEA,Ireland,,South Michaelfurt,https://www.foleyventurescorp.example.com,46,2024-09-20,1
2927,Marks Energy Corp,Healthcare,SMB,41,8220000.0,EMEA,France,,North Peterburgh,https://www.marksenergycorp.example.com,20,2026-04-07,0
2928,Curtis Ventures Ltd,Construction,SMB,43,5980000.0,NA,Canada,,West Stephanie,https://www.curtisventuresltd.example.com,11,2021-06-15,0
2929,Villanueva Materials Corp,Software & SaaS,SMB,45,4403000.0,EMEA,France,,Chandlerchester,https://www.villanuevamaterialscorp.example.com,42,2022-12-25,1
2930,Tran Analytics GmbH,Healthcare,Enterprise,11129,4485146000.0,EMEA,UAE,,Carlshire,https://www.trananalyticsgmbh.example.com,46,2022-05-16,1
2931,Salinas Dynamics PLC,Retail & E-commerce,SMB,21,2686000.0,NA,United States,IL,Thomasfurt,https://www.salinasdynamicsplc.example.com,17,2022-02-14,1
2932,Pratt Industries AG,Real Estate,Enterprise,15745,3191679000.0,EMEA,France,,Laurenborough,https://www.prattindustriesag.example.com,58,2022-11-08,1
2933,Mayo Labs Inc,Manufacturing,SMB,96,11659000.0,EMEA,United Kingdom,,Savageview,https://www.mayolabsinc.example.com,3,2022-12-27,1
2934,Alexander Analytics Corp,Healthcare,SMB,22,4468000.0,NA,Canada,,East Ralphshire,https://www.alexanderanalyticscorp.example.com,35,2026-06-01,1
2935,Barajas Analytics GmbH,Telecommunications,SMB,43,6463000.0,APAC,Japan,,Alvarezburgh,https://www.barajasanalyticsgmbh.example.com,13,2022-01-10,1
2936,Hudson Partners PLC,Hospitality,SMB,49,8764000.0,NA,United States,MA,New Joanne,https://www.hudsonpartnersplc.example.com,24,2025-09-12,1
2937,Reed Technologies PLC,Software & SaaS,Mid-Market,2000,290356000.0,EMEA,Sweden,,North Kevintown,https://www.reedtechnologiesplc.example.com,18,2021-09-01,1
2938,Caldwell Labs Co,Financial Services,SMB,114,24519000.0,APAC,Australia,,Davishaven,https://www.caldwelllabsco.example.com,56,2023-12-18,1
2939,Maldonado Logistics Corp,Education,SMB,24,3093000.0,LATAM,Chile,,Alvarezshire,https://www.maldonadologisticscorp.example.com,44,2022-03-16,1
2940,Weaver Partners PLC,Healthcare,Mid-Market,2000,352078000.0,EMEA,UAE,,Fitzgeraldview,https://www.weaverpartnersplc.example.com,4,2026-02-23,1
2941,Shepherd Works Co,Energy & Utilities,Mid-Market,615,184261000.0,EMEA,Germany,,Davisborough,https://www.shepherdworksco.example.com,19,2023-10-20,1
2942,Marks Health Corp,Financial Services,Enterprise,82989,26960422000.0,NA,United States,AK,Wilsonmouth,https://www.markshealthcorp.example.com,55,2021-03-30,1
2943,Mcclure Capital Corp,Professional Services,Enterprise,7894,3669459000.0,NA,Canada,,Williammouth,https://www.mcclurecapitalcorp.example.com,9,2025-10-20,1
2944,Bell Capital LLC,Healthcare,Mid-Market,624,167022000.0,APAC,Singapore,,Amberton,https://www.bellcapitalllc.example.com,23,2022-03-02,1
2945,Acosta Systems GmbH,Healthcare,Mid-Market,408,124804000.0,NA,United States,NE,Moniqueport,https://www.acostasystemsgmbh.example.com,39,2025-11-03,1
2946,Gamble Holdings GmbH,Financial Services,Mid-Market,510,151147000.0,APAC,Japan,,Lake Wendybury,https://www.gambleholdingsgmbh.example.com,56,2021-01-22,1
2947,Santiago Materials Inc,Financial Services,SMB,19,3590000.0,NA,Canada,,Angelaland,https://www.santiagomaterialsinc.example.com,35,2021-11-11,1
2948,Aguilar Cloud Corp,Media & Entertainment,Mid-Market,207,37781000.0,NA,Canada,,Port Jordanshire,https://www.aguilarcloudcorp.example.com,52,2022-02-03,1
2949,Ruiz Ventures PLC,Media & Entertainment,SMB,10,930000.0,NA,United States,VA,Sparksmouth,https://www.ruizventuresplc.example.com,48,2024-02-06,1
2950,Erickson Partners LLC,Professional Services,Mid-Market,206,50774000.0,EMEA,Spain,,North Williamhaven,https://www.ericksonpartnersllc.example.com,19,2024-10-24,1
2951,Bray Energy Group,Education,Enterprise,12914,2398627000.0,NA,United States,MD,West David,https://www.brayenergygroup.example.com,52,2023-10-11,1
2952,Branch Technologies AG,Retail & E-commerce,SMB,101,10457000.0,NA,United States,DE,Port Carloschester,https://www.branchtechnologiesag.example.com,48,2021-03-26,1
2953,Ortega Metrics GmbH,Professional Services,Mid-Market,200,39148000.0,LATAM,Argentina,,North Charles,https://www.ortegametricsgmbh.example.com,44,2022-10-14,1
2954,Barber Networks GmbH,Software & SaaS,Enterprise,45683,23584345000.0,EMEA,France,,West Natasha,https://www.barbernetworksgmbh.example.com,57,2023-01-21,1
2955,Lindsey Systems AG,Telecommunications,SMB,43,4775000.0,EMEA,Netherlands,,Quinnhaven,https://www.lindseysystemsag.example.com,45,2022-06-08,1
2956,Wallace Networks PLC,Logistics & Transportation,SMB,44,5747000.0,NA,United States,ME,Schwartzmouth,https://www.wallacenetworksplc.example.com,15,2022-09-21,1
2957,Mcguire Works Group,Financial Services,Enterprise,26302,9708092000.0,NA,United States,MH,Smithfort,https://www.mcguireworksgroup.example.com,28,2022-12-29,1
2958,Good Ventures AG,Education,Enterprise,12352,3732745000.0,EMEA,Netherlands,,Angelatown,https://www.goodventuresag.example.com,4,2023-05-12,1
2959,Tate Systems Co,Automotive,SMB,200,28478000.0,NA,Canada,,Robertstad,https://www.tatesystemsco.example.com,38,2023-10-12,1
2960,Berry Networks Co,Manufacturing,SMB,40,6080000.0,NA,United States,WV,Rojastown,https://www.berrynetworksco.example.com,59,2021-10-29,0
2961,Dunn Foods Co,Education,Mid-Market,1426,369934000.0,APAC,Australia,,New Jennaborough,https://www.dunnfoodsco.example.com,50,2025-08-08,1
2962,Church Systems Co,Retail & E-commerce,SMB,11,1341000.0,NA,Canada,,North Joanland,https://www.churchsystemsco.example.com,51,2024-12-31,1
2963,Allison Metrics Co,Manufacturing,SMB,27,2662000.0,APAC,India,,South Rebeccaton,https://www.allisonmetricsco.example.com,50,2024-09-25,1
2964,Weaver Energy PLC,Healthcare,SMB,15,2671000.0,NA,Canada,,East Craigfurt,https://www.weaverenergyplc.example.com,37,2024-11-14,1
2965,Cruz Energy LLC,Financial Services,SMB,23,2141000.0,NA,Canada,,New Stephaniefurt,https://www.cruzenergyllc.example.com,10,2023-03-20,1
2966,Best Energy Corp,Financial Services,SMB,23,4490000.0,NA,Canada,,Shaunhaven,https://www.bestenergycorp.example.com,26,2026-01-23,1
2967,Vang Labs Ltd,Real Estate,Mid-Market,200,37938000.0,APAC,India,,Ianburgh,https://www.vanglabsltd.example.com,23,2022-06-16,1
2968,West Interactive Ltd,Healthcare,Mid-Market,2000,240527000.0,EMEA,Germany,,Jaimetown,https://www.westinteractiveltd.example.com,20,2022-09-22,1
2969,Cunningham Technologies PLC,Logistics & Transportation,Mid-Market,365,50657000.0,EMEA,Netherlands,,Alexandrachester,https://www.cunninghamtechnologiespl.example.com,45,2024-12-09,1
2970,Herrera Labs Corp,Financial Services,SMB,20,4216000.0,NA,United States,MA,Kevinbury,https://www.herreralabscorp.example.com,37,2025-04-29,1
2971,Obrien Dynamics AG,Financial Services,SMB,11,2006000.0,APAC,India,,Lake Margaretport,https://www.obriendynamicsag.example.com,23,2022-11-10,1
2972,Hooper Labs Inc,Media & Entertainment,SMB,104,17417000.0,EMEA,France,,West Robertfort,https://www.hooperlabsinc.example.com,45,2025-03-04,1
2973,Romero Labs PLC,Media & Entertainment,SMB,39,6841000.0,EMEA,Ireland,,Cassandraberg,https://www.romerolabsplc.example.com,54,2023-10-18,0
2974,Dunlap Metrics LLC,Logistics & Transportation,SMB,26,4545000.0,EMEA,Germany,,Port Daniel,https://www.dunlapmetricsllc.example.com,6,2022-07-25,1
2975,Sanford Systems Ltd,Energy & Utilities,SMB,55,11612000.0,EMEA,Ireland,,Brooksville,https://www.sanfordsystemsltd.example.com,57,2025-08-25,1
2976,Martinez Health Inc,Education,SMB,45,9691000.0,EMEA,United Kingdom,,South Davidview,https://www.martinezhealthinc.example.com,58,2023-02-09,1
2977,Ali Systems Group,Financial Services,SMB,38,5528000.0,NA,Canada,,New Alanhaven,https://www.alisystemsgroup.example.com,47,2025-03-06,1
2978,Molina Works Corp,Software & SaaS,Mid-Market,2000,548405000.0,APAC,India,,Mccannville,https://www.molinaworkscorp.example.com,50,2024-12-02,1
2979,Ali Robotics Inc,Healthcare,Mid-Market,480,65665000.0,NA,Canada,,West Michael,https://www.aliroboticsinc.example.com,16,2021-05-17,1
2980,Simpson Digital Group,Retail & E-commerce,Enterprise,46103,7700293000.0,LATAM,Argentina,,Rojastown,https://www.simpsondigitalgroup.example.com,40,2025-05-06,1
2981,Yang Systems Ltd,Financial Services,Mid-Market,200,47977000.0,NA,United States,OK,Dannyburgh,https://www.yangsystemsltd.example.com,29,2021-08-24,1
2982,Castro Bioscience LLC,Retail & E-commerce,SMB,52,8851000.0,NA,Canada,,Jamesfurt,https://www.castrobiosciencellc.example.com,49,2024-12-04,1
2983,Little Ventures Ltd,Software & SaaS,SMB,34,6608000.0,NA,Canada,,Janetmouth,https://www.littleventuresltd.example.com,49,2024-07-01,1
2984,Goodman Labs Co,Retail & E-commerce,SMB,52,4687000.0,EMEA,Netherlands,,North Timothyport,https://www.goodmanlabsco.example.com,6,2024-05-27,1
2985,Benitez Foods GmbH,Manufacturing,SMB,55,8718000.0,NA,Canada,,South Patrick,https://www.benitezfoodsgmbh.example.com,15,2025-10-09,1
2986,Oconnell Cloud Ltd,Construction,SMB,35,6121000.0,APAC,Singapore,,Port Carloschester,https://www.oconnellcloudltd.example.com,50,2023-08-12,0
2987,Arroyo Dynamics Co,Government & Public Sector,SMB,26,4764000.0,EMEA,France,,Livingstonview,https://www.arroyodynamicsco.example.com,42,2022-05-09,1
2988,Armstrong Technologies GmbH,Construction,SMB,99,13656000.0,NA,United States,MP,Rodriguezview,https://www.armstrongtechnologiesgmb.example.com,16,2023-07-24,1
2989,Sanders Health LLC,Education,SMB,22,2826000.0,EMEA,Netherlands,,Saraport,https://www.sandershealthllc.example.com,42,2024-02-26,1
2990,Fletcher Systems Ltd,Construction,Mid-Market,1656,482816000.0,EMEA,Ireland,,Caseyton,https://www.fletchersystemsltd.example.com,57,2022-06-15,0
2991,Trujillo Energy Group,Financial Services,Mid-Market,1809,485210000.0,APAC,Singapore,,North Andrewfort,https://www.trujilloenergygroup.example.com,41,2021-12-27,1
2992,Mckinney Materials Co,Logistics & Transportation,Mid-Market,320,64860000.0,NA,United States,MP,Rebeccaberg,https://www.mckinneymaterialsco.example.com,25,2023-01-12,1
2993,Lin Digital Co,Real Estate,Mid-Market,493,79728000.0,APAC,Japan,,North Stacy,https://www.lindigitalco.example.com,23,2025-07-24,1
2994,Hines Logistics Ltd,Retail & E-commerce,SMB,42,4774000.0,NA,Canada,,Hahnberg,https://www.hineslogisticsltd.example.com,37,2023-10-11,1
2995,Hansen Holdings Group,Financial Services,SMB,43,6988000.0,EMEA,UAE,,East Jenny,https://www.hansenholdingsgroup.example.com,3,2025-07-21,1
2996,Davis Systems Ltd,Education,Mid-Market,320,97442000.0,EMEA,Spain,,Jillton,https://www.davissystemsltd.example.com,6,2022-12-20,1
2997,Patterson Foods LLC,Construction,SMB,20,4190000.0,NA,Canada,,Lake Kelly,https://www.pattersonfoodsllc.example.com,38,2025-12-30,1
2998,Mendoza Materials LLC,Logistics & Transportation,SMB,17,3510000.0,NA,Canada,,West Erinville,https://www.mendozamaterialsllc.example.com,47,2024-10-08,1
2999,Anthony Digital Inc,Financial Services,SMB,24,3283000.0,EMEA,Sweden,,Pamelaville,https://www.anthonydigitalinc.example.com,57,2022-06-02,1
3000,Garza Energy Co,Software & SaaS,Enterprise,47776,17737141000.0,NA,Canada,,South Sean,https://www.garzaenergyco.example.com,33,2022-11-09,1
3001,Torres Digital Corp,Software & SaaS,Mid-Market,577,134603000.0,NA,Canada,,Angelaland,https://www.torresdigitalcorp.example.com,53,2026-07-16,1
3002,Kim Industries GmbH,Real Estate,SMB,21,2594000.0,NA,United States,MI,Smithmouth,https://www.kimindustriesgmbh.example.com,10,2026-01-27,1
3003,Ellis Interactive Corp,Retail & E-commerce,Mid-Market,685,137743000.0,EMEA,Sweden,,East Patriciamouth,https://www.ellisinteractivecorp.example.com,1,2022-09-08,1
3004,Delacruz Cloud Ltd,Financial Services,SMB,10,1925000.0,NA,Canada,,North Joel,https://www.delacruzcloudltd.example.com,31,2025-01-17,1
3005,Conley Bioscience AG,Hospitality,SMB,19,3501000.0,NA,United States,CO,Lake William,https://www.conleybioscienceag.example.com,15,2025-09-08,1
3006,Spencer Digital Ltd,Retail & E-commerce,SMB,38,5916000.0,LATAM,Argentina,,Teresabury,https://www.spencerdigitalltd.example.com,44,2021-12-23,1
3007,Gallagher Networks GmbH,Professional Services,SMB,81,11386000.0,EMEA,UAE,,Port Kirk,https://www.gallaghernetworksgmbh.example.com,21,2023-03-08,1
3008,Franklin Labs Co,Professional Services,Mid-Market,485,149580000.0,EMEA,UAE,,Morganville,https://www.franklinlabsco.example.com,7,2024-07-04,1
3009,Benitez Industries LLC,Telecommunications,SMB,47,4986000.0,EMEA,Ireland,,New Katieport,https://www.benitezindustriesllc.example.com,36,2021-04-18,1
3010,Tate Interactive Co,Construction,Mid-Market,200,32601000.0,NA,Canada,,Ramirezshire,https://www.tateinteractiveco.example.com,31,2024-11-13,1
3011,Hayes Interactive PLC,Government & Public Sector,SMB,5,960000.0,NA,United States,WV,Richardsonshire,https://www.hayesinteractiveplc.example.com,52,2021-11-01,1
3012,Payne Labs LLC,Software & SaaS,Mid-Market,409,85259000.0,NA,Canada,,North Kevintown,https://www.paynelabsllc.example.com,52,2022-12-24,1
3013,Peters Robotics Co,Manufacturing,Mid-Market,1071,151792000.0,NA,Canada,,Robertfort,https://www.petersroboticsco.example.com,59,2022-06-28,1
3014,Gregory Capital Co,Construction,Mid-Market,540,78287000.0,NA,United States,OR,South Amandaville,https://www.gregorycapitalco.example.com,30,2024-06-03,1
3015,Kline Capital AG,Education,SMB,51,8684000.0,EMEA,Germany,,Angelatown,https://www.klinecapitalag.example.com,21,2021-12-02,1
3016,Bridges Metrics AG,Retail & E-commerce,Enterprise,28669,9694725000.0,NA,United States,MS,Lake Mitchell,https://www.bridgesmetricsag.example.com,38,2022-12-08,1
3017,Norman Systems Ltd,Hospitality,SMB,20,2780000.0,NA,United States,AZ,West Angela,https://www.normansystemsltd.example.com,29,2022-01-12,1
3018,Obrien Holdings LLC,Education,Mid-Market,494,98661000.0,APAC,India,,Knappbury,https://www.obrienholdingsllc.example.com,50,2021-03-19,1
3019,Curtis Analytics LLC,Manufacturing,Mid-Market,314,81619000.0,NA,Canada,,South Michael,https://www.curtisanalyticsllc.example.com,2,2025-02-19,1
3020,Conway Foods Ltd,Healthcare,SMB,44,9215000.0,EMEA,France,,North Charles,https://www.conwayfoodsltd.example.com,57,2021-11-19,0
3021,Herman Digital LLC,Hospitality,SMB,31,5448000.0,NA,Canada,,Jamesside,https://www.hermandigitalllc.example.com,17,2021-12-01,1
3022,Padilla Ventures PLC,Hospitality,SMB,27,5692000.0,EMEA,France,,Lake Jose,https://www.padillaventuresplc.example.com,3,2021-03-10,0
3023,Lester Interactive AG,Non-Profit,SMB,29,4399000.0,NA,United States,DE,New David,https://www.lesterinteractiveag.example.com,43,2023-02-08,1
3024,Becker Bioscience LLC,Professional Services,SMB,31,4622000.0,NA,Canada,,Dixonberg,https://www.beckerbiosciencellc.example.com,8,2022-01-18,1
3025,Mcbride Logistics AG,Financial Services,SMB,86,18218000.0,APAC,New Zealand,,Kellerside,https://www.mcbridelogisticsag.example.com,23,2023-06-02,1
3026,Peck Interactive Inc,Manufacturing,SMB,31,6658000.0,NA,Canada,,Port Patriciamouth,https://www.peckinteractiveinc.example.com,37,2024-04-23,1
3027,Collins Works Co,Healthcare,SMB,71,15258000.0,NA,United States,PA,West Brandi,https://www.collinsworksco.example.com,29,2021-03-10,1
3028,Huerta Systems Corp,Healthcare,Mid-Market,400,75112000.0,NA,United States,KY,West Nicholasfurt,https://www.huertasystemscorp.example.com,26,2021-10-14,1
3029,Salazar Energy Ltd,Professional Services,SMB,63,12377000.0,NA,United States,DC,Lake Timothyshire,https://www.salazarenergyltd.example.com,43,2022-08-01,0
3030,Gates Analytics Co,Software & SaaS,Mid-Market,1819,469156000.0,NA,Canada,,South Cherylshire,https://www.gatesanalyticsco.example.com,15,2025-06-01,1
3031,Boyd Energy Co,Retail & E-commerce,SMB,52,7806000.0,EMEA,Germany,,Lewisbury,https://www.boydenergyco.example.com,27,2021-06-03,1
3032,Velazquez Capital LLC,Hospitality,SMB,8,939000.0,EMEA,UAE,,South Henry,https://www.velazquezcapitalllc.example.com,27,2024-06-07,1
3033,Bray Bioscience PLC,Professional Services,SMB,73,10209000.0,EMEA,Germany,,West Carolynland,https://www.braybioscienceplc.example.com,27,2026-01-26,1
3034,Becker Robotics AG,Healthcare,Mid-Market,269,75599000.0,APAC,New Zealand,,Michaelton,https://www.beckerroboticsag.example.com,56,2021-04-19,1
3035,Dunn Partners Co,Software & SaaS,SMB,22,4664000.0,NA,Canada,,North Sheenaborough,https://www.dunnpartnersco.example.com,16,2022-04-28,1
3036,Reed Capital GmbH,Manufacturing,Enterprise,14125,3354887000.0,APAC,Singapore,,Thomasfurt,https://www.reedcapitalgmbh.example.com,50,2024-08-14,1
3037,Nash Logistics LLC,Media & Entertainment,SMB,54,7412000.0,NA,Canada,,East Austin,https://www.nashlogisticsllc.example.com,12,2025-11-28,1
3038,Diaz Dynamics PLC,Hospitality,SMB,15,2826000.0,NA,Canada,,Hansenmouth,https://www.diazdynamicsplc.example.com,10,2021-12-17,1
3039,Blackburn Analytics Group,Logistics & Transportation,SMB,13,2730000.0,EMEA,Ireland,,Phillipston,https://www.blackburnanalyticsgroup.example.com,3,2023-11-06,1
3040,Weaver Bioscience PLC,Healthcare,Mid-Market,1085,320634000.0,EMEA,Ireland,,East Marisa,https://www.weaverbioscienceplc.example.com,21,2024-05-13,1
3041,Aguirre Industries Ltd,Energy & Utilities,SMB,139,30045000.0,NA,Canada,,South Cherylshire,https://www.aguirreindustriesltd.example.com,9,2022-08-30,1
3042,Velazquez Labs Inc,Manufacturing,SMB,15,3198000.0,LATAM,Chile,,Jamesland,https://www.velazquezlabsinc.example.com,44,2023-12-25,1
3043,Johnson Dynamics Corp,Professional Services,SMB,74,12000000.0,LATAM,Colombia,,Lake Deborah,https://www.johnsondynamicscorp.example.com,40,2023-05-03,1
3044,Contreras Dynamics Corp,Software & SaaS,SMB,34,5234000.0,NA,United States,CO,South Jenniferside,https://www.contrerasdynamicscorp.example.com,10,2025-12-04,1
3045,Greene Energy GmbH,Manufacturing,SMB,23,5023000.0,EMEA,Sweden,,New Sophia,https://www.greeneenergygmbh.example.com,57,2023-04-12,1
3046,Gallagher Labs Inc,Retail & E-commerce,Enterprise,15856,5336513000.0,EMEA,France,,South Cassandra,https://www.gallagherlabsinc.example.com,36,2023-03-07,1
3047,Chambers Interactive AG,Media & Entertainment,SMB,30,3551000.0,APAC,Australia,,Port Adrianashire,https://www.chambersinteractiveag.example.com,23,2023-12-25,1
3048,Horton Robotics Inc,Manufacturing,SMB,11,1258000.0,EMEA,France,,New Matthew,https://www.hortonroboticsinc.example.com,4,2021-08-04,1
3049,Navarro Solutions Group,Manufacturing,Enterprise,27682,4556572000.0,NA,Canada,,New Kevin,https://www.navarrosolutionsgroup.example.com,37,2023-03-28,1
3050,Johnson Metrics LLC,Telecommunications,SMB,31,6672000.0,EMEA,Spain,,South Emily,https://www.johnsonmetricsllc.example.com,45,2021-03-15,1
3051,Moses Holdings AG,Financial Services,SMB,14,2514000.0,NA,United States,IL,Woodstad,https://www.mosesholdingsag.example.com,17,2023-10-04,1
3052,Wilkerson Industries Ltd,Financial Services,Mid-Market,655,84458000.0,EMEA,Spain,,Andrewfort,https://www.wilkersonindustriesltd.example.com,58,2023-04-03,1
3053,Burns Capital PLC,Software & SaaS,Enterprise,8359,4345108000.0,EMEA,Sweden,,New Katherineborough,https://www.burnscapitalplc.example.com,54,2025-02-06,1
3054,Pruitt Health PLC,Healthcare,Mid-Market,759,208532000.0,EMEA,Sweden,,Smithmouth,https://www.pruitthealthplc.example.com,3,2024-10-24,1
3055,Delacruz Foods Ltd,Logistics & Transportation,SMB,23,3674000.0,NA,Canada,,Port Courtney,https://www.delacruzfoodsltd.example.com,24,2022-10-12,1
3056,Andrade Materials Group,Financial Services,Enterprise,60530,16921839000.0,NA,Canada,,New David,https://www.andradematerialsgroup.example.com,43,2023-12-07,1
3057,Hamilton Works LLC,Software & SaaS,SMB,63,6751000.0,EMEA,Ireland,,South Cherylshire,https://www.hamiltonworksllc.example.com,1,2022-03-14,1
3058,Henderson Industries Corp,Automotive,Enterprise,80034,26641716000.0,NA,Canada,,New Alanhaven,https://www.hendersonindustriescorp.example.com,31,2022-07-25,0
3059,Yoder Technologies Corp,Retail & E-commerce,Mid-Market,365,54541000.0,NA,Canada,,East Austin,https://www.yodertechnologiescorp.example.com,9,2021-04-20,1
3060,Gray Labs Corp,Professional Services,Enterprise,18733,8289730000.0,NA,United States,MH,Jamestown,https://www.graylabscorp.example.com,31,2021-05-23,1
3061,Rios Solutions AG,Telecommunications,SMB,38,5955000.0,APAC,New Zealand,,Baileystad,https://www.riossolutionsag.example.com,56,2024-12-12,1
3062,Waller Energy LLC,Financial Services,SMB,10,2127000.0,NA,Canada,,Priceside,https://www.wallerenergyllc.example.com,37,2026-04-02,1
3063,Goodwin Bioscience Ltd,Logistics & Transportation,Mid-Market,485,125931000.0,EMEA,Ireland,,West Thomas,https://www.goodwinbioscienceltd.example.com,5,2023-01-11,1
3064,Clements Logistics LLC,Media & Entertainment,SMB,59,9934000.0,NA,Canada,,Lake Stephen,https://www.clementslogisticsllc.example.com,35,2021-06-23,1
3065,Whitaker Analytics Ltd,Financial Services,SMB,31,4421000.0,APAC,Singapore,,Robertsonland,https://www.whitakeranalyticsltd.example.com,13,2021-05-05,1
3066,Huynh Foods PLC,Software & SaaS,Enterprise,29206,12167226000.0,NA,Canada,,Whitebury,https://www.huynhfoodsplc.example.com,51,2021-03-09,1
3067,Hurley Energy Inc,Healthcare,Mid-Market,629,122235000.0,NA,United States,MD,Leeland,https://www.hurleyenergyinc.example.com,34,2025-05-28,1
3068,Porter Systems Co,Healthcare,SMB,21,3395000.0,NA,United States,WV,Troyton,https://www.portersystemsco.example.com,48,2022-10-31,1
3069,Harrington Labs Group,Healthcare,SMB,55,11286000.0,NA,Canada,,Amybury,https://www.harringtonlabsgroup.example.com,31,2025-06-02,1
3070,Lynch Networks Co,Healthcare,SMB,27,5634000.0,APAC,India,,Port Lisaville,https://www.lynchnetworksco.example.com,56,2022-06-13,1
3071,Ward Holdings Co,Logistics & Transportation,SMB,13,1846000.0,EMEA,Ireland,,East Johnberg,https://www.wardholdingsco.example.com,18,2023-07-11,1
3072,Barr Analytics Co,Healthcare,SMB,126,21300000.0,EMEA,France,,Smithfort,https://www.barranalyticsco.example.com,58,2024-01-01,1
3073,Prince Materials Ltd,Real Estate,Mid-Market,427,111686000.0,EMEA,United Kingdom,,Alvarezburgh,https://www.princematerialsltd.example.com,20,2021-03-15,1
3074,Hensley Holdings LLC,Software & SaaS,Mid-Market,810,131840000.0,APAC,Japan,,South Sarahberg,https://www.hensleyholdingsllc.example.com,41,2024-01-22,1
3075,Maldonado Energy GmbH,Education,SMB,31,3915000.0,LATAM,Brazil,,Lewisbury,https://www.maldonadoenergygmbh.example.com,40,2024-10-30,1
3076,Valdez Cloud GmbH,Real Estate,SMB,29,4311000.0,EMEA,Netherlands,,Grahamland,https://www.valdezcloudgmbh.example.com,60,2021-02-05,1
3077,Mcpherson Analytics Co,Retail & E-commerce,Mid-Market,891,221857000.0,NA,Canada,,North Garyfurt,https://www.mcphersonanalyticsco.example.com,37,2021-03-24,1
3078,Holden Ventures AG,Healthcare,Mid-Market,2000,290206000.0,NA,Canada,,Williammouth,https://www.holdenventuresag.example.com,12,2023-03-15,1
3079,Wilkinson Interactive Group,Healthcare,Mid-Market,779,119926000.0,EMEA,France,,East Jenny,https://www.wilkinsoninteractivegrou.example.com,3,2026-03-31,0
3080,Mendez Dynamics LLC,Healthcare,SMB,23,2727000.0,EMEA,France,,Kempshire,https://www.mendezdynamicsllc.example.com,46,2026-04-08,1
3081,Castillo Bioscience Group,Software & SaaS,Mid-Market,200,48578000.0,EMEA,Sweden,,Port Chad,https://www.castillobiosciencegroup.example.com,46,2021-06-03,1
3082,Bowman Industries GmbH,Media & Entertainment,SMB,76,12091000.0,NA,United States,NE,Conradmouth,https://www.bowmanindustriesgmbh.example.com,59,2024-07-17,0
3083,Greene Interactive LLC,Education,SMB,21,3469000.0,EMEA,UAE,,West Robertside,https://www.greeneinteractivellc.example.com,60,2024-10-11,1
3084,Petty Materials Group,Manufacturing,Mid-Market,1513,283467000.0,NA,Canada,,New Philip,https://www.pettymaterialsgroup.example.com,2,2025-05-23,1
3085,Holland Cloud LLC,Construction,SMB,9,1205000.0,NA,Canada,,Williamshire,https://www.hollandcloudllc.example.com,55,2021-03-08,1
3086,Christensen Labs Corp,Non-Profit,SMB,19,2382000.0,APAC,New Zealand,,Martinezport,https://www.christensenlabscorp.example.com,23,2026-04-03,1
3087,Woods Bioscience Group,Healthcare,SMB,85,9319000.0,EMEA,Ireland,,South Sarahberg,https://www.woodsbiosciencegroup.example.com,27,2024-12-19,1
3088,Cooper Robotics GmbH,Telecommunications,SMB,59,6380000.0,NA,United States,AR,Lake Beth,https://www.cooperroboticsgmbh.example.com,34,2023-08-31,1
3089,Boone Energy PLC,Software & SaaS,SMB,26,4745000.0,NA,United States,SC,Michaelside,https://www.booneenergyplc.example.com,24,2021-04-02,1
3090,Harris Energy GmbH,Real Estate,Mid-Market,542,141330000.0,EMEA,Spain,,Lake Jessica,https://www.harrisenergygmbh.example.com,36,2021-12-10,1
3091,Bryan Robotics Corp,Telecommunications,SMB,88,10456000.0,NA,United States,NE,North Chadview,https://www.bryanroboticscorp.example.com,26,2022-05-20,1
3092,Mckee Ventures Co,Manufacturing,SMB,55,5794000.0,NA,Canada,,Garrettfurt,https://www.mckeeventuresco.example.com,9,2025-03-25,1
3093,Howard Interactive GmbH,Manufacturing,Mid-Market,2000,514064000.0,EMEA,Spain,,New Julieshire,https://www.howardinteractivegmbh.example.com,1,2024-07-17,1
3094,Velez Digital PLC,Media & Entertainment,SMB,25,5496000.0,EMEA,Netherlands,,South Stevenberg,https://www.velezdigitalplc.example.com,57,2025-12-12,1
3095,Christensen Works AG,Healthcare,Enterprise,54415,26112738000.0,NA,Canada,,East Jaredfort,https://www.christensenworksag.example.com,26,2022-09-26,1
3096,Faulkner Capital AG,Media & Entertainment,SMB,27,3342000.0,EMEA,Sweden,,South Chad,https://www.faulknercapitalag.example.com,36,2025-09-26,1
3097,Ortiz Health Inc,Government & Public Sector,SMB,40,8259000.0,EMEA,Netherlands,,Stephanieview,https://www.ortizhealthinc.example.com,45,2025-07-14,1
3098,Parks Robotics Group,Retail & E-commerce,SMB,16,2707000.0,NA,United States,WV,Annborough,https://www.parksroboticsgroup.example.com,9,2021-02-01,1
3099,Haas Solutions PLC,Financial Services,Mid-Market,1906,465687000.0,NA,United States,MN,Port Kristenview,https://www.haassolutionsplc.example.com,28,2021-12-09,1
3100,Vega Foods Inc,Logistics & Transportation,SMB,31,5672000.0,NA,United States,ME,New Donna,https://www.vegafoodsinc.example.com,11,2024-10-30,1
3101,Sims Solutions Inc,Education,Enterprise,96928,48355176000.0,NA,Canada,,Port Carloschester,https://www.simssolutionsinc.example.com,10,2023-12-18,1
3102,Meyers Materials LLC,Logistics & Transportation,SMB,39,6354000.0,APAC,New Zealand,,Jordanport,https://www.meyersmaterialsllc.example.com,56,2021-11-18,1
3103,Rasmussen Interactive Inc,Software & SaaS,SMB,8,908000.0,NA,United States,VI,Fullerview,https://www.rasmusseninteractiveinc.example.com,39,2024-09-15,1
3104,Love Ventures Ltd,Energy & Utilities,SMB,27,5403000.0,LATAM,Colombia,,Jeremystad,https://www.loveventuresltd.example.com,40,2022-03-31,1
3105,Jimenez Works Group,Software & SaaS,SMB,25,4941000.0,NA,United States,NV,East Ericbury,https://www.jimenezworksgroup.example.com,12,2023-08-17,1
3106,Mack Labs AG,Manufacturing,SMB,68,9211000.0,EMEA,Ireland,,Lopezville,https://www.macklabsag.example.com,18,2025-11-26,1
3107,Simpson Solutions Inc,Manufacturing,SMB,7,1325000.0,EMEA,UAE,,Thompsonton,https://www.simpsonsolutionsinc.example.com,3,2021-12-09,0
3108,Andersen Logistics Co,Hospitality,SMB,23,3694000.0,EMEA,Netherlands,,Singletonport,https://www.andersenlogisticsco.example.com,45,2021-03-19,1
3109,Bridges Works Ltd,Hospitality,Mid-Market,432,114959000.0,APAC,Australia,,East Mark,https://www.bridgesworksltd.example.com,50,2023-12-11,1
3110,Johnston Digital Corp,Real Estate,SMB,22,4580000.0,NA,United States,HI,North Heather,https://www.johnstondigitalcorp.example.com,24,2024-05-06,1
3111,Mccoy Partners PLC,Professional Services,SMB,64,12439000.0,NA,United States,MI,Bushville,https://www.mccoypartnersplc.example.com,37,2022-03-25,0
3112,Cobb Works GmbH,Financial Services,SMB,30,2860000.0,LATAM,Colombia,,Brianstad,https://www.cobbworksgmbh.example.com,40,2022-12-12,1
3113,Mendez Industries Ltd,Telecommunications,SMB,121,24721000.0,APAC,Singapore,,Phillipston,https://www.mendezindustriesltd.example.com,13,2023-02-06,1
3114,Armstrong Partners Ltd,Real Estate,SMB,51,11012000.0,LATAM,Colombia,,Katelynfurt,https://www.armstrongpartnersltd.example.com,44,2024-12-08,1
3115,Duke Metrics Ltd,Real Estate,SMB,23,4289000.0,NA,United States,MD,Proctorberg,https://www.dukemetricsltd.example.com,30,2024-02-19,1
3116,Ibarra Labs AG,Professional Services,SMB,37,3907000.0,NA,Canada,,East Jaredfort,https://www.ibarralabsag.example.com,30,2022-01-25,1
3117,Barrett Works GmbH,Financial Services,Mid-Market,1086,302763000.0,NA,United States,NH,Deborahport,https://www.barrettworksgmbh.example.com,28,2022-01-26,1
3118,Moreno Systems Inc,Healthcare,SMB,24,4679000.0,EMEA,Spain,,Rhodesland,https://www.morenosystemsinc.example.com,45,2022-04-14,1
3119,Love Robotics PLC,Professional Services,SMB,60,10450000.0,NA,United States,VT,Evansberg,https://www.loveroboticsplc.example.com,35,2021-07-22,1
3120,Matthews Robotics LLC,Financial Services,Mid-Market,405,122425000.0,NA,Canada,,Brianstad,https://www.matthewsroboticsllc.example.com,37,2021-06-30,1
3121,Lawrence Cloud GmbH,Software & SaaS,SMB,11,1475000.0,EMEA,United Kingdom,,South Amandaville,https://www.lawrencecloudgmbh.example.com,5,2024-12-11,1
3122,Pace Cloud Group,Construction,SMB,17,3484000.0,NA,United States,VT,Quinnhaven,https://www.pacecloudgroup.example.com,11,2025-01-13,1
3123,Myers Bioscience PLC,Construction,Enterprise,71883,16396801000.0,EMEA,Netherlands,,West John,https://www.myersbioscienceplc.example.com,54,2022-01-01,1
3124,Newman Metrics PLC,Healthcare,Enterprise,6083,1828209000.0,NA,Canada,,North Samanthastad,https://www.newmanmetricsplc.example.com,55,2025-03-10,0
3125,Curry Bioscience Corp,Software & SaaS,Mid-Market,633,86153000.0,APAC,Singapore,,New Brett,https://www.currybiosciencecorp.example.com,23,2023-06-11,1
3126,Osborne Digital AG,Manufacturing,SMB,44,7195000.0,NA,United States,OH,Port Julie,https://www.osbornedigitalag.example.com,48,2024-03-27,1
3127,Cobb Bioscience Co,Software & SaaS,SMB,79,15870000.0,EMEA,Ireland,,South Chad,https://www.cobbbioscienceco.example.com,1,2025-06-03,1
3128,Anthony Energy Corp,Financial Services,Enterprise,17648,7187221000.0,EMEA,Spain,,Port Annette,https://www.anthonyenergycorp.example.com,42,2022-03-21,1
3129,Wilson Industries Co,Financial Services,Enterprise,32551,5735771000.0,NA,United States,KY,Kingmouth,https://www.wilsonindustriesco.example.com,26,2023-12-13,1
3130,Clements Metrics Group,Professional Services,SMB,6,1063000.0,NA,Canada,,Victormouth,https://www.clementsmetricsgroup.example.com,25,2022-03-21,1
3131,Bryant Dynamics Inc,Manufacturing,SMB,88,11221000.0,APAC,India,,Proctorberg,https://www.bryantdynamicsinc.example.com,41,2025-08-13,1
3132,French Analytics AG,Software & SaaS,SMB,28,6069000.0,EMEA,Sweden,,Toddhaven,https://www.frenchanalyticsag.example.com,3,2022-03-09,1
3133,Zuniga Labs GmbH,Education,SMB,7,1150000.0,NA,Canada,,North Ginamouth,https://www.zunigalabsgmbh.example.com,39,2023-09-29,1
3134,Stanley Digital GmbH,Software & SaaS,Mid-Market,1050,246025000.0,EMEA,Germany,,Mikeborough,https://www.stanleydigitalgmbh.example.com,46,2021-09-30,1
3135,Pham Systems AG,Government & Public Sector,SMB,5,786000.0,NA,Canada,,South Tinaton,https://www.phamsystemsag.example.com,35,2022-06-22,1
3136,Colon Solutions Ltd,Financial Services,SMB,10,1425000.0,NA,United States,MP,North Williamhaven,https://www.colonsolutionsltd.example.com,48,2022-05-30,1
3137,Moore Solutions AG,Financial Services,SMB,31,3339000.0,NA,Canada,,Simmonsstad,https://www.mooresolutionsag.example.com,29,2024-06-20,1
3138,Shea Solutions AG,Manufacturing,SMB,30,5376000.0,NA,United States,AR,Victormouth,https://www.sheasolutionsag.example.com,28,2022-02-17,1
3139,Graham Systems Group,Software & SaaS,SMB,50,7300000.0,NA,United States,AL,Jensenport,https://www.grahamsystemsgroup.example.com,29,2022-04-19,0
3140,Escobar Solutions Corp,Software & SaaS,SMB,20,4230000.0,NA,Canada,,East Tara,https://www.escobarsolutionscorp.example.com,17,2021-01-15,1
3141,Steele Partners Inc,Non-Profit,SMB,13,2801000.0,NA,United States,WI,East Douglas,https://www.steelepartnersinc.example.com,47,2022-03-30,1
3142,Camacho Energy PLC,Hospitality,Enterprise,15435,6453376000.0,NA,Canada,,North Samanthastad,https://www.camachoenergyplc.example.com,48,2022-01-24,1
3143,Valdez Materials Inc,Non-Profit,SMB,23,4365000.0,EMEA,Ireland,,South Jacqueline,https://www.valdezmaterialsinc.example.com,20,2023-04-24,1
3144,Joyce Logistics PLC,Energy & Utilities,SMB,32,3889000.0,EMEA,UAE,,West Travischester,https://www.joycelogisticsplc.example.com,18,2022-08-25,1
3145,Phillips Labs GmbH,Software & SaaS,SMB,37,6774000.0,NA,United States,AK,Annashire,https://www.phillipslabsgmbh.example.com,10,2026-05-08,1
3146,Hansen Digital Corp,Construction,SMB,17,1575000.0,NA,United States,NV,Abbottport,https://www.hansendigitalcorp.example.com,10,2023-04-27,1
3147,Perez Logistics Ltd,Telecommunications,SMB,62,12241000.0,EMEA,Netherlands,,Port Lisaville,https://www.perezlogisticsltd.example.com,45,2021-04-12,1
3148,Velazquez Capital AG,Manufacturing,SMB,19,2929000.0,EMEA,Ireland,,Jamesport,https://www.velazquezcapitalag.example.com,54,2024-11-22,1
3149,Kim Solutions PLC,Telecommunications,SMB,16,3388000.0,APAC,Japan,,New Blake,https://www.kimsolutionsplc.example.com,50,2021-03-17,1
3150,Cunningham Works Corp,Media & Entertainment,SMB,21,2921000.0,NA,United States,MO,Carlshire,https://www.cunninghamworkscorp.example.com,9,2025-01-30,1
3151,Blackburn Analytics AG,Energy & Utilities,Mid-Market,1457,393034000.0,NA,Canada,,Campbellport,https://www.blackburnanalyticsag.example.com,22,2022-09-01,1
3152,Velazquez Bioscience Inc,Professional Services,SMB,70,8695000.0,NA,United States,GA,New Stephaniefurt,https://www.velazquezbioscienceinc.example.com,10,2021-03-26,1
3153,Zuniga Capital Group,Biotech & Pharma,SMB,28,6142000.0,EMEA,Sweden,,Port Scott,https://www.zunigacapitalgroup.example.com,36,2026-04-27,1
3154,Murphy Capital Group,Professional Services,SMB,18,2862000.0,NA,Canada,,Tylerland,https://www.murphycapitalgroup.example.com,33,2023-01-25,1
3155,Alvarez Metrics Corp,Government & Public Sector,SMB,63,12739000.0,NA,United States,GA,New Danielleshire,https://www.alvarezmetricscorp.example.com,59,2025-03-19,1
3156,Sweeney Ventures PLC,Media & Entertainment,SMB,157,32725000.0,NA,Canada,,Port Daniel,https://www.sweeneyventuresplc.example.com,39,2022-09-22,1
3157,Kirk Foods GmbH,Healthcare,SMB,37,5824000.0,EMEA,Netherlands,,Stevenston,https://www.kirkfoodsgmbh.example.com,45,2022-12-01,1
3158,Dennis Digital Inc,Energy & Utilities,SMB,79,11790000.0,NA,United States,AL,Mckenziehaven,https://www.dennisdigitalinc.example.com,53,2022-06-13,0
3159,Hampton Capital Group,Logistics & Transportation,SMB,68,11008000.0,EMEA,France,,Farmerport,https://www.hamptoncapitalgroup.example.com,1,2022-06-21,1
3160,Wang Robotics GmbH,Software & SaaS,Enterprise,85146,13773050000.0,NA,United States,ND,South Michaelfurt,https://www.wangroboticsgmbh.example.com,11,2024-10-11,1
3161,Roberts Works Co,Media & Entertainment,Enterprise,75893,37117130000.0,NA,Canada,,Adamsside,https://www.robertsworksco.example.com,39,2021-02-18,1
3162,Mcmahon Logistics Group,Manufacturing,Enterprise,12126,5075228000.0,NA,United States,NV,Jaredshire,https://www.mcmahonlogisticsgroup.example.com,43,2023-01-12,1
3163,Price Foods Corp,Manufacturing,SMB,20,4004000.0,LATAM,Brazil,,East Amyside,https://www.pricefoodscorp.example.com,40,2022-01-12,1
3164,Singh Labs Ltd,Telecommunications,SMB,32,6893000.0,NA,United States,WV,Port Courtney,https://www.singhlabsltd.example.com,28,2023-05-17,1
3165,Moon Systems Ltd,Government & Public Sector,SMB,12,1592000.0,NA,Canada,,Jamesport,https://www.moonsystemsltd.example.com,43,2021-11-08,1
3166,Galloway Capital GmbH,Financial Services,SMB,27,5023000.0,APAC,Australia,,Lake James,https://www.gallowaycapitalgmbh.example.com,56,2022-05-25,1
3167,Bird Solutions AG,Professional Services,SMB,19,2415000.0,NA,Canada,,Port Dwayneberg,https://www.birdsolutionsag.example.com,9,2023-03-31,1
3168,Burton Dynamics GmbH,Financial Services,SMB,23,3897000.0,NA,United States,NH,Josephport,https://www.burtondynamicsgmbh.example.com,35,2024-06-05,1
3169,Dickerson Health Inc,Media & Entertainment,SMB,18,3503000.0,NA,United States,NH,Lake Melissa,https://www.dickersonhealthinc.example.com,49,2025-12-26,1
3170,Rios Materials Corp,Hospitality,SMB,25,5131000.0,EMEA,Sweden,,New Juan,https://www.riosmaterialscorp.example.com,54,2021-12-14,1
3171,Bradford Health Co,Non-Profit,SMB,47,6972000.0,NA,Canada,,Deborahberg,https://www.bradfordhealthco.example.com,25,2022-12-29,1
3172,Byrd Ventures Ltd,Healthcare,Mid-Market,1237,202111000.0,APAC,Japan,,West Kenneth,https://www.byrdventuresltd.example.com,23,2022-05-24,1
3173,Winters Interactive AG,Professional Services,SMB,28,3866000.0,EMEA,Netherlands,,Whitebury,https://www.wintersinteractiveag.example.com,32,2023-08-28,1
3174,Hernandez Dynamics Co,Government & Public Sector,Mid-Market,669,115553000.0,EMEA,Sweden,,Rebeccashire,https://www.hernandezdynamicsco.example.com,5,2022-06-17,1
3175,Cain Labs Corp,Financial Services,SMB,7,861000.0,NA,Canada,,Davisborough,https://www.cainlabscorp.example.com,14,2021-05-18,0
3176,Stephenson Industries AG,Manufacturing,SMB,18,1932000.0,EMEA,Germany,,New Ashley,https://www.stephensonindustriesag.example.com,21,2023-09-12,1
3177,Wilcox Works PLC,Real Estate,SMB,10,1374000.0,APAC,Singapore,,Lake Loganstad,https://www.wilcoxworksplc.example.com,56,2021-02-25,1
3178,Lamb Foods Co,Software & SaaS,SMB,37,7524000.0,APAC,Japan,,East Johnberg,https://www.lambfoodsco.example.com,50,2021-03-05,1
3179,Bryan Digital AG,Education,SMB,46,6644000.0,NA,Canada,,Toddberg,https://www.bryandigitalag.example.com,2,2025-06-11,1
3180,Moon Cloud Group,Manufacturing,SMB,38,4987000.0,EMEA,Netherlands,,Martinezport,https://www.mooncloudgroup.example.com,36,2025-05-02,1
3181,Stafford Cloud Group,Logistics & Transportation,SMB,17,3163000.0,EMEA,Spain,,Port Dwayneberg,https://www.staffordcloudgroup.example.com,46,2023-05-30,1
3182,Whitaker Analytics Inc,Manufacturing,SMB,38,4485000.0,LATAM,Chile,,Port Stacey,https://www.whitakeranalyticsinc.example.com,40,2021-01-29,1
3183,Mccann Digital Inc,Financial Services,SMB,22,2713000.0,NA,Canada,,Kingmouth,https://www.mccanndigitalinc.example.com,17,2022-05-16,0
3184,Ward Cloud GmbH,Manufacturing,Enterprise,19796,7197424000.0,EMEA,Ireland,,Lake Jessicaborough,https://www.wardcloudgmbh.example.com,27,2022-05-20,1
3185,Shea Technologies Inc,Hospitality,SMB,13,2752000.0,EMEA,France,,West Taylorland,https://www.sheatechnologiesinc.example.com,7,2024-04-17,1
3186,Chapman Labs PLC,Education,SMB,55,5533000.0,APAC,Singapore,,South Michaelfurt,https://www.chapmanlabsplc.example.com,23,2024-11-29,1
3187,Morgan Networks Inc,Retail & E-commerce,SMB,58,8346000.0,EMEA,Sweden,,New Julia,https://www.morgannetworksinc.example.com,7,2022-06-02,1
3188,Nicholson Works Group,Telecommunications,SMB,64,10559000.0,APAC,Japan,,New Whitney,https://www.nicholsonworksgroup.example.com,56,2022-09-25,1
3189,Rios Solutions Corp,Financial Services,SMB,20,2399000.0,NA,United States,OH,Allenbury,https://www.riossolutionscorp.example.com,49,2021-11-20,1
3190,Logan Health LLC,Software & SaaS,SMB,76,9616000.0,NA,Canada,,Englishchester,https://www.loganhealthllc.example.com,49,2024-05-03,1
3191,Powers Partners LLC,Logistics & Transportation,Mid-Market,2000,346786000.0,NA,Canada,,Alexisville,https://www.powerspartnersllc.example.com,35,2022-05-25,1
3192,Mcdaniel Foods AG,Software & SaaS,SMB,21,2496000.0,APAC,India,,South Henry,https://www.mcdanielfoodsag.example.com,56,2024-03-14,1
3193,Espinoza Metrics Corp,Financial Services,SMB,51,6879000.0,NA,Canada,,West Mary,https://www.espinozametricscorp.example.com,16,2024-03-18,1
3194,Keith Dynamics Corp,Telecommunications,SMB,21,4343000.0,EMEA,France,,East Jimmy,https://www.keithdynamicscorp.example.com,45,2021-08-11,1
3195,Waller Industries PLC,Non-Profit,Enterprise,12744,4006769000.0,LATAM,Mexico,,Jeffreyport,https://www.wallerindustriesplc.example.com,40,2025-06-13,1
3196,Simmons Robotics AG,Healthcare,Mid-Market,480,112544000.0,APAC,Singapore,,Lake Kelly,https://www.simmonsroboticsag.example.com,23,2024-12-24,1
3197,Mueller Technologies Group,Manufacturing,Enterprise,19316,9961047000.0,EMEA,Ireland,,South Jenniferside,https://www.muellertechnologiesgroup.example.com,57,2023-06-29,1
3198,Garrett Health Co,Energy & Utilities,Mid-Market,200,38647000.0,EMEA,France,,Loritown,https://www.garretthealthco.example.com,36,2021-05-03,1
3199,Costa Networks Co,Professional Services,Mid-Market,218,55202000.0,NA,Canada,,Baileystad,https://www.costanetworksco.example.com,16,2021-09-01,1
3200,Floyd Dynamics Group,Healthcare,SMB,26,3799000.0,NA,United States,VI,North Neil,https://www.floyddynamicsgroup.example.com,49,2021-05-11,1
3201,Frost Materials LLC,Professional Services,Enterprise,18882,8027573000.0,EMEA,Spain,,East Dawnchester,https://www.frostmaterialsllc.example.com,46,2022-12-05,1
3202,West Dynamics AG,Construction,SMB,5,722000.0,EMEA,Netherlands,,Port Daniel,https://www.westdynamicsag.example.com,36,2022-01-12,1
3203,Long Technologies PLC,Software & SaaS,SMB,25,3506000.0,NA,Canada,,Stevenland,https://www.longtechnologiesplc.example.com,34,2025-01-09,1
3204,Haynes Labs PLC,Financial Services,Mid-Market,1910,462312000.0,NA,United States,IN,Brownchester,https://www.hayneslabsplc.example.com,47,2022-10-19,1
3205,Suarez Systems Group,Telecommunications,SMB,33,7106000.0,EMEA,France,,Wilsonfort,https://www.suarezsystemsgroup.example.com,21,2022-11-16,0
3206,Haney Industries Ltd,Software & SaaS,SMB,23,2421000.0,NA,Canada,,Port Jessica,https://www.haneyindustriesltd.example.com,25,2025-10-14,1
3207,Roy Bioscience LLC,Healthcare,SMB,118,23995000.0,APAC,Australia,,Bishopview,https://www.roybiosciencellc.example.com,41,2023-06-21,1
3208,Moses Logistics LLC,Hospitality,SMB,13,1723000.0,NA,Canada,,Freemanville,https://www.moseslogisticsllc.example.com,49,2022-07-22,1
3209,Freeman Solutions AG,Energy & Utilities,Mid-Market,597,150099000.0,APAC,India,,East Joseph,https://www.freemansolutionsag.example.com,56,2026-05-21,1
3210,Wells Interactive Group,Education,SMB,20,4287000.0,NA,United States,WI,Troyton,https://www.wellsinteractivegroup.example.com,29,2022-12-02,1
3211,Owen Cloud PLC,Education,Mid-Market,712,121370000.0,EMEA,Sweden,,Robbinsstad,https://www.owencloudplc.example.com,20,2023-06-23,0
3212,Yoder Logistics Group,Logistics & Transportation,SMB,16,2096000.0,EMEA,Sweden,,Lake Ronniebury,https://www.yoderlogisticsgroup.example.com,21,2022-07-12,1
3213,Acosta Systems Ltd,Real Estate,Mid-Market,421,115133000.0,NA,Canada,,New Tara,https://www.acostasystemsltd.example.com,38,2023-12-25,1
3214,Fleming Energy Ltd,Hospitality,SMB,20,2015000.0,NA,Canada,,Lake Jessicaborough,https://www.flemingenergyltd.example.com,51,2024-09-03,1
3215,Gonzales Health PLC,Professional Services,Enterprise,45741,20612059000.0,APAC,Japan,,Lopezville,https://www.gonzaleshealthplc.example.com,41,2023-10-08,1
3216,Obrien Works AG,Retail & E-commerce,SMB,68,10717000.0,NA,Canada,,Port Carloschester,https://www.obrienworksag.example.com,24,2021-12-20,1
3217,Short Health Corp,Real Estate,SMB,95,11364000.0,EMEA,Spain,,East Tara,https://www.shorthealthcorp.example.com,1,2025-12-17,1
3218,Burns Cloud GmbH,Real Estate,SMB,18,3382000.0,NA,United States,SC,Savageview,https://www.burnscloudgmbh.example.com,48,2023-02-27,1
3219,Castaneda Labs Group,Retail & E-commerce,SMB,18,3158000.0,EMEA,Ireland,,West Michellefort,https://www.castanedalabsgroup.example.com,32,2024-12-27,1
3220,Obrien Labs AG,Healthcare,SMB,13,2330000.0,NA,United States,VT,West Thomas,https://www.obrienlabsag.example.com,37,2021-01-15,1
3221,Gross Health Co,Manufacturing,Mid-Market,450,113763000.0,EMEA,Spain,,East Julie,https://www.grosshealthco.example.com,5,2023-03-08,1
3222,Parks Foods GmbH,Retail & E-commerce,Enterprise,11484,5249780000.0,EMEA,Ireland,,Markshire,https://www.parksfoodsgmbh.example.com,58,2025-11-30,0
3223,Abbott Industries GmbH,Financial Services,Mid-Market,350,51145000.0,NA,Canada,,Jamesfurt,https://www.abbottindustriesgmbh.example.com,30,2024-02-07,1
3224,Li Ventures Ltd,Financial Services,SMB,84,9673000.0,NA,Canada,,Port Brenda,https://www.liventuresltd.example.com,49,2021-06-08,1
3225,Arellano Industries AG,Software & SaaS,SMB,73,13295000.0,APAC,Japan,,Kristyport,https://www.arellanoindustriesag.example.com,50,2024-03-22,1
3226,Watson Systems PLC,Software & SaaS,Mid-Market,900,144031000.0,EMEA,Netherlands,,Leemouth,https://www.watsonsystemsplc.example.com,54,2021-01-26,1
3227,Carroll Metrics Ltd,Media & Entertainment,Mid-Market,587,105773000.0,LATAM,Argentina,,East Charles,https://www.carrollmetricsltd.example.com,40,2022-06-21,1
3228,Clements Metrics Group,Energy & Utilities,SMB,29,3784000.0,EMEA,Sweden,,North Jenniferchester,https://www.clementsmetricsgroup.example.com,21,2021-12-07,1
3229,Bridges Cloud Corp,Education,Enterprise,3141,527295000.0,EMEA,Netherlands,,Nicoleburgh,https://www.bridgescloudcorp.example.com,36,2021-12-23,1
3230,Davenport Digital Inc,Telecommunications,SMB,11,2418000.0,EMEA,Sweden,,North David,https://www.davenportdigitalinc.example.com,1,2021-03-04,1
3231,Kent Technologies PLC,Manufacturing,Mid-Market,876,269114000.0,APAC,India,,Lake Glenn,https://www.kenttechnologiesplc.example.com,50,2023-09-18,1
3232,Mills Industries Ltd,Professional Services,Enterprise,6711,1205875000.0,EMEA,Germany,,Sandrafort,https://www.millsindustriesltd.example.com,32,2024-06-05,1
3233,Townsend Capital PLC,Real Estate,Mid-Market,815,150995000.0,NA,Canada,,North Thomas,https://www.townsendcapitalplc.example.com,28,2022-02-28,1
3234,Stokes Technologies Ltd,Telecommunications,SMB,11,2036000.0,APAC,Japan,,East Luisberg,https://www.stokestechnologiesltd.example.com,41,2023-07-06,1
3235,Boone Labs Group,Real Estate,SMB,35,5836000.0,LATAM,Chile,,Lake Mitchell,https://www.boonelabsgroup.example.com,44,2023-01-30,1
3236,Hooper Works AG,Financial Services,SMB,47,9528000.0,NA,Canada,,Port Jamesmouth,https://www.hooperworksag.example.com,43,2026-06-24,1
3237,Stein Dynamics Corp,Media & Entertainment,Mid-Market,459,56905000.0,NA,United States,ID,Debbieview,https://www.steindynamicscorp.example.com,9,2024-11-30,1
3238,Chen Materials PLC,Real Estate,SMB,6,1000000.0,EMEA,Ireland,,Lake Kelly,https://www.chenmaterialsplc.example.com,57,2025-12-26,1
3239,Norman Labs LLC,Software & SaaS,Mid-Market,211,31297000.0,EMEA,Sweden,,Thompsonton,https://www.normanlabsllc.example.com,27,2024-12-24,1
3240,Hood Dynamics Ltd,Financial Services,Enterprise,10340,2392794000.0,NA,United States,NH,Michaelhaven,https://www.hooddynamicsltd.example.com,51,2023-12-06,1
3241,Christensen Health Corp,Retail & E-commerce,SMB,24,3885000.0,EMEA,Sweden,,New Katieport,https://www.christensenhealthcorp.example.com,57,2021-04-08,1
3242,Becker Technologies AG,Manufacturing,SMB,106,12810000.0,EMEA,UAE,,Port Patriciamouth,https://www.beckertechnologiesag.example.com,3,2025-03-26,1
3243,Ford Foods PLC,Non-Profit,Mid-Market,200,25287000.0,NA,Canada,,Knappbury,https://www.fordfoodsplc.example.com,55,2024-07-17,1
3244,Abbott Interactive AG,Real Estate,SMB,26,4632000.0,EMEA,Netherlands,,South Michaelside,https://www.abbottinteractiveag.example.com,60,2022-02-10,1
3245,Contreras Digital Group,Software & SaaS,SMB,96,13316000.0,NA,United States,NJ,Amberton,https://www.contrerasdigitalgroup.example.com,59,2022-01-19,0
3246,Maldonado Technologies Ltd,Retail & E-commerce,SMB,51,4876000.0,EMEA,Netherlands,,New Ashley,https://www.maldonadotechnologiesltd.example.com,18,2023-03-17,1
3247,Romero Cloud Ltd,Real Estate,SMB,14,2745000.0,NA,United States,MO,North Roger,https://www.romerocloudltd.example.com,49,2022-02-11,0
3248,Landry Networks Group,Energy & Utilities,Mid-Market,2000,401136000.0,APAC,Australia,,Gregoryhaven,https://www.landrynetworksgroup.example.com,23,2026-03-27,1
3249,Pineda Energy Group,Logistics & Transportation,SMB,25,2419000.0,NA,Canada,,Smithfurt,https://www.pinedaenergygroup.example.com,38,2021-10-04,1
3250,Best Technologies PLC,Software & SaaS,SMB,28,4967000.0,LATAM,Colombia,,Carlshire,https://www.besttechnologiesplc.example.com,40,2021-08-05,1
3251,Frey Labs LLC,Non-Profit,SMB,15,1656000.0,EMEA,Sweden,,Port Davidtown,https://www.freylabsllc.example.com,1,2021-03-08,1
3252,Nelson Capital Corp,Manufacturing,SMB,15,2194000.0,NA,Canada,,Port Brandon,https://www.nelsoncapitalcorp.example.com,43,2023-05-10,1
3253,Barton Technologies PLC,Financial Services,SMB,97,19563000.0,LATAM,Chile,,South Amandafort,https://www.bartontechnologiesplc.example.com,44,2024-06-03,1
3254,Mcdaniel Digital GmbH,Software & SaaS,Mid-Market,1916,535389000.0,NA,Canada,,Evansberg,https://www.mcdanieldigitalgmbh.example.com,53,2023-07-05,1
3255,Christensen Materials Ltd,Professional Services,SMB,15,1534000.0,EMEA,UAE,,East Isaacfort,https://www.christensenmaterialsltd.example.com,36,2021-10-27,1
3256,Holder Analytics PLC,Education,SMB,71,12548000.0,APAC,Japan,,North Markville,https://www.holderanalyticsplc.example.com,41,2025-10-20,0
3257,Moore Logistics GmbH,Healthcare,Enterprise,13674,5413240000.0,APAC,Japan,,West Theresamouth,https://www.moorelogisticsgmbh.example.com,56,2022-07-06,1
3258,Wright Technologies Group,Logistics & Transportation,SMB,22,3732000.0,EMEA,France,,Smithmouth,https://www.wrighttechnologiesgroup.example.com,36,2021-07-13,1
3259,Boyd Dynamics PLC,Biotech & Pharma,SMB,31,6286000.0,LATAM,Brazil,,Fernandoland,https://www.boyddynamicsplc.example.com,40,2021-09-30,1
3260,Mann Cloud PLC,Retail & E-commerce,SMB,48,5398000.0,NA,United States,VI,Luketown,https://www.manncloudplc.example.com,43,2022-10-24,1
3261,Lowe Dynamics GmbH,Manufacturing,SMB,20,3879000.0,NA,United States,GA,Jamesland,https://www.lowedynamicsgmbh.example.com,16,2023-04-24,1
3262,Bell Interactive Ltd,Healthcare,SMB,48,7129000.0,NA,United States,NJ,Smithfort,https://www.bellinteractiveltd.example.com,12,2023-08-15,1
3263,Meza Industries LLC,Financial Services,Mid-Market,1728,363031000.0,NA,United States,PA,New Markmouth,https://www.mezaindustriesllc.example.com,59,2021-04-12,1
3264,Bird Partners Inc,Non-Profit,Mid-Market,381,109651000.0,EMEA,Germany,,Mejiabury,https://www.birdpartnersinc.example.com,4,2025-04-24,1
3265,Osborne Digital Ltd,Financial Services,SMB,6,874000.0,NA,United States,NV,Alexisville,https://www.osbornedigitalltd.example.com,11,2022-05-04,1
3266,Cross Metrics Group,Software & SaaS,SMB,43,5892000.0,EMEA,United Kingdom,,Port Brandon,https://www.crossmetricsgroup.example.com,18,2021-12-31,1
3267,Butler Health Corp,Financial Services,SMB,5,701000.0,NA,Canada,,Michaelshire,https://www.butlerhealthcorp.example.com,53,2024-02-06,1
3268,Berry Systems Co,Financial Services,SMB,26,4097000.0,NA,Canada,,Ashleyport,https://www.berrysystemsco.example.com,53,2023-09-11,1
3269,Ibarra Energy PLC,Retail & E-commerce,Mid-Market,636,82366000.0,EMEA,Spain,,East Thomasland,https://www.ibarraenergyplc.example.com,58,2026-06-23,1
3270,Diaz Energy Corp,Non-Profit,Mid-Market,343,73383000.0,NA,Canada,,Robertfort,https://www.diazenergycorp.example.com,8,2022-09-08,1
3271,James Works Ltd,Software & SaaS,Enterprise,25730,9896317000.0,EMEA,United Kingdom,,Rojastown,https://www.jamesworksltd.example.com,5,2021-09-21,1
3272,Thornton Technologies Co,Financial Services,SMB,60,6233000.0,EMEA,Spain,,New Jennaborough,https://www.thorntontechnologiesco.example.com,3,2026-04-06,1
3273,Shepherd Bioscience Inc,Retail & E-commerce,Mid-Market,236,65470000.0,EMEA,UAE,,Saraport,https://www.shepherdbioscienceinc.example.com,54,2022-12-28,1
3274,Ray Networks PLC,Non-Profit,SMB,50,7263000.0,APAC,India,,Robinsonville,https://www.raynetworksplc.example.com,23,2023-12-12,1
3275,Jensen Networks Co,Biotech & Pharma,SMB,11,1922000.0,LATAM,Colombia,,Oconnorhaven,https://www.jensennetworksco.example.com,44,2021-03-05,1
3276,Bryan Health LLC,Construction,Enterprise,9948,2756182000.0,NA,United States,WA,Farmerport,https://www.bryanhealthllc.example.com,48,2022-05-04,1
3277,Higgins Digital PLC,Software & SaaS,SMB,13,2012000.0,EMEA,Spain,,Maryport,https://www.higginsdigitalplc.example.com,42,2026-06-04,1
3278,Anthony Solutions Inc,Telecommunications,Mid-Market,406,103507000.0,NA,Canada,,South Joseshire,https://www.anthonysolutionsinc.example.com,34,2026-03-09,1
3279,Bush Solutions Group,Education,Mid-Market,1709,496576000.0,NA,United States,MD,Kempshire,https://www.bushsolutionsgroup.example.com,25,2026-05-25,1
3280,Freeman Health Group,Software & SaaS,Enterprise,9015,4600170000.0,EMEA,Germany,,Port Jamesland,https://www.freemanhealthgroup.example.com,21,2024-12-24,1
3281,Palmer Works Ltd,Energy & Utilities,SMB,18,2008000.0,EMEA,Spain,,South Michaelside,https://www.palmerworksltd.example.com,18,2023-02-03,1
3282,Roman Solutions AG,Energy & Utilities,SMB,36,4939000.0,APAC,India,,New Whitney,https://www.romansolutionsag.example.com,56,2023-06-13,1
3283,Molina Digital GmbH,Education,Mid-Market,1188,207623000.0,EMEA,Netherlands,,New Katieburgh,https://www.molinadigitalgmbh.example.com,57,2021-04-14,1
3284,Erickson Logistics LLC,Financial Services,Mid-Market,305,67152000.0,EMEA,United Kingdom,,East Michelle,https://www.ericksonlogisticsllc.example.com,57,2024-10-11,0
3285,Peterson Solutions Inc,Healthcare,SMB,6,886000.0,EMEA,Germany,,New Jessica,https://www.petersonsolutionsinc.example.com,1,2024-06-18,1
3286,Zavala Interactive GmbH,Logistics & Transportation,Mid-Market,499,127432000.0,NA,United States,AL,Atkinsborough,https://www.zavalainteractivegmbh.example.com,30,2024-03-20,1
3287,Navarro Foods Ltd,Software & SaaS,SMB,31,5486000.0,NA,United States,NH,Davisport,https://www.navarrofoodsltd.example.com,28,2022-07-13,1
3288,Richard Holdings Corp,Financial Services,SMB,39,8077000.0,EMEA,Spain,,North Andrewfort,https://www.richardholdingscorp.example.com,54,2022-01-12,0
3289,Stevenson Holdings GmbH,Energy & Utilities,Mid-Market,1109,170451000.0,EMEA,Sweden,,Freemanland,https://www.stevensonholdingsgmbh.example.com,21,2024-11-25,1
3290,Petersen Ventures LLC,Financial Services,SMB,25,4039000.0,NA,United States,MT,Lake Jessica,https://www.petersenventuresllc.example.com,48,2026-04-14,1
3291,Stokes Works LLC,Software & SaaS,SMB,46,8185000.0,NA,Canada,,Lake Meganville,https://www.stokesworksllc.example.com,26,2022-09-27,1
3292,Frank Cloud Co,Financial Services,Enterprise,11136,2155021000.0,NA,Canada,,New Bettyberg,https://www.frankcloudco.example.com,11,2021-03-19,1
3293,Fry Systems Group,Software & SaaS,Mid-Market,412,116662000.0,EMEA,Netherlands,,Port Wesleyville,https://www.frysystemsgroup.example.com,18,2025-08-04,1
3294,Clarke Interactive Group,Healthcare,Mid-Market,671,122319000.0,NA,Canada,,Michaelton,https://www.clarkeinteractivegroup.example.com,26,2024-02-09,1
3295,Cole Networks Ltd,Real Estate,SMB,37,3701000.0,NA,United States,GU,South Tylerland,https://www.colenetworksltd.example.com,31,2023-12-27,1
3296,Marks Health Group,Professional Services,Enterprise,9684,4257273000.0,NA,United States,PA,New Danielleshire,https://www.markshealthgroup.example.com,28,2025-12-23,1
3297,Velez Cloud Ltd,Software & SaaS,SMB,21,4496000.0,NA,United States,IA,Williamsville,https://www.velezcloudltd.example.com,30,2023-12-26,0
3298,Davidson Ventures Ltd,Media & Entertainment,SMB,7,917000.0,NA,Canada,,Woodstad,https://www.davidsonventuresltd.example.com,59,2023-09-18,1
3299,Perry Holdings GmbH,Software & SaaS,SMB,34,4626000.0,APAC,Australia,,Mcculloughberg,https://www.perryholdingsgmbh.example.com,23,2024-03-22,1
3300,Blackburn Health AG,Financial Services,Mid-Market,854,118417000.0,NA,Canada,,Schwartzmouth,https://www.blackburnhealthag.example.com,26,2022-12-30,0
3301,Wilkins Logistics Ltd,Professional Services,Enterprise,14752,4914124000.0,NA,Canada,,Millermouth,https://www.wilkinslogisticsltd.example.com,48,2022-02-18,1
3302,Lindsey Partners Group,Construction,Mid-Market,847,231350000.0,EMEA,Ireland,,Tiffanystad,https://www.lindseypartnersgroup.example.com,18,2021-12-23,1
3303,Klein Materials Ltd,Healthcare,Mid-Market,765,199668000.0,EMEA,Sweden,,Schwartzmouth,https://www.kleinmaterialsltd.example.com,21,2024-04-30,1
3304,Haas Technologies Co,Real Estate,SMB,15,1785000.0,NA,United States,FM,Lake Elizabeth,https://www.haastechnologiesco.example.com,59,2021-12-13,1
3305,West Health Co,Manufacturing,SMB,20,2020000.0,NA,United States,GA,Knappbury,https://www.westhealthco.example.com,49,2025-11-14,1
3306,Holder Solutions Corp,Professional Services,SMB,45,8672000.0,APAC,India,,Tracichester,https://www.holdersolutionscorp.example.com,41,2022-08-29,1
3307,Burton Analytics Inc,Media & Entertainment,SMB,91,11035000.0,LATAM,Colombia,,North Adrianland,https://www.burtonanalyticsinc.example.com,40,2023-10-18,1
3308,Mathis Analytics Group,Logistics & Transportation,SMB,30,3802000.0,NA,Canada,,Port Tonihaven,https://www.mathisanalyticsgroup.example.com,31,2021-03-05,1
3309,Mcintosh Partners Ltd,Professional Services,Mid-Market,387,114837000.0,EMEA,UAE,,Port Kristenview,https://www.mcintoshpartnersltd.example.com,32,2022-11-10,1
3310,Randall Analytics Inc,Energy & Utilities,Mid-Market,418,124737000.0,NA,Canada,,East Johnberg,https://www.randallanalyticsinc.example.com,59,2022-08-19,1
3311,Klein Logistics LLC,Construction,Mid-Market,270,47440000.0,NA,United States,SD,Grahamland,https://www.kleinlogisticsllc.example.com,26,2024-06-28,1
3312,Fleming Ventures Ltd,Manufacturing,SMB,47,5341000.0,NA,Canada,,West Amy,https://www.flemingventuresltd.example.com,17,2021-03-19,1
3313,Acosta Solutions AG,Construction,SMB,10,2167000.0,EMEA,United Kingdom,,Javierport,https://www.acostasolutionsag.example.com,60,2022-08-26,1
3314,Wright Digital LLC,Professional Services,SMB,38,7278000.0,NA,Canada,,Thomasfurt,https://www.wrightdigitalllc.example.com,51,2025-03-27,1
3315,Conrad Industries Inc,Retail & E-commerce,SMB,30,6327000.0,NA,United States,OR,Lake Loganstad,https://www.conradindustriesinc.example.com,53,2023-12-22,1
3316,Griffin Systems Corp,Logistics & Transportation,SMB,79,15960000.0,NA,Canada,,South William,https://www.griffinsystemscorp.example.com,11,2024-09-06,1
3317,Castillo Networks Inc,Non-Profit,SMB,21,4364000.0,NA,United States,AS,North Lisa,https://www.castillonetworksinc.example.com,22,2024-07-24,1
3318,Diaz Dynamics AG,Media & Entertainment,SMB,26,3959000.0,NA,Canada,,Cruzbury,https://www.diazdynamicsag.example.com,17,2023-12-13,1
3319,Beck Foods GmbH,Healthcare,Mid-Market,200,49655000.0,EMEA,France,,Jamesside,https://www.beckfoodsgmbh.example.com,1,2022-08-01,1
3320,Graham Ventures LLC,Software & SaaS,SMB,69,7740000.0,EMEA,Germany,,West Robertfort,https://www.grahamventuresllc.example.com,36,2022-08-19,1
3321,Washington Materials Inc,Healthcare,SMB,29,3842000.0,NA,Canada,,Evansberg,https://www.washingtonmaterialsinc.example.com,49,2021-03-16,1
3322,Davies Labs Co,Financial Services,SMB,13,1664000.0,NA,Canada,,Georgeside,https://www.davieslabsco.example.com,17,2021-10-06,1
3323,Whitaker Ventures Corp,Software & SaaS,SMB,200,36645000.0,EMEA,Netherlands,,East Douglas,https://www.whitakerventurescorp.example.com,3,2023-05-19,1
3324,Morgan Interactive PLC,Energy & Utilities,SMB,14,1307000.0,NA,United States,MI,North Timothyport,https://www.morganinteractiveplc.example.com,37,2025-07-11,1
3325,Terry Technologies AG,Manufacturing,SMB,30,3254000.0,NA,United States,NC,South Jennifer,https://www.terrytechnologiesag.example.com,53,2023-09-08,1
3326,Molina Works Corp,Software & SaaS,SMB,41,7330000.0,APAC,India,,West Kenneth,https://www.molinaworkscorp.example.com,13,2022-07-22,1
3327,Yang Ventures GmbH,Healthcare,SMB,38,4030000.0,EMEA,UAE,,Tylerland,https://www.yangventuresgmbh.example.com,1,2025-01-13,1
3328,Mann Labs Group,Financial Services,Enterprise,14286,4439808000.0,NA,United States,NY,Troyton,https://www.mannlabsgroup.example.com,53,2022-11-10,1
3329,Shaw Technologies Group,Media & Entertainment,SMB,27,2600000.0,NA,Canada,,West Autumnmouth,https://www.shawtechnologiesgroup.example.com,52,2021-12-31,1
3330,Baker Holdings AG,Retail & E-commerce,SMB,27,2813000.0,NA,Canada,,North Joyside,https://www.bakerholdingsag.example.com,31,2021-04-22,1
3331,Wagner Cloud Group,Biotech & Pharma,SMB,26,4674000.0,NA,United States,FM,South Lisaville,https://www.wagnercloudgroup.example.com,35,2025-01-02,1
3332,Anderson Holdings LLC,Media & Entertainment,SMB,13,1405000.0,APAC,Australia,,Port Brandon,https://www.andersonholdingsllc.example.com,56,2023-09-14,1
3333,Cooper Technologies Ltd,Real Estate,SMB,158,17225000.0,EMEA,Netherlands,,East Austin,https://www.coopertechnologiesltd.example.com,18,2023-06-26,1
3334,Proctor Industries Ltd,Healthcare,Mid-Market,580,185498000.0,NA,United States,CA,Andrewfort,https://www.proctorindustriesltd.example.com,39,2024-04-16,1
3335,Ellis Bioscience Co,Real Estate,SMB,26,3118000.0,NA,Canada,,Crosbystad,https://www.ellisbioscienceco.example.com,22,2023-08-24,1
3336,Banks Works Inc,Telecommunications,Mid-Market,1166,196776000.0,NA,United States,NE,Lake Jamesport,https://www.banksworksinc.example.com,30,2022-05-27,1
3337,Spencer Materials LLC,Automotive,SMB,49,9193000.0,NA,United States,SC,New Juan,https://www.spencermaterialsllc.example.com,29,2023-09-18,1
3338,Larson Bioscience PLC,Energy & Utilities,SMB,24,2785000.0,EMEA,France,,Port Chad,https://www.larsonbioscienceplc.example.com,46,2021-07-12,1
3339,Joyce Interactive LLC,Non-Profit,SMB,24,2270000.0,NA,United States,NE,New Michellemouth,https://www.joyceinteractivellc.example.com,48,2022-03-04,1
3340,Gamble Ventures Group,Hospitality,SMB,22,4571000.0,APAC,Japan,,Lake Michaelborough,https://www.gambleventuresgroup.example.com,50,2023-04-08,1
3341,Peterson Metrics GmbH,Non-Profit,SMB,9,1835000.0,EMEA,United Kingdom,,Robertsonland,https://www.petersonmetricsgmbh.example.com,18,2021-04-06,1
3342,Galvan Systems Corp,Media & Entertainment,Enterprise,37490,6343435000.0,APAC,India,,Stevenston,https://www.galvansystemscorp.example.com,13,2024-12-19,1
3343,Massey Interactive Corp,Financial Services,Mid-Market,224,48065000.0,APAC,Singapore,,Garrettfurt,https://www.masseyinteractivecorp.example.com,23,2021-03-08,1
3344,Caldwell Robotics AG,Media & Entertainment,Enterprise,10645,4492274000.0,APAC,Japan,,Jacobsmouth,https://www.caldwellroboticsag.example.com,41,2022-06-24,1
3345,Frost Materials GmbH,Biotech & Pharma,SMB,28,3193000.0,LATAM,Mexico,,West Joseph,https://www.frostmaterialsgmbh.example.com,44,2022-11-21,1
3346,Atkinson Cloud PLC,Construction,Mid-Market,776,234378000.0,NA,Canada,,West Taylorland,https://www.atkinsoncloudplc.example.com,33,2024-01-18,1
3347,Flowers Partners LLC,Biotech & Pharma,SMB,23,2863000.0,NA,United States,NE,Kempshire,https://www.flowerspartnersllc.example.com,28,2021-08-09,1
3348,Harris Technologies Group,Retail & E-commerce,SMB,76,8703000.0,NA,United States,PR,New Katieport,https://www.harristechnologiesgroup.example.com,31,2024-12-18,1
3349,Rasmussen Health Ltd,Professional Services,Enterprise,17100,7485819000.0,EMEA,Netherlands,,North Lisa,https://www.rasmussenhealthltd.example.com,19,2022-09-30,1
3350,Schroeder Foods GmbH,Retail & E-commerce,Mid-Market,1139,160162000.0,EMEA,Germany,,Port Brandon,https://www.schroederfoodsgmbh.example.com,58,2021-12-22,1
3351,Long Dynamics Co,Energy & Utilities,Mid-Market,200,61130000.0,NA,United States,IN,Teresabury,https://www.longdynamicsco.example.com,12,2021-05-19,1
3352,Velazquez Holdings PLC,Retail & E-commerce,Mid-Market,516,112298000.0,APAC,India,,Dannyburgh,https://www.velazquezholdingsplc.example.com,41,2025-10-27,1
3353,Guzman Industries Group,Healthcare,SMB,12,2202000.0,EMEA,Germany,,New Philip,https://www.guzmanindustriesgroup.example.com,7,2022-08-29,1
3354,King Interactive Corp,Retail & E-commerce,Mid-Market,2000,597216000.0,EMEA,Germany,,Frankview,https://www.kinginteractivecorp.example.com,46,2022-07-11,1
3355,Mills Bioscience Ltd,Healthcare,SMB,20,2450000.0,NA,United States,GA,Ryanside,https://www.millsbioscienceltd.example.com,16,2021-09-17,1
3356,Clayton Labs Ltd,Retail & E-commerce,Enterprise,14857,4083071000.0,NA,Canada,,North Robert,https://www.claytonlabsltd.example.com,48,2023-02-16,1
3357,Holder Robotics LLC,Energy & Utilities,Mid-Market,956,233526000.0,NA,United States,CO,Rojastown,https://www.holderroboticsllc.example.com,11,2022-04-05,1
3358,Townsend Foods Corp,Financial Services,SMB,16,3377000.0,NA,Canada,,West Autumnmouth,https://www.townsendfoodscorp.example.com,38,2021-08-31,1
3359,Jones Partners GmbH,Energy & Utilities,SMB,93,18376000.0,EMEA,Spain,,South Amandaville,https://www.jonespartnersgmbh.example.com,54,2024-06-25,1
3360,Wagner Cloud Co,Software & SaaS,SMB,16,2664000.0,NA,United States,TX,Stephanieview,https://www.wagnercloudco.example.com,52,2025-07-24,1
3361,Oconnor Metrics PLC,Software & SaaS,SMB,48,4376000.0,NA,Canada,,South Jenniferside,https://www.oconnormetricsplc.example.com,38,2022-05-31,1
3362,Christian Technologies GmbH,Financial Services,SMB,65,13317000.0,NA,United States,SD,Phillipston,https://www.christiantechnologiesgmb.example.com,37,2022-02-17,1
3363,Huynh Dynamics Group,Financial Services,Mid-Market,200,50857000.0,EMEA,Spain,,Laurenborough,https://www.huynhdynamicsgroup.example.com,36,2022-06-27,1
3364,Hampton Robotics Group,Professional Services,SMB,28,5169000.0,NA,United States,CA,Lake Deborah,https://www.hamptonroboticsgroup.example.com,39,2025-10-23,1
3365,Watkins Metrics Ltd,Real Estate,Mid-Market,1036,284483000.0,LATAM,Colombia,,Lake Michaelberg,https://www.watkinsmetricsltd.example.com,44,2023-06-29,1
3366,Goodman Capital Co,Energy & Utilities,SMB,11,2117000.0,NA,United States,TX,North Terri,https://www.goodmancapitalco.example.com,11,2021-08-31,1
3367,Keller Energy AG,Telecommunications,SMB,11,1093000.0,APAC,India,,South Emily,https://www.kellerenergyag.example.com,13,2023-10-17,1
3368,Owens Foods LLC,Energy & Utilities,SMB,60,10927000.0,NA,Canada,,Lake Mitchell,https://www.owensfoodsllc.example.com,11,2022-08-24,1
3369,West Labs Corp,Professional Services,Mid-Market,360,48034000.0,NA,Canada,,North Logan,https://www.westlabscorp.example.com,59,2021-01-29,1
3370,Mack Systems Inc,Logistics & Transportation,SMB,12,2335000.0,LATAM,Mexico,,Martinezchester,https://www.macksystemsinc.example.com,40,2026-03-26,1
3371,Singh Systems Corp,Software & SaaS,SMB,42,9003000.0,EMEA,Spain,,North Thomas,https://www.singhsystemscorp.example.com,60,2021-06-09,1
3372,Buckley Works Ltd,Hospitality,SMB,34,5626000.0,EMEA,United Kingdom,,South Kaylee,https://www.buckleyworksltd.example.com,60,2022-09-13,1
3373,Taylor Cloud GmbH,Retail & E-commerce,Mid-Market,1062,260778000.0,EMEA,UAE,,Markshire,https://www.taylorcloudgmbh.example.com,3,2023-12-06,1
3374,Cross Bioscience GmbH,Biotech & Pharma,SMB,41,6398000.0,NA,United States,FM,Lewisbury,https://www.crossbiosciencegmbh.example.com,28,2023-07-05,1
3375,Richards Systems Inc,Government & Public Sector,SMB,45,6539000.0,EMEA,Sweden,,Ellisville,https://www.richardssystemsinc.example.com,5,2021-01-07,1
3376,Lopez Metrics GmbH,Manufacturing,Mid-Market,376,114600000.0,NA,United States,IA,New Juan,https://www.lopezmetricsgmbh.example.com,26,2023-09-01,1
3377,Melton Works PLC,Biotech & Pharma,Mid-Market,607,188913000.0,EMEA,Sweden,,Moniqueport,https://www.meltonworksplc.example.com,19,2024-05-02,1
3378,Boyer Energy LLC,Software & SaaS,SMB,15,2718000.0,APAC,Singapore,,East Jenniferfort,https://www.boyerenergyllc.example.com,56,2025-03-06,1
3379,Long Ventures LLC,Energy & Utilities,SMB,15,3146000.0,APAC,Australia,,West Taylorland,https://www.longventuresllc.example.com,41,2021-09-22,1
3380,Bowen Analytics PLC,Energy & Utilities,SMB,54,9070000.0,EMEA,UAE,,Stevenside,https://www.bowenanalyticsplc.example.com,42,2021-02-26,1
3381,Mann Networks PLC,Hospitality,SMB,19,2271000.0,EMEA,France,,Jillton,https://www.mannnetworksplc.example.com,7,2025-12-23,1
3382,Higgins Technologies LLC,Retail & E-commerce,Mid-Market,422,132366000.0,EMEA,Sweden,,West Michaelport,https://www.higginstechnologiesllc.example.com,36,2024-01-18,1
3383,Cortez Health Corp,Financial Services,SMB,5,461000.0,NA,United States,KS,Jamestown,https://www.cortezhealthcorp.example.com,12,2022-11-21,1
3384,Key Metrics GmbH,Software & SaaS,SMB,51,8695000.0,APAC,India,,Maryberg,https://www.keymetricsgmbh.example.com,50,2024-04-26,1
3385,Curtis Holdings Inc,Retail & E-commerce,SMB,14,2834000.0,EMEA,United Kingdom,,East Amyside,https://www.curtisholdingsinc.example.com,57,2021-08-12,1
3386,Bolton Systems Co,Retail & E-commerce,SMB,44,4337000.0,NA,United States,ND,North Williamhaven,https://www.boltonsystemsco.example.com,43,2026-02-16,1
3387,Ayers Industries GmbH,Manufacturing,SMB,89,12610000.0,EMEA,Netherlands,,New Danielfurt,https://www.ayersindustriesgmbh.example.com,1,2023-11-30,1
3388,Grant Interactive Inc,Education,Mid-Market,633,157722000.0,NA,United States,KS,Jamesland,https://www.grantinteractiveinc.example.com,8,2025-05-23,1
3389,Randall Health Co,Logistics & Transportation,SMB,32,6791000.0,APAC,Australia,,Jillianfort,https://www.randallhealthco.example.com,50,2023-05-17,1
3390,Mccarty Dynamics Ltd,Software & SaaS,Enterprise,41016,14195910000.0,APAC,New Zealand,,West Kenneth,https://www.mccartydynamicsltd.example.com,13,2024-11-01,1
3391,Butler Networks Group,Software & SaaS,Mid-Market,413,101869000.0,NA,Canada,,Port Robert,https://www.butlernetworksgroup.example.com,12,2022-04-19,1
3392,Hudson Networks Co,Government & Public Sector,SMB,66,10244000.0,NA,Canada,,East Ericbury,https://www.hudsonnetworksco.example.com,15,2021-06-29,1
3393,Mccoy Dynamics PLC,Real Estate,SMB,35,4154000.0,EMEA,France,,East Aprilstad,https://www.mccoydynamicsplc.example.com,57,2022-06-01,1
3394,Dennis Networks Group,Retail & E-commerce,SMB,104,14141000.0,NA,Canada,,Bryanfort,https://www.dennisnetworksgroup.example.com,53,2025-07-18,1
3395,Cardenas Interactive Co,Retail & E-commerce,SMB,14,2003000.0,LATAM,Colombia,,Hansenmouth,https://www.cardenasinteractiveco.example.com,44,2024-03-01,1
3396,Dunlap Labs Co,Software & SaaS,SMB,31,3263000.0,NA,United States,IL,Robinsonville,https://www.dunlaplabsco.example.com,55,2022-11-23,0
3397,Benson Digital Inc,Healthcare,Mid-Market,534,123083000.0,NA,United States,FM,Brittanyland,https://www.bensondigitalinc.example.com,9,2021-12-05,1
3398,Dominguez Health LLC,Professional Services,SMB,52,9147000.0,NA,Canada,,Hendersonton,https://www.dominguezhealthllc.example.com,11,2023-08-06,1
3399,Lopez Capital Ltd,Software & SaaS,SMB,27,4508000.0,EMEA,Germany,,Atkinsborough,https://www.lopezcapitalltd.example.com,21,2023-07-24,1
3400,Russell Logistics Co,Software & SaaS,SMB,75,13065000.0,EMEA,Sweden,,Port Davidtown,https://www.russelllogisticsco.example.com,58,2023-03-28,1
3401,Stevens Robotics AG,Logistics & Transportation,SMB,22,3727000.0,APAC,Australia,,South Jonathanbury,https://www.stevensroboticsag.example.com,23,2024-05-28,1
3402,Nunez Foods GmbH,Hospitality,Enterprise,19917,7534983000.0,LATAM,Mexico,,New Tara,https://www.nunezfoodsgmbh.example.com,40,2021-12-14,1
3403,Guerrero Materials LLC,Manufacturing,SMB,149,13733000.0,EMEA,Germany,,West Autumnmouth,https://www.guerreromaterialsllc.example.com,42,2023-02-24,1
3404,Wallace Bioscience AG,Education,Mid-Market,261,63034000.0,NA,United States,TX,Port Scott,https://www.wallacebioscienceag.example.com,55,2022-03-21,1
3405,Vaughan Solutions GmbH,Non-Profit,Mid-Market,913,221333000.0,NA,United States,IN,Schmidtfurt,https://www.vaughansolutionsgmbh.example.com,35,2021-10-22,1
3406,Gutierrez Analytics Corp,Government & Public Sector,SMB,155,17465000.0,APAC,Australia,,Kevinbury,https://www.gutierrezanalyticscorp.example.com,50,2022-04-28,1
3407,Ali Cloud Ltd,Retail & E-commerce,SMB,39,4349000.0,NA,United States,WY,Teresabury,https://www.alicloudltd.example.com,39,2024-11-07,1
3408,Houston Foods Group,Healthcare,SMB,47,4828000.0,APAC,Japan,,Port Anthonychester,https://www.houstonfoodsgroup.example.com,50,2021-06-08,1
3409,Jefferson Ventures Inc,Media & Entertainment,Mid-Market,721,92635000.0,APAC,Japan,,Chloemouth,https://www.jeffersonventuresinc.example.com,23,2022-01-31,1
3410,Oconnell Robotics Group,Biotech & Pharma,SMB,77,14292000.0,EMEA,UAE,,Cassandraberg,https://www.oconnellroboticsgroup.example.com,1,2023-03-30,1
3411,Carroll Cloud PLC,Energy & Utilities,Mid-Market,200,27555000.0,EMEA,Germany,,Wesleychester,https://www.carrollcloudplc.example.com,58,2022-08-23,1
3412,Lyons Bioscience Ltd,Construction,Mid-Market,1331,324609000.0,LATAM,Colombia,,Jaredshire,https://www.lyonsbioscienceltd.example.com,40,2024-12-31,1
3413,Gamble Interactive Corp,Media & Entertainment,Mid-Market,554,101295000.0,EMEA,United Kingdom,,Myersshire,https://www.gambleinteractivecorp.example.com,3,2024-09-10,1
3414,Kirk Materials Co,Software & SaaS,SMB,12,1267000.0,EMEA,Netherlands,,Savageview,https://www.kirkmaterialsco.example.com,7,2024-01-11,1
3415,Arellano Foods GmbH,Retail & E-commerce,SMB,11,1946000.0,NA,Canada,,Shannonstad,https://www.arellanofoodsgmbh.example.com,33,2022-02-10,1
3416,Liu Robotics PLC,Non-Profit,Mid-Market,714,128724000.0,NA,Canada,,Angelaland,https://www.liuroboticsplc.example.com,15,2021-02-04,1
3417,Bailey Holdings Ltd,Software & SaaS,SMB,81,9168000.0,NA,Canada,,Oconnorhaven,https://www.baileyholdingsltd.example.com,43,2022-03-28,1
3418,Smith Capital Co,Education,Mid-Market,1122,178048000.0,LATAM,Argentina,,West Cassandra,https://www.smithcapitalco.example.com,40,2023-08-14,1
3419,Perry Dynamics Inc,Manufacturing,SMB,38,4004000.0,EMEA,Netherlands,,Lake Jose,https://www.perrydynamicsinc.example.com,32,2021-05-24,1
3420,Vaughn Interactive Corp,Manufacturing,SMB,26,2889000.0,EMEA,Spain,,North Angelaton,https://www.vaughninteractivecorp.example.com,58,2024-12-23,1
3421,Nash Logistics LLC,Media & Entertainment,Mid-Market,808,226413000.0,NA,Canada,,Jamesfurt,https://www.nashlogisticsllc.example.com,12,2026-06-03,1
3422,Winters Robotics PLC,Manufacturing,SMB,31,4839000.0,APAC,Japan,,Rivasfort,https://www.wintersroboticsplc.example.com,23,2024-05-27,1
3423,Cruz Health Corp,Biotech & Pharma,SMB,5,870000.0,NA,United States,MD,Deborahberg,https://www.cruzhealthcorp.example.com,2,2022-09-14,1
3424,Aguilar Logistics Group,Healthcare,SMB,27,5280000.0,EMEA,Spain,,New Michaelside,https://www.aguilarlogisticsgroup.example.com,5,2024-10-23,1
3425,Tran Logistics Co,Real Estate,SMB,17,1814000.0,NA,Canada,,Markshire,https://www.tranlogisticsco.example.com,49,2022-01-25,1
3426,Newman Technologies Co,Software & SaaS,Mid-Market,1515,473992000.0,APAC,New Zealand,,Port Charleshaven,https://www.newmantechnologiesco.example.com,50,2026-01-28,0
3427,Osborne Analytics AG,Healthcare,SMB,62,10546000.0,EMEA,Sweden,,New Jennaborough,https://www.osborneanalyticsag.example.com,27,2022-06-17,1
3428,Ford Metrics LLC,Financial Services,SMB,66,12580000.0,NA,Canada,,Whitebury,https://www.fordmetricsllc.example.com,25,2024-02-12,1
3429,Goodman Digital GmbH,Financial Services,SMB,48,6269000.0,NA,Canada,,Whitehaven,https://www.goodmandigitalgmbh.example.com,8,2021-02-01,1
3430,Oconnor Capital LLC,Media & Entertainment,Enterprise,49172,14375547000.0,NA,Canada,,Jensenport,https://www.oconnorcapitalllc.example.com,28,2023-10-12,1
3431,Hill Labs GmbH,Manufacturing,SMB,42,4215000.0,NA,Canada,,Arthurton,https://www.hilllabsgmbh.example.com,10,2022-03-04,1
3432,Black Bioscience Co,Software & SaaS,Enterprise,9421,3595143000.0,NA,United States,PR,New Jasminefort,https://www.blackbioscienceco.example.com,29,2021-05-25,1
3433,Fowler Logistics Co,Hospitality,Mid-Market,507,124495000.0,NA,Canada,,North Patrick,https://www.fowlerlogisticsco.example.com,38,2022-10-14,1
3434,Hart Holdings PLC,Energy & Utilities,SMB,10,1103000.0,NA,United States,PA,Ryanburgh,https://www.hartholdingsplc.example.com,24,2021-05-31,1
3435,Shaw Digital Inc,Construction,Mid-Market,1373,424372000.0,NA,Canada,,New Sandra,https://www.shawdigitalinc.example.com,9,2021-09-23,1
3436,Gray Foods GmbH,Professional Services,Mid-Market,693,205666000.0,EMEA,Sweden,,North Neil,https://www.grayfoodsgmbh.example.com,4,2025-07-11,0
3437,King Analytics PLC,Logistics & Transportation,SMB,49,4993000.0,NA,United States,WA,Andersonborough,https://www.kinganalyticsplc.example.com,52,2021-03-29,1
3438,Mcmahon Metrics LLC,Retail & E-commerce,SMB,50,10267000.0,NA,Canada,,Sawyerland,https://www.mcmahonmetricsllc.example.com,31,2023-09-29,1
3439,Cantu Analytics Inc,Biotech & Pharma,Mid-Market,925,151316000.0,APAC,Japan,,Lake Beth,https://www.cantuanalyticsinc.example.com,23,2021-03-25,1
3440,Mccoy Health PLC,Retail & E-commerce,Mid-Market,856,129004000.0,NA,Canada,,Lake Wendybury,https://www.mccoyhealthplc.example.com,2,2024-04-09,1
3441,Costa Solutions Inc,Logistics & Transportation,Mid-Market,1603,260195000.0,EMEA,Ireland,,Maryport,https://www.costasolutionsinc.example.com,18,2026-04-29,1
3442,Stone Cloud Ltd,Healthcare,Enterprise,21547,6815009000.0,APAC,New Zealand,,Bryanfort,https://www.stonecloudltd.example.com,13,2022-10-06,1
3443,Frank Materials Group,Healthcare,SMB,80,11118000.0,EMEA,Spain,,New Jennaborough,https://www.frankmaterialsgroup.example.com,7,2026-03-20,1
3444,Frey Cloud PLC,Hospitality,Mid-Market,1086,151217000.0,EMEA,Germany,,Lake Susanland,https://www.freycloudplc.example.com,20,2023-11-05,1
3445,Herring Cloud AG,Financial Services,Mid-Market,453,107169000.0,EMEA,Netherlands,,Glennshire,https://www.herringcloudag.example.com,45,2023-07-30,1
3446,Haas Partners GmbH,Financial Services,SMB,154,24337000.0,APAC,Australia,,Hansenmouth,https://www.haaspartnersgmbh.example.com,41,2021-09-07,0
3447,Mckee Solutions PLC,Telecommunications,SMB,8,1519000.0,APAC,India,,Annashire,https://www.mckeesolutionsplc.example.com,13,2026-01-20,1
3448,Pierce Analytics Ltd,Hospitality,SMB,23,3181000.0,NA,Canada,,Vasquezburgh,https://www.pierceanalyticsltd.example.com,33,2025-04-04,1
3449,Wheeler Foods Inc,Biotech & Pharma,Mid-Market,390,68847000.0,EMEA,Spain,,Jordanport,https://www.wheelerfoodsinc.example.com,45,2021-06-28,1
3450,Tapia Dynamics AG,Energy & Utilities,SMB,18,3139000.0,APAC,Australia,,Tiffanystad,https://www.tapiadynamicsag.example.com,41,2021-02-16,1
3451,Estrada Technologies AG,Manufacturing,Mid-Market,609,184273000.0,APAC,Japan,,South Shannonfurt,https://www.estradatechnologiesag.example.com,56,2022-06-08,1
3452,Melton Metrics Inc,Logistics & Transportation,SMB,35,3499000.0,NA,United States,MO,Mooremouth,https://www.meltonmetricsinc.example.com,53,2021-08-18,1
3453,Glass Health GmbH,Financial Services,SMB,31,4728000.0,NA,Canada,,South Jacqueline,https://www.glasshealthgmbh.example.com,2,2022-05-04,1
3454,Salas Ventures Inc,Financial Services,SMB,26,2666000.0,NA,Canada,,Fernandoland,https://www.salasventuresinc.example.com,47,2026-02-16,1
3455,Armstrong Labs Ltd,Government & Public Sector,SMB,68,8315000.0,NA,United States,RI,East Mark,https://www.armstronglabsltd.example.com,25,2025-04-07,1
3456,Zamora Bioscience Group,Hospitality,Mid-Market,357,86637000.0,EMEA,France,,Wesleychester,https://www.zamorabiosciencegroup.example.com,42,2022-10-26,1
3457,Hansen Bioscience LLC,Healthcare,SMB,13,1666000.0,NA,Canada,,Port Daniel,https://www.hansenbiosciencellc.example.com,39,2022-01-31,1
3458,Ramsey Systems Group,Manufacturing,Enterprise,14517,6911618000.0,NA,United States,VA,Port Scott,https://www.ramseysystemsgroup.example.com,2,2023-06-21,1
3459,Ochoa Foods Group,Construction,SMB,14,2566000.0,NA,Canada,,West Geoffrey,https://www.ochoafoodsgroup.example.com,52,2025-12-04,1
3460,Hampton Logistics Corp,Manufacturing,Enterprise,8915,3732396000.0,APAC,Australia,,Amandamouth,https://www.hamptonlogisticscorp.example.com,13,2024-10-04,1
3461,Wheeler Capital Group,Healthcare,SMB,14,2487000.0,APAC,Japan,,East Julie,https://www.wheelercapitalgroup.example.com,23,2025-04-25,1
3462,Farrell Logistics Co,Financial Services,SMB,24,4491000.0,APAC,Singapore,,West Shannon,https://www.farrelllogisticsco.example.com,41,2024-07-17,1
3463,Quinn Dynamics Ltd,Manufacturing,SMB,12,1176000.0,APAC,New Zealand,,Duffyshire,https://www.quinndynamicsltd.example.com,13,2023-02-10,1
3464,Villegas Energy Co,Manufacturing,SMB,30,6576000.0,LATAM,Chile,,Michelleland,https://www.villegasenergyco.example.com,40,2021-07-14,1
3465,Buckley Bioscience Ltd,Telecommunications,SMB,27,2621000.0,NA,United States,VI,Amyside,https://www.buckleybioscienceltd.example.com,55,2024-12-12,1
3466,Vargas Capital Corp,Manufacturing,Mid-Market,287,55082000.0,NA,United States,GU,Kristyport,https://www.vargascapitalcorp.example.com,33,2023-11-23,1
3467,Taylor Labs Group,Retail & E-commerce,SMB,17,3355000.0,APAC,India,,East Kristen,https://www.taylorlabsgroup.example.com,41,2024-08-26,1
3468,Harrington Ventures LLC,Healthcare,SMB,60,11174000.0,EMEA,Ireland,,Howardmouth,https://www.harringtonventuresllc.example.com,1,2024-05-17,1
3469,Shields Digital Group,Healthcare,SMB,30,5008000.0,NA,United States,WY,South John,https://www.shieldsdigitalgroup.example.com,15,2021-12-16,1
3470,Aguilar Interactive LLC,Healthcare,SMB,70,10294000.0,LATAM,Brazil,,Jaredshire,https://www.aguilarinteractivellc.example.com,40,2022-02-16,1
3471,Combs Energy Co,Retail & E-commerce,Mid-Market,200,63386000.0,NA,Canada,,South John,https://www.combsenergyco.example.com,11,2025-03-24,1
3472,Reese Metrics Ltd,Retail & E-commerce,SMB,27,5088000.0,APAC,India,,Wendyfurt,https://www.reesemetricsltd.example.com,23,2022-09-05,1
3473,Wallace Health GmbH,Software & SaaS,Mid-Market,200,62128000.0,EMEA,Netherlands,,North Adrianland,https://www.wallacehealthgmbh.example.com,46,2021-09-14,1
3474,Byrd Cloud Group,Biotech & Pharma,Enterprise,21256,4246524000.0,NA,Canada,,Nixonland,https://www.byrdcloudgroup.example.com,38,2023-11-07,1
3475,Peters Interactive LLC,Manufacturing,SMB,31,5772000.0,APAC,Singapore,,Lake Danielle,https://www.petersinteractivellc.example.com,50,2022-03-08,1
3476,Briggs Technologies GmbH,Real Estate,SMB,20,2157000.0,EMEA,France,,Port Jordanshire,https://www.briggstechnologiesgmbh.example.com,36,2023-11-07,1
3477,Rodgers Foods PLC,Non-Profit,SMB,31,5984000.0,EMEA,Netherlands,,South Henry,https://www.rodgersfoodsplc.example.com,3,2023-07-15,1
3478,Thornton Analytics Group,Software & SaaS,SMB,53,5311000.0,EMEA,Sweden,,Susanland,https://www.thorntonanalyticsgroup.example.com,58,2023-12-14,1
3479,Ibarra Energy AG,Software & SaaS,SMB,23,3567000.0,NA,Canada,,East Thomasland,https://www.ibarraenergyag.example.com,48,2026-06-25,1
3480,Brewer Solutions Ltd,Financial Services,Enterprise,82023,36734587000.0,NA,Canada,,Port Robert,https://www.brewersolutionsltd.example.com,38,2022-02-02,1
3481,Cortez Logistics PLC,Government & Public Sector,Mid-Market,2000,551446000.0,NA,United States,TN,East Charles,https://www.cortezlogisticsplc.example.com,30,2026-04-17,1
3482,Lane Robotics Corp,Logistics & Transportation,SMB,46,7998000.0,NA,United States,NC,New Hectorfort,https://www.laneroboticscorp.example.com,47,2024-07-25,0
3483,Ruiz Industries Corp,Healthcare,Mid-Market,386,107438000.0,NA,Canada,,Christinachester,https://www.ruizindustriescorp.example.com,43,2025-03-20,1
3484,Lester Health Corp,Software & SaaS,SMB,17,3346000.0,EMEA,Spain,,North Courtney,https://www.lesterhealthcorp.example.com,46,2024-11-06,1
3485,Jordan Digital PLC,Software & SaaS,Mid-Market,2000,630908000.0,NA,United States,ID,Sparksmouth,https://www.jordandigitalplc.example.com,24,2021-02-07,1
3486,Mcpherson Health GmbH,Media & Entertainment,SMB,55,8261000.0,EMEA,France,,South Joseshire,https://www.mcphersonhealthgmbh.example.com,42,2023-02-10,1
3487,Wilcox Materials GmbH,Telecommunications,SMB,20,2416000.0,NA,United States,NJ,Reillyberg,https://www.wilcoxmaterialsgmbh.example.com,47,2021-05-31,1
3488,Romero Technologies Group,Manufacturing,Enterprise,11794,3320035000.0,NA,United States,TX,North Lisa,https://www.romerotechnologiesgroup.example.com,14,2024-01-01,1
3489,Castillo Capital PLC,Healthcare,Mid-Market,855,205278000.0,LATAM,Colombia,,Phillipston,https://www.castillocapitalplc.example.com,44,2021-03-24,1
3490,Cook Works PLC,Professional Services,Mid-Market,609,180266000.0,LATAM,Argentina,,Cruzbury,https://www.cookworksplc.example.com,40,2021-02-22,1
3491,Guerra Robotics Inc,Hospitality,SMB,59,9073000.0,APAC,Japan,,Robertmouth,https://www.guerraroboticsinc.example.com,23,2025-08-29,1
3492,Fernandez Materials GmbH,Manufacturing,Mid-Market,205,27258000.0,NA,United States,SC,Port Patriciamouth,https://www.fernandezmaterialsgmbh.example.com,49,2025-09-26,1
3493,Price Foods LLC,Real Estate,SMB,33,4043000.0,EMEA,Germany,,East Cynthiaport,https://www.pricefoodsllc.example.com,21,2023-09-28,1
3494,Young Analytics LLC,Hospitality,SMB,98,15556000.0,NA,Canada,,Port Belindatown,https://www.younganalyticsllc.example.com,31,2022-11-30,1
3495,Mcbride Labs Inc,Manufacturing,SMB,13,1952000.0,EMEA,United Kingdom,,Lake Wendybury,https://www.mcbridelabsinc.example.com,46,2025-01-01,1
3496,Taylor Robotics Co,Financial Services,SMB,10,1915000.0,APAC,Japan,,New Katieport,https://www.taylorroboticsco.example.com,56,2026-03-09,1
3497,House Industries Inc,Manufacturing,SMB,19,2303000.0,NA,United States,MS,South Jonathanbury,https://www.houseindustriesinc.example.com,43,2021-03-18,1
3498,Osborne Capital Co,Software & SaaS,SMB,11,1276000.0,APAC,Australia,,Knappbury,https://www.osbornecapitalco.example.com,56,2021-05-26,1
3499,Patterson Metrics PLC,Software & SaaS,Mid-Market,634,146335000.0,EMEA,Netherlands,,West David,https://www.pattersonmetricsplc.example.com,18,2025-08-22,1
3500,Fox Energy Co,Professional Services,Mid-Market,2000,441007000.0,NA,Canada,,Martinezside,https://www.foxenergyco.example.com,38,2021-05-20,1
3501,Pratt Solutions Group,Hospitality,Enterprise,20322,10096064000.0,NA,Canada,,New Markmouth,https://www.prattsolutionsgroup.example.com,10,2024-03-30,1
3502,Love Logistics Corp,Education,SMB,11,1668000.0,APAC,India,,Angelamouth,https://www.lovelogisticscorp.example.com,56,2023-05-11,1
3503,Mcclure Labs PLC,Hospitality,Enterprise,8357,3152375000.0,NA,United States,WV,Destinyfurt,https://www.mcclurelabsplc.example.com,43,2023-03-14,1
3504,Durham Analytics Corp,Biotech & Pharma,SMB,50,4828000.0,NA,United States,WA,Jenkinsburgh,https://www.durhamanalyticscorp.example.com,47,2021-05-18,1
3505,Gardner Foods Ltd,Energy & Utilities,SMB,31,3714000.0,NA,United States,LA,West Williamfurt,https://www.gardnerfoodsltd.example.com,8,2024-05-07,1
3506,Solomon Capital PLC,Non-Profit,Mid-Market,2000,255090000.0,LATAM,Colombia,,Ianburgh,https://www.solomoncapitalplc.example.com,40,2023-08-16,1
3507,Mitchell Technologies Co,Non-Profit,SMB,22,2992000.0,NA,United States,TX,Leemouth,https://www.mitchelltechnologiesco.example.com,15,2025-11-06,1
3508,Caldwell Capital Corp,Healthcare,SMB,23,3528000.0,LATAM,Mexico,,Stephanieview,https://www.caldwellcapitalcorp.example.com,44,2022-12-27,1
3509,Mack Ventures Inc,Biotech & Pharma,SMB,20,2501000.0,EMEA,UAE,,Kimberlyfurt,https://www.mackventuresinc.example.com,45,2025-09-15,1
3510,Mitchell Metrics PLC,Automotive,SMB,109,17754000.0,NA,Canada,,South John,https://www.mitchellmetricsplc.example.com,43,2021-09-22,1
3511,Rubio Foods Group,Healthcare,Mid-Market,776,106615000.0,NA,Canada,,Deborahport,https://www.rubiofoodsgroup.example.com,24,2021-10-20,1
3512,Smith Partners Co,Education,SMB,18,3675000.0,EMEA,UAE,,East Anthony,https://www.smithpartnersco.example.com,36,2026-01-06,1
3513,Myers Holdings Inc,Financial Services,SMB,11,1768000.0,NA,Canada,,Amandafurt,https://www.myersholdingsinc.example.com,10,2021-05-20,1
3514,Allison Solutions PLC,Manufacturing,SMB,57,7255000.0,NA,United States,KY,Dixonberg,https://www.allisonsolutionsplc.example.com,51,2021-12-07,1
3515,Klein Metrics AG,Education,SMB,26,2549000.0,NA,Canada,,North Stacy,https://www.kleinmetricsag.example.com,31,2021-07-14,1
3516,Crawford Digital GmbH,Software & SaaS,Mid-Market,267,33206000.0,APAC,India,,Colleenmouth,https://www.crawforddigitalgmbh.example.com,13,2024-03-22,1
3517,Andrade Metrics Group,Education,Enterprise,7484,1271742000.0,EMEA,Sweden,,North Williamhaven,https://www.andrademetricsgroup.example.com,36,2024-09-12,1
3518,Velasquez Digital Inc,Retail & E-commerce,Mid-Market,308,55071000.0,NA,Canada,,North Samanthastad,https://www.velasquezdigitalinc.example.com,26,2025-08-07,1
3519,Cherry Digital Inc,Software & SaaS,Mid-Market,333,43524000.0,NA,United States,AL,Gonzalezmouth,https://www.cherrydigitalinc.example.com,33,2021-07-23,1
3520,Duke Technologies Corp,Energy & Utilities,SMB,145,15626000.0,NA,Canada,,Arthurton,https://www.duketechnologiescorp.example.com,26,2022-04-08,1
3521,Goodman Works Inc,Biotech & Pharma,Mid-Market,1649,337438000.0,EMEA,Sweden,,East Jenny,https://www.goodmanworksinc.example.com,46,2022-03-31,1
3522,Jefferson Capital LLC,Software & SaaS,SMB,21,3422000.0,NA,United States,FL,East Craigfurt,https://www.jeffersoncapitalllc.example.com,11,2026-04-09,1
3523,Meadows Logistics Ltd,Retail & E-commerce,SMB,59,10554000.0,LATAM,Chile,,New Stephaniefurt,https://www.meadowslogisticsltd.example.com,44,2023-06-29,1
3524,Gallagher Bioscience Inc,Software & SaaS,Mid-Market,2000,565099000.0,APAC,Singapore,,West Joseph,https://www.gallagherbioscienceinc.example.com,56,2022-05-06,1
3525,Ross Solutions Ltd,Financial Services,SMB,71,6848000.0,NA,Canada,,Meganchester,https://www.rosssolutionsltd.example.com,33,2022-03-08,1
3526,Chambers Analytics GmbH,Retail & E-commerce,Mid-Market,732,177705000.0,APAC,Singapore,,Port Brandon,https://www.chambersanalyticsgmbh.example.com,13,2022-04-04,1
3527,Welch Capital AG,Healthcare,Mid-Market,503,128143000.0,EMEA,Sweden,,Katelynfurt,https://www.welchcapitalag.example.com,5,2024-03-27,1
3528,Solis Foods AG,Education,Enterprise,12389,5257527000.0,EMEA,Germany,,Colleenmouth,https://www.solisfoodsag.example.com,4,2023-05-03,1
3529,Mcpherson Robotics Group,Healthcare,SMB,21,2397000.0,NA,Canada,,Freemanland,https://www.mcphersonroboticsgroup.example.com,55,2023-09-27,1
3530,Barr Foods Ltd,Real Estate,SMB,18,2367000.0,APAC,Japan,,New Daltonmouth,https://www.barrfoodsltd.example.com,23,2022-12-14,1
3531,Porter Partners Inc,Financial Services,Mid-Market,2000,252603000.0,NA,Canada,,Stevenside,https://www.porterpartnersinc.example.com,55,2021-02-11,1
3532,Payne Partners Group,Non-Profit,SMB,55,7236000.0,APAC,New Zealand,,Harrisland,https://www.paynepartnersgroup.example.com,56,2024-02-05,1
3533,Monroe Networks GmbH,Manufacturing,SMB,48,10300000.0,NA,United States,MO,Whitehaven,https://www.monroenetworksgmbh.example.com,37,2024-04-25,1
3534,Fleming Technologies LLC,Software & SaaS,Mid-Market,303,87235000.0,NA,United States,KS,Port Chad,https://www.flemingtechnologiesllc.example.com,12,2021-09-17,1
3535,Hopkins Solutions Group,Software & SaaS,Enterprise,15955,3303712000.0,LATAM,Mexico,,Lake Loganstad,https://www.hopkinssolutionsgroup.example.com,44,2023-11-21,1
3536,Hoffman Systems Corp,Logistics & Transportation,Mid-Market,657,98049000.0,NA,Canada,,Pamelaville,https://www.hoffmansystemscorp.example.com,15,2025-05-26,1
3537,Merritt Solutions Group,Non-Profit,SMB,10,1165000.0,NA,United States,ME,Port Wesleyville,https://www.merrittsolutionsgroup.example.com,22,2023-08-18,1
3538,Gomez Robotics PLC,Logistics & Transportation,SMB,13,1276000.0,APAC,New Zealand,,Port Penny,https://www.gomezroboticsplc.example.com,56,2023-12-22,1
3539,Herrera Networks AG,Retail & E-commerce,SMB,5,679000.0,NA,Canada,,Theresaborough,https://www.herreranetworksag.example.com,8,2024-03-06,1
3540,Turner Ventures Co,Real Estate,SMB,49,5266000.0,APAC,Singapore,,Port Jamesmouth,https://www.turnerventuresco.example.com,23,2022-04-13,1
3541,Hunter Cloud Ltd,Financial Services,SMB,25,2661000.0,APAC,India,,Angelaland,https://www.huntercloudltd.example.com,56,2021-08-07,1
3542,Mckinney Dynamics PLC,Energy & Utilities,SMB,28,4003000.0,NA,Canada,,Lake Sean,https://www.mckinneydynamicsplc.example.com,11,2022-12-16,1
3543,Valdez Bioscience Corp,Financial Services,SMB,8,1039000.0,EMEA,Netherlands,,West Brian,https://www.valdezbiosciencecorp.example.com,32,2021-12-01,1
3544,Warner Dynamics Co,Hospitality,SMB,13,1325000.0,LATAM,Colombia,,Evansberg,https://www.warnerdynamicsco.example.com,40,2024-02-05,1
3545,Mathis Digital AG,Government & Public Sector,SMB,22,3708000.0,APAC,Japan,,New Juan,https://www.mathisdigitalag.example.com,13,2024-04-02,1
3546,Ewing Labs Corp,Financial Services,SMB,19,2949000.0,EMEA,UAE,,New Julia,https://www.ewinglabscorp.example.com,54,2021-01-14,1
3547,Brewer Holdings Group,Financial Services,SMB,34,3401000.0,EMEA,Sweden,,North Ginamouth,https://www.brewerholdingsgroup.example.com,7,2026-01-28,1
3548,Spears Metrics Inc,Telecommunications,Mid-Market,895,161575000.0,EMEA,Germany,,Thomasville,https://www.spearsmetricsinc.example.com,32,2025-10-24,1
3549,Li Dynamics Inc,Education,SMB,48,9704000.0,NA,United States,IN,North Adrianland,https://www.lidynamicsinc.example.com,47,2021-06-28,1
3550,Maxwell Digital PLC,Education,Mid-Market,331,73932000.0,EMEA,United Kingdom,,Abbottport,https://www.maxwelldigitalplc.example.com,60,2022-12-22,1
3551,Watts Holdings Group,Logistics & Transportation,SMB,173,21973000.0,NA,United States,VI,Gutierrezmouth,https://www.wattsholdingsgroup.example.com,28,2021-10-28,1
3552,Hanna Ventures PLC,Software & SaaS,SMB,31,6664000.0,NA,United States,WI,Port Anthonychester,https://www.hannaventuresplc.example.com,49,2026-03-06,1
3553,Brewer Materials Inc,Telecommunications,SMB,72,15199000.0,NA,United States,PW,Smithfurt,https://www.brewermaterialsinc.example.com,9,2023-06-04,1
3554,Nunez Logistics GmbH,Financial Services,SMB,16,2343000.0,APAC,Australia,,Port Daniel,https://www.nunezlogisticsgmbh.example.com,23,2024-03-05,1
3555,Wilkins Energy Corp,Logistics & Transportation,SMB,9,1077000.0,NA,Canada,,Robertsonland,https://www.wilkinsenergycorp.example.com,9,2026-04-29,1
3556,Christian Solutions GmbH,Manufacturing,Mid-Market,392,119951000.0,NA,United States,AZ,Guerreroport,https://www.christiansolutionsgmbh.example.com,38,2023-12-29,1
3557,Wyatt Networks GmbH,Healthcare,Enterprise,16495,7848590000.0,NA,Canada,,Crawfordberg,https://www.wyattnetworksgmbh.example.com,16,2025-05-05,1
3558,Lutz Holdings Ltd,Professional Services,SMB,24,4765000.0,NA,Canada,,West Natasha,https://www.lutzholdingsltd.example.com,15,2021-12-10,1
3559,Mason Cloud AG,Retail & E-commerce,SMB,9,1233000.0,LATAM,Colombia,,North Jillfort,https://www.masoncloudag.example.com,40,2021-11-26,1
3560,Welch Digital AG,Retail & E-commerce,Mid-Market,370,118263000.0,NA,United States,HI,Robinsonville,https://www.welchdigitalag.example.com,37,2022-10-28,1
3561,Gonzales Bioscience PLC,Government & Public Sector,SMB,31,3449000.0,NA,United States,PR,West Ronaldview,https://www.gonzalesbioscienceplc.example.com,53,2025-06-04,1
3562,Randall Labs Co,Logistics & Transportation,SMB,17,2749000.0,LATAM,Colombia,,East Maryfurt,https://www.randalllabsco.example.com,40,2021-03-02,1
3563,Alexander Systems AG,Professional Services,Mid-Market,1830,506054000.0,NA,Canada,,Thompsonstad,https://www.alexandersystemsag.example.com,26,2022-10-28,1
3564,Novak Digital AG,Hospitality,SMB,7,1075000.0,NA,United States,NV,Lake Michaelborough,https://www.novakdigitalag.example.com,47,2024-12-25,1
3565,Alvarez Metrics Corp,Energy & Utilities,Mid-Market,2000,531726000.0,APAC,Japan,,Phillipston,https://www.alvarezmetricscorp.example.com,13,2021-09-14,1
3566,Adkins Solutions Group,Financial Services,SMB,116,23258000.0,EMEA,Ireland,,Lake William,https://www.adkinssolutionsgroup.example.com,36,2023-09-14,1
3567,Hawkins Solutions Group,Software & SaaS,SMB,21,3881000.0,NA,United States,CA,Elizabethstad,https://www.hawkinssolutionsgroup.example.com,24,2021-04-07,1
3568,Hansen Labs AG,Retail & E-commerce,SMB,9,1835000.0,EMEA,UAE,,Townsendbury,https://www.hansenlabsag.example.com,3,2021-01-18,1
3569,Rodgers Cloud LLC,Software & SaaS,Mid-Market,689,155395000.0,EMEA,United Kingdom,,Lake Jessica,https://www.rodgerscloudllc.example.com,57,2022-04-04,0
3570,Terry Analytics Inc,Healthcare,SMB,62,11502000.0,EMEA,Netherlands,,Andrewfort,https://www.terryanalyticsinc.example.com,60,2024-11-13,1
3571,Wang Health Co,Financial Services,Mid-Market,517,130866000.0,NA,United States,TN,East Ellen,https://www.wanghealthco.example.com,49,2021-03-04,1
3572,Montgomery Industries AG,Software & SaaS,Mid-Market,403,60001000.0,APAC,New Zealand,,West Shannon,https://www.montgomeryindustriesag.example.com,41,2022-06-15,0
3573,Castro Industries Group,Manufacturing,Mid-Market,633,110040000.0,EMEA,Ireland,,South Lisaville,https://www.castroindustriesgroup.example.com,45,2024-05-06,1
3574,Norton Foods Co,Financial Services,SMB,18,3123000.0,EMEA,France,,Port Joditon,https://www.nortonfoodsco.example.com,36,2022-06-21,1
3575,Kelly Ventures Inc,Software & SaaS,SMB,71,11007000.0,APAC,Singapore,,Singletonport,https://www.kellyventuresinc.example.com,56,2022-12-23,1
3576,Lloyd Dynamics GmbH,Telecommunications,SMB,18,3931000.0,APAC,New Zealand,,Port Davidtown,https://www.lloyddynamicsgmbh.example.com,50,2023-02-03,1
3577,Knox Robotics AG,Non-Profit,SMB,21,4509000.0,EMEA,Germany,,West Bryan,https://www.knoxroboticsag.example.com,32,2025-09-03,1
3578,Sullivan Dynamics Ltd,Education,Enterprise,18873,9462902000.0,NA,Canada,,Cruzbury,https://www.sullivandynamicsltd.example.com,28,2025-05-20,1
3579,Harrington Bioscience LLC,Biotech & Pharma,SMB,40,8014000.0,NA,Canada,,Brooksville,https://www.harringtonbiosciencellc.example.com,12,2021-03-30,1
3580,Whitaker Cloud Inc,Financial Services,Mid-Market,418,132476000.0,EMEA,Netherlands,,Port Tonihaven,https://www.whitakercloudinc.example.com,36,2024-02-16,1
3581,Lutz Bioscience PLC,Real Estate,SMB,49,9349000.0,NA,Canada,,West Steven,https://www.lutzbioscienceplc.example.com,30,2023-04-20,1
3582,Osborne Industries LLC,Manufacturing,SMB,56,9245000.0,EMEA,Netherlands,,North Markville,https://www.osborneindustriesllc.example.com,18,2022-06-02,1
3583,Velazquez Industries Inc,Retail & E-commerce,SMB,29,3589000.0,EMEA,Netherlands,,West Steventon,https://www.velazquezindustriesinc.example.com,36,2023-01-18,1
3584,Santiago Materials AG,Energy & Utilities,Mid-Market,588,185763000.0,EMEA,UAE,,Lisatown,https://www.santiagomaterialsag.example.com,27,2025-06-02,1
3585,Howell Bioscience Co,Professional Services,SMB,47,9579000.0,NA,Canada,,Port Kirk,https://www.howellbioscienceco.example.com,17,2024-08-27,1
3586,Cowan Energy Ltd,Software & SaaS,SMB,55,5027000.0,APAC,Japan,,New Katieport,https://www.cowanenergyltd.example.com,41,2023-06-07,1
3587,Cardenas Holdings PLC,Manufacturing,Mid-Market,862,159120000.0,EMEA,UAE,,Tracichester,https://www.cardenasholdingsplc.example.com,46,2021-09-12,1
3588,Hall Interactive Corp,Real Estate,SMB,36,4304000.0,NA,United States,KY,Port Davidborough,https://www.hallinteractivecorp.example.com,14,2023-09-19,1
3589,Nicholson Ventures Group,Logistics & Transportation,SMB,28,3990000.0,EMEA,Sweden,,Mejiabury,https://www.nicholsonventuresgroup.example.com,54,2023-01-31,1
3590,Ruiz Energy Co,Manufacturing,SMB,10,1662000.0,NA,Canada,,Hahnberg,https://www.ruizenergyco.example.com,14,2022-11-08,1
3591,Avila Solutions Inc,Software & SaaS,SMB,49,7983000.0,EMEA,United Kingdom,,Kevinbury,https://www.avilasolutionsinc.example.com,45,2025-12-22,1
3592,Jacobs Ventures Group,Software & SaaS,SMB,32,3611000.0,NA,Canada,,Bushville,https://www.jacobsventuresgroup.example.com,25,2026-06-23,1
3593,Walter Interactive Ltd,Retail & E-commerce,SMB,23,2383000.0,EMEA,France,,East Isaacfort,https://www.walterinteractiveltd.example.com,60,2026-01-15,1
3594,Schroeder Solutions AG,Retail & E-commerce,SMB,82,9750000.0,NA,Canada,,New Katieport,https://www.schroedersolutionsag.example.com,2,2024-05-30,1
3595,Walter Materials Ltd,Financial Services,SMB,10,1353000.0,NA,Canada,,Angelatown,https://www.waltermaterialsltd.example.com,9,2023-08-08,1
3596,Weber Partners PLC,Professional Services,SMB,108,9917000.0,NA,United States,CT,New Ashley,https://www.weberpartnersplc.example.com,34,2022-04-05,1
3597,Boyer Ventures Group,Telecommunications,SMB,31,5581000.0,NA,Canada,,Atkinsborough,https://www.boyerventuresgroup.example.com,2,2025-12-30,1
3598,Olson Logistics Inc,Financial Services,SMB,40,4888000.0,APAC,Singapore,,East Jenny,https://www.olsonlogisticsinc.example.com,13,2022-11-22,1
3599,Mann Health Corp,Financial Services,SMB,23,3121000.0,APAC,Australia,,Port Stacey,https://www.mannhealthcorp.example.com,50,2021-10-18,1
3600,Jordan Energy PLC,Hospitality,SMB,9,1202000.0,NA,Canada,,Angelamouth,https://www.jordanenergyplc.example.com,47,2021-06-04,1
3601,Rubio Bioscience Inc,Non-Profit,SMB,28,4383000.0,NA,United States,SC,Lake Deborah,https://www.rubiobioscienceinc.example.com,59,2025-01-25,1
3602,Wallace Networks GmbH,Automotive,SMB,40,8071000.0,EMEA,Germany,,East Ralphshire,https://www.wallacenetworksgmbh.example.com,20,2022-04-20,1
3603,Jarvis Technologies Group,Energy & Utilities,Enterprise,6495,2664847000.0,NA,United States,CO,Bradfordbury,https://www.jarvistechnologiesgroup.example.com,14,2024-08-02,1
3604,Murillo Cloud PLC,Biotech & Pharma,Mid-Market,466,78386000.0,NA,Canada,,Farmerport,https://www.murillocloudplc.example.com,8,2023-10-05,1
3605,Joseph Industries GmbH,Financial Services,SMB,52,5690000.0,NA,Canada,,Davishaven,https://www.josephindustriesgmbh.example.com,14,2022-02-14,1
3606,Morris Health Ltd,Financial Services,SMB,27,3626000.0,EMEA,United Kingdom,,Caseyton,https://www.morrishealthltd.example.com,46,2025-03-10,1
3607,Wilkerson Industries LLC,Software & SaaS,SMB,6,1080000.0,LATAM,Mexico,,Port Joditon,https://www.wilkersonindustriesllc.example.com,40,2025-02-23,1
3608,Sanders Bioscience Group,Logistics & Transportation,Mid-Market,548,90915000.0,NA,Canada,,Dixonberg,https://www.sandersbiosciencegroup.example.com,8,2021-09-07,1
3609,Delacruz Systems Co,Financial Services,SMB,9,862000.0,LATAM,Brazil,,West Kristineview,https://www.delacruzsystemsco.example.com,40,2021-06-16,1
3610,Stark Dynamics AG,Media & Entertainment,SMB,147,29091000.0,APAC,India,,New Elizabethshire,https://www.starkdynamicsag.example.com,23,2023-08-11,1
3611,Lindsey Networks PLC,Software & SaaS,SMB,13,2795000.0,LATAM,Colombia,,Luketown,https://www.lindseynetworksplc.example.com,44,2021-12-02,1
3612,Mcdaniel Industries Ltd,Logistics & Transportation,SMB,92,15547000.0,EMEA,Netherlands,,Toddberg,https://www.mcdanielindustriesltd.example.com,18,2022-04-27,1
3613,Buchanan Energy GmbH,Government & Public Sector,SMB,15,3215000.0,APAC,Japan,,Simsburgh,https://www.buchananenergygmbh.example.com,50,2025-12-03,1
3614,Huerta Holdings LLC,Telecommunications,Mid-Market,550,119335000.0,EMEA,United Kingdom,,Marymouth,https://www.huertaholdingsllc.example.com,46,2021-09-11,1
3615,French Partners Inc,Manufacturing,Enterprise,13983,4919698000.0,APAC,Australia,,West Thomas,https://www.frenchpartnersinc.example.com,13,2022-12-14,1
3616,Bowers Systems Ltd,Software & SaaS,SMB,27,3880000.0,NA,Canada,,New Tara,https://www.bowerssystemsltd.example.com,16,2022-03-03,1
3617,Skinner Interactive Ltd,Financial Services,SMB,50,7198000.0,EMEA,Sweden,,Ramseytown,https://www.skinnerinteractiveltd.example.com,7,2022-05-24,1
3618,Calderon Digital Group,Logistics & Transportation,SMB,17,1765000.0,EMEA,France,,West Taylorland,https://www.calderondigitalgroup.example.com,42,2022-06-22,1
3619,Peterson Cloud Ltd,Healthcare,SMB,104,9839000.0,NA,United States,AR,Robbinsstad,https://www.petersoncloudltd.example.com,52,2021-12-31,1
3620,Ramsey Logistics LLC,Real Estate,SMB,33,4019000.0,NA,Canada,,North Patrickland,https://www.ramseylogisticsllc.example.com,49,2024-07-25,1
3621,Meyers Solutions LLC,Biotech & Pharma,SMB,44,6695000.0,NA,United States,FM,Oconnorhaven,https://www.meyerssolutionsllc.example.com,59,2024-11-29,1
3622,Short Partners AG,Financial Services,Mid-Market,498,82047000.0,NA,Canada,,Port Edwardfort,https://www.shortpartnersag.example.com,48,2023-04-13,1
3623,Bryant Industries Inc,Software & SaaS,Enterprise,32577,12273146000.0,NA,Canada,,West Travischester,https://www.bryantindustriesinc.example.com,49,2025-07-29,1
3624,Andersen Labs Ltd,Software & SaaS,Mid-Market,454,113363000.0,NA,Canada,,Powersfurt,https://www.andersenlabsltd.example.com,34,2021-07-05,1
3625,Skinner Labs GmbH,Professional Services,Mid-Market,1120,151160000.0,NA,Canada,,Joshuashire,https://www.skinnerlabsgmbh.example.com,11,2023-02-16,1
3626,Coleman Interactive PLC,Software & SaaS,SMB,25,3900000.0,EMEA,Spain,,Amyside,https://www.colemaninteractiveplc.example.com,1,2025-01-01,1
3627,Franklin Capital Corp,Real Estate,SMB,51,6033000.0,NA,Canada,,Smithfurt,https://www.franklincapitalcorp.example.com,47,2023-09-22,1
3628,Owens Digital Group,Manufacturing,SMB,103,17475000.0,NA,United States,AR,New Gina,https://www.owensdigitalgroup.example.com,37,2026-05-28,1
3629,Love Holdings Inc,Retail & E-commerce,SMB,28,3180000.0,NA,Canada,,Martinezport,https://www.loveholdingsinc.example.com,55,2023-07-31,1
3630,Cortez Holdings LLC,Telecommunications,SMB,115,15227000.0,NA,Canada,,West Kellyland,https://www.cortezholdingsllc.example.com,38,2026-02-22,1
3631,Dennis Materials Ltd,Healthcare,Mid-Market,200,28147000.0,NA,United States,KY,East Jaredfort,https://www.dennismaterialsltd.example.com,33,2021-05-20,1
3632,Sheppard Partners Co,Professional Services,SMB,19,2193000.0,LATAM,Mexico,,Arthurton,https://www.sheppardpartnersco.example.com,40,2021-03-05,1
3633,Levine Energy Corp,Software & SaaS,SMB,56,10112000.0,NA,United States,TX,Roblesberg,https://www.levineenergycorp.example.com,47,2022-06-06,1
3634,Vega Dynamics Group,Telecommunications,SMB,45,7072000.0,NA,Canada,,West Geoffrey,https://www.vegadynamicsgroup.example.com,37,2025-02-12,1
3635,Massey Energy Inc,Non-Profit,Enterprise,8073,2538053000.0,EMEA,Sweden,,South Patrick,https://www.masseyenergyinc.example.com,46,2021-03-15,1
3636,Nichols Interactive LLC,Financial Services,SMB,14,2600000.0,APAC,Japan,,Thompsonstad,https://www.nicholsinteractivellc.example.com,41,2021-12-23,1
3637,Graham Digital Group,Logistics & Transportation,SMB,37,3605000.0,NA,Canada,,Teresabury,https://www.grahamdigitalgroup.example.com,10,2026-05-28,1
3638,Austin Logistics AG,Education,SMB,31,4504000.0,NA,United States,PA,Port Penny,https://www.austinlogisticsag.example.com,35,2023-11-03,1
3639,Landry Metrics Group,Software & SaaS,Mid-Market,2000,350774000.0,EMEA,UAE,,West Erinville,https://www.landrymetricsgroup.example.com,7,2022-08-05,1
3640,Powell Interactive LLC,Logistics & Transportation,Enterprise,17131,3256428000.0,NA,United States,WI,Lake Emilymouth,https://www.powellinteractivellc.example.com,25,2021-04-20,1
3641,Higgins Cloud Ltd,Healthcare,SMB,16,3451000.0,NA,Canada,,Rodriguezside,https://www.higginscloudltd.example.com,12,2024-06-28,1
3642,Spears Dynamics LLC,Real Estate,Enterprise,27852,13769574000.0,LATAM,Argentina,,Colleenmouth,https://www.spearsdynamicsllc.example.com,44,2025-10-27,1
3643,Parker Health Corp,Media & Entertainment,SMB,41,3976000.0,LATAM,Brazil,,New Stephaniefurt,https://www.parkerhealthcorp.example.com,40,2024-06-04,1
3644,Landry Dynamics PLC,Manufacturing,Mid-Market,700,192842000.0,EMEA,Netherlands,,Jillton,https://www.landrydynamicsplc.example.com,6,2021-06-10,1
3645,Lyons Dynamics Inc,Real Estate,SMB,35,5054000.0,NA,United States,PA,West Kristineview,https://www.lyonsdynamicsinc.example.com,17,2023-03-29,1
3646,Day Systems AG,Telecommunications,SMB,29,2762000.0,EMEA,Germany,,Meganchester,https://www.daysystemsag.example.com,18,2022-08-26,1
3647,Stone Energy Ltd,Financial Services,Mid-Market,999,184473000.0,LATAM,Argentina,,Farmerport,https://www.stoneenergyltd.example.com,44,2025-08-19,1
3648,Beard Foods AG,Software & SaaS,SMB,30,3272000.0,APAC,India,,North Kathyfort,https://www.beardfoodsag.example.com,41,2024-07-22,1
3649,Barrett Metrics PLC,Financial Services,SMB,29,4354000.0,NA,Canada,,Carlberg,https://www.barrettmetricsplc.example.com,49,2024-11-05,1
3650,Rodriguez Health AG,Government & Public Sector,Mid-Market,1089,233224000.0,NA,Canada,,Donaldchester,https://www.rodriguezhealthag.example.com,37,2022-09-14,1
3651,Arroyo Robotics Co,Manufacturing,Enterprise,12436,3463515000.0,NA,United States,IA,Mcdowellville,https://www.arroyoroboticsco.example.com,8,2021-02-10,1
3652,Lara Technologies Inc,Financial Services,SMB,24,2651000.0,APAC,New Zealand,,Port Anthonychester,https://www.laratechnologiesinc.example.com,50,2024-07-12,1
3653,Combs Capital Inc,Manufacturing,Mid-Market,371,93241000.0,NA,Canada,,North Matthewmouth,https://www.combscapitalinc.example.com,24,2023-10-18,1
3654,Olson Metrics LLC,Manufacturing,Mid-Market,318,88311000.0,NA,United States,OK,Bradleyberg,https://www.olsonmetricsllc.example.com,38,2021-07-14,0
3655,Burgess Networks Inc,Retail & E-commerce,SMB,35,5510000.0,NA,United States,MS,Port Marcus,https://www.burgessnetworksinc.example.com,30,2024-07-04,1
3656,Ewing Capital GmbH,Retail & E-commerce,Mid-Market,291,52794000.0,NA,Canada,,Bradleychester,https://www.ewingcapitalgmbh.example.com,47,2021-07-28,1
3657,Lindsey Digital AG,Healthcare,SMB,19,3989000.0,APAC,New Zealand,,South Jonathanbury,https://www.lindseydigitalag.example.com,56,2024-05-31,1
3658,Harper Digital Ltd,Healthcare,Mid-Market,525,139752000.0,NA,Canada,,Ashleyfort,https://www.harperdigitalltd.example.com,35,2024-03-29,1
3659,Cordova Interactive LLC,Professional Services,SMB,200,23211000.0,NA,Canada,,Angelaland,https://www.cordovainteractivellc.example.com,8,2021-01-13,1
3660,Becker Partners AG,Energy & Utilities,SMB,10,1039000.0,EMEA,UAE,,New Melissa,https://www.beckerpartnersag.example.com,20,2024-09-02,0
3661,Andersen Metrics Group,Energy & Utilities,SMB,20,3946000.0,EMEA,France,,South Diana,https://www.andersenmetricsgroup.example.com,4,2022-09-05,0
3662,Conner Works GmbH,Financial Services,SMB,21,3147000.0,EMEA,Ireland,,Schwartzmouth,https://www.connerworksgmbh.example.com,32,2023-02-16,1
3663,Flores Analytics PLC,Automotive,Mid-Market,1068,189264000.0,APAC,Japan,,North Samanthastad,https://www.floresanalyticsplc.example.com,56,2026-03-10,1
3664,Burke Digital Corp,Software & SaaS,Enterprise,28888,7875597000.0,NA,Canada,,East Marisa,https://www.burkedigitalcorp.example.com,51,2025-10-07,1
3665,Lang Dynamics GmbH,Energy & Utilities,SMB,146,29892000.0,NA,Canada,,West Robertfort,https://www.langdynamicsgmbh.example.com,33,2022-07-13,1
3666,Sweeney Networks Ltd,Real Estate,SMB,11,1428000.0,NA,Canada,,Amyside,https://www.sweeneynetworksltd.example.com,53,2024-03-22,1
3667,Peters Networks AG,Healthcare,SMB,43,7378000.0,EMEA,Ireland,,Lake Jessica,https://www.petersnetworksag.example.com,4,2023-03-01,0
3668,Fry Health Ltd,Software & SaaS,SMB,38,7981000.0,APAC,Singapore,,Ryanside,https://www.fryhealthltd.example.com,23,2024-12-19,0
3669,Howell Industries Corp,Telecommunications,SMB,40,4493000.0,NA,United States,NC,Ortizshire,https://www.howellindustriescorp.example.com,15,2022-04-05,0
3670,Rivas Networks Inc,Media & Entertainment,Mid-Market,408,101548000.0,EMEA,UAE,,South Cassandra,https://www.rivasnetworksinc.example.com,27,2022-12-14,1
3671,West Energy AG,Construction,Mid-Market,997,209546000.0,EMEA,Spain,,Shafferbury,https://www.westenergyag.example.com,19,2021-06-07,1
3672,Mann Energy GmbH,Telecommunications,SMB,79,15333000.0,LATAM,Colombia,,West Kristineview,https://www.mannenergygmbh.example.com,44,2025-10-30,1
3673,Cordova Dynamics Inc,Biotech & Pharma,SMB,78,13424000.0,NA,United States,UT,New Megan,https://www.cordovadynamicsinc.example.com,38,2025-08-04,1
3674,Steele Networks Ltd,Education,SMB,22,4305000.0,NA,Canada,,South Lisaville,https://www.steelenetworksltd.example.com,2,2022-02-01,1
3675,Lawrence Energy GmbH,Retail & E-commerce,SMB,36,4039000.0,EMEA,Sweden,,East Jaredfort,https://www.lawrenceenergygmbh.example.com,32,2023-06-29,1
3676,Austin Analytics PLC,Biotech & Pharma,SMB,7,1025000.0,APAC,Singapore,,East Lisashire,https://www.austinanalyticsplc.example.com,50,2022-07-04,1
3677,Durham Digital Group,Professional Services,SMB,34,3629000.0,EMEA,Netherlands,,Bentleyside,https://www.durhamdigitalgroup.example.com,5,2021-08-11,1
3678,Long Holdings LLC,Software & SaaS,SMB,17,3652000.0,APAC,India,,Englishchester,https://www.longholdingsllc.example.com,50,2021-03-09,1
3679,Salazar Capital AG,Media & Entertainment,SMB,27,2650000.0,NA,United States,NE,Davishaven,https://www.salazarcapitalag.example.com,12,2024-12-20,0
3680,Sloan Capital Corp,Financial Services,Mid-Market,200,61065000.0,EMEA,Netherlands,,South Michaelfurt,https://www.sloancapitalcorp.example.com,60,2022-02-22,1
3681,Colon Digital GmbH,Biotech & Pharma,SMB,8,788000.0,NA,Canada,,New Jessica,https://www.colondigitalgmbh.example.com,52,2023-03-05,0
3682,Pierce Industries Co,Energy & Utilities,SMB,42,8684000.0,NA,Canada,,Michaelside,https://www.pierceindustriesco.example.com,52,2025-08-13,1
3683,West Energy PLC,Retail & E-commerce,SMB,8,1033000.0,NA,United States,HI,Port Chad,https://www.westenergyplc.example.com,55,2021-02-02,1
3684,Ruiz Industries Group,Construction,Mid-Market,473,149666000.0,NA,Canada,,Lake Margaretport,https://www.ruizindustriesgroup.example.com,14,2023-04-30,1
3685,Peterson Ventures Ltd,Healthcare,SMB,35,5866000.0,NA,United States,NJ,North Kelly,https://www.petersonventuresltd.example.com,52,2026-02-03,1
3686,Roy Ventures Ltd,Retail & E-commerce,SMB,12,1528000.0,EMEA,Ireland,,Alexandrachester,https://www.royventuresltd.example.com,1,2024-11-22,1
3687,Marshall Networks LLC,Manufacturing,SMB,16,2789000.0,APAC,India,,Rebeccashire,https://www.marshallnetworksllc.example.com,56,2021-11-12,1
3688,Mendoza Health PLC,Software & SaaS,SMB,75,8627000.0,NA,United States,NJ,Thompsonstad,https://www.mendozahealthplc.example.com,8,2021-10-15,1
3689,Long Health Co,Financial Services,SMB,49,7333000.0,NA,United States,MO,Ashleyfort,https://www.longhealthco.example.com,26,2024-07-23,1
3690,Webb Metrics Ltd,Media & Entertainment,Mid-Market,1517,416909000.0,NA,United States,MI,Caseyton,https://www.webbmetricsltd.example.com,28,2021-04-22,1
3691,Haley Ventures Inc,Software & SaaS,SMB,74,11792000.0,NA,United States,NC,East Aprilstad,https://www.haleyventuresinc.example.com,48,2023-08-09,1
3692,Roberts Energy LLC,Biotech & Pharma,SMB,101,13471000.0,NA,United States,ID,North Thomas,https://www.robertsenergyllc.example.com,38,2021-12-03,1
3693,Andrews Logistics PLC,Healthcare,SMB,17,2086000.0,EMEA,Sweden,,Sawyerland,https://www.andrewslogisticsplc.example.com,57,2025-02-05,1
3694,Holden Works AG,Healthcare,Mid-Market,556,168520000.0,APAC,Australia,,South Michael,https://www.holdenworksag.example.com,56,2022-07-06,1
3695,Vang Metrics LLC,Software & SaaS,Mid-Market,339,49935000.0,NA,United States,OK,Smithfort,https://www.vangmetricsllc.example.com,24,2022-09-15,1
3696,Doyle Materials Inc,Manufacturing,Mid-Market,386,96845000.0,EMEA,United Kingdom,,North Lisa,https://www.doylematerialsinc.example.com,19,2024-10-15,1
3697,Rowe Foods Group,Energy & Utilities,SMB,97,10498000.0,EMEA,France,,Priceside,https://www.rowefoodsgroup.example.com,54,2021-05-05,1
3698,Knox Robotics Inc,Construction,Mid-Market,200,31935000.0,NA,United States,NV,Jeffreyport,https://www.knoxroboticsinc.example.com,11,2023-08-14,1
3699,Cannon Technologies Group,Financial Services,Mid-Market,296,51917000.0,NA,United States,OR,Rodriguezside,https://www.cannontechnologiesgroup.example.com,25,2026-03-03,1
3700,Brooks Cloud PLC,Financial Services,SMB,10,1818000.0,NA,Canada,,East Marystad,https://www.brookscloudplc.example.com,17,2023-11-22,1
3701,Burton Foods GmbH,Software & SaaS,SMB,55,6153000.0,NA,Canada,,West Stephanie,https://www.burtonfoodsgmbh.example.com,38,2021-04-26,1
3702,Jarvis Ventures Ltd,Media & Entertainment,Mid-Market,1397,313717000.0,APAC,Australia,,Atkinsborough,https://www.jarvisventuresltd.example.com,13,2025-09-04,1
3703,Frye Partners Corp,Software & SaaS,SMB,21,2688000.0,NA,United States,NY,West Michaelport,https://www.fryepartnerscorp.example.com,9,2021-06-24,1
3704,Thompson Capital LLC,Software & SaaS,Mid-Market,408,109506000.0,NA,United States,MP,Morganville,https://www.thompsoncapitalllc.example.com,26,2022-06-21,1
3705,Richards Ventures Co,Real Estate,SMB,15,2007000.0,NA,Canada,,Port Courtney,https://www.richardsventuresco.example.com,35,2021-09-20,1
3706,Carpenter Interactive AG,Professional Services,SMB,50,7453000.0,NA,United States,VI,East Jenniferfort,https://www.carpenterinteractiveag.example.com,37,2024-04-18,1
3707,Kramer Solutions LLC,Healthcare,SMB,64,11605000.0,APAC,Singapore,,Kingmouth,https://www.kramersolutionsllc.example.com,56,2022-01-11,1
3708,Richmond Digital Co,Media & Entertainment,Mid-Market,446,117877000.0,NA,Canada,,Susanland,https://www.richmonddigitalco.example.com,39,2022-01-04,1
3709,Nash Analytics Corp,Real Estate,Mid-Market,200,58778000.0,EMEA,UAE,,Amandamouth,https://www.nashanalyticscorp.example.com,32,2022-09-13,1
3710,Ali Foods Corp,Software & SaaS,SMB,62,9029000.0,NA,United States,PR,East Sarah,https://www.alifoodscorp.example.com,17,2022-02-17,1
3711,Aguilar Industries Co,Education,SMB,37,7520000.0,NA,United States,IL,Port Belindatown,https://www.aguilarindustriesco.example.com,31,2024-09-20,1
3712,Mcdaniel Technologies LLC,Healthcare,SMB,34,6065000.0,NA,Canada,,South Frances,https://www.mcdanieltechnologiesllc.example.com,10,2023-03-22,1
3713,Velasquez Robotics LLC,Manufacturing,SMB,46,9154000.0,APAC,Singapore,,Mcdowellville,https://www.velasquezroboticsllc.example.com,41,2023-05-16,1
3714,Barron Robotics Inc,Manufacturing,Enterprise,7145,1635326000.0,NA,Canada,,Chloeview,https://www.barronroboticsinc.example.com,28,2021-08-23,0
3715,Chen Logistics PLC,Telecommunications,SMB,39,7142000.0,EMEA,Germany,,East Dawnchester,https://www.chenlogisticsplc.example.com,54,2025-09-17,1
3716,Combs Cloud AG,Retail & E-commerce,SMB,47,5138000.0,NA,United States,TX,Victormouth,https://www.combscloudag.example.com,59,2022-05-25,1
3717,Gardner Systems Co,Real Estate,SMB,36,7817000.0,EMEA,Netherlands,,Frankview,https://www.gardnersystemsco.example.com,32,2022-07-01,1
3718,Taylor Logistics Ltd,Healthcare,Enterprise,43538,22520769000.0,EMEA,Ireland,,North Logan,https://www.taylorlogisticsltd.example.com,46,2021-12-13,0
3719,Washington Solutions AG,Logistics & Transportation,SMB,59,11343000.0,EMEA,France,,West Kenneth,https://www.washingtonsolutionsag.example.com,42,2026-02-23,1
3720,Fry Cloud PLC,Non-Profit,Mid-Market,200,46371000.0,NA,United States,AL,Lake Saraburgh,https://www.frycloudplc.example.com,49,2023-08-30,1
3721,Pratt Solutions Group,Retail & E-commerce,SMB,9,1480000.0,NA,Canada,,Brownberg,https://www.prattsolutionsgroup.example.com,35,2021-03-26,1
3722,Ali Solutions PLC,Media & Entertainment,SMB,28,3121000.0,APAC,New Zealand,,South John,https://www.alisolutionsplc.example.com,56,2021-10-02,1
3723,Larsen Materials Corp,Energy & Utilities,Mid-Market,1544,471335000.0,EMEA,Spain,,South Amandafort,https://www.larsenmaterialscorp.example.com,42,2022-12-27,1
3724,Moon Partners AG,Non-Profit,SMB,11,1237000.0,NA,United States,TX,Port Donnashire,https://www.moonpartnersag.example.com,26,2021-09-27,1
3725,Stafford Partners AG,Education,Mid-Market,1004,298768000.0,NA,United States,WY,West Angela,https://www.staffordpartnersag.example.com,52,2023-08-24,1
3726,Schroeder Solutions Inc,Education,SMB,38,6455000.0,NA,United States,AS,Simmonsstad,https://www.schroedersolutionsinc.example.com,28,2022-03-20,1
3727,Becker Digital GmbH,Professional Services,Mid-Market,239,69265000.0,NA,United States,TX,Port Scott,https://www.beckerdigitalgmbh.example.com,47,2022-05-26,1
3728,Hobbs Foods Group,Automotive,Mid-Market,394,65366000.0,NA,Canada,,Lake Danielle,https://www.hobbsfoodsgroup.example.com,34,2024-09-25,1
3729,Black Holdings Co,Government & Public Sector,Mid-Market,618,139847000.0,NA,United States,WV,Brianview,https://www.blackholdingsco.example.com,2,2023-03-17,1
3730,Ali Metrics PLC,Software & SaaS,SMB,108,15563000.0,NA,United States,PW,Robertfort,https://www.alimetricsplc.example.com,39,2021-06-07,1
3731,Castro Partners LLC,Energy & Utilities,Mid-Market,257,68683000.0,EMEA,Ireland,,South Tylerland,https://www.castropartnersllc.example.com,32,2022-06-24,1
3732,Walker Bioscience Inc,Healthcare,Enterprise,29419,14689589000.0,APAC,New Zealand,,Port Tonihaven,https://www.walkerbioscienceinc.example.com,50,2025-07-16,1
3733,Ewing Foods Corp,Manufacturing,SMB,22,3913000.0,EMEA,France,,Port Dwayneberg,https://www.ewingfoodscorp.example.com,7,2025-02-26,1
3734,Pruitt Systems Ltd,Education,SMB,34,4706000.0,NA,United States,WY,Rhodesmouth,https://www.pruittsystemsltd.example.com,52,2024-07-14,1
3735,Pena Capital Ltd,Financial Services,Mid-Market,200,63044000.0,EMEA,UAE,,Jasonburgh,https://www.penacapitalltd.example.com,54,2025-02-19,1
3736,Steele Works AG,Energy & Utilities,SMB,55,8617000.0,NA,Canada,,Debbieview,https://www.steeleworksag.example.com,47,2021-05-10,1
3737,Long Capital Group,Healthcare,Mid-Market,561,68627000.0,EMEA,Netherlands,,Port Annette,https://www.longcapitalgroup.example.com,57,2021-06-17,1
3738,Williamson Partners PLC,Professional Services,Mid-Market,971,180046000.0,NA,Canada,,West Michael,https://www.williamsonpartnersplc.example.com,35,2021-02-01,1
3739,Hood Ventures LLC,Manufacturing,SMB,6,687000.0,NA,United States,AZ,East Austin,https://www.hoodventuresllc.example.com,8,2021-06-21,1
3740,Rojas Bioscience Co,Software & SaaS,SMB,21,2314000.0,EMEA,France,,Bryanfort,https://www.rojasbioscienceco.example.com,45,2024-12-23,1
3741,Rodgers Logistics Co,Media & Entertainment,SMB,41,4093000.0,NA,United States,TN,Ramirezshire,https://www.rodgerslogisticsco.example.com,2,2021-03-01,1
3742,Lynn Holdings Corp,Real Estate,SMB,5,983000.0,EMEA,Germany,,Maryport,https://www.lynnholdingscorp.example.com,7,2022-12-07,1
3743,Garcia Materials LLC,Education,Mid-Market,985,185643000.0,EMEA,France,,West Angelbury,https://www.garciamaterialsllc.example.com,20,2021-12-17,1
3744,Chan Interactive LLC,Real Estate,SMB,15,2433000.0,NA,United States,GA,New Ashley,https://www.chaninteractivellc.example.com,51,2025-01-15,1
3745,Booth Works GmbH,Professional Services,SMB,72,15345000.0,NA,Canada,,New Michellemouth,https://www.boothworksgmbh.example.com,29,2024-11-06,1
3746,Knapp Capital AG,Software & SaaS,Mid-Market,1219,216625000.0,EMEA,Sweden,,Brittanyland,https://www.knappcapitalag.example.com,45,2024-08-02,1
3747,Hensley Ventures Inc,Software & SaaS,SMB,67,12558000.0,EMEA,Germany,,West Rachelton,https://www.hensleyventuresinc.example.com,5,2022-07-04,1
3748,Cruz Industries Group,Financial Services,Mid-Market,200,56697000.0,APAC,Australia,,Lake Beth,https://www.cruzindustriesgroup.example.com,23,2025-10-27,1
3749,Richmond Health AG,Financial Services,SMB,41,7788000.0,NA,Canada,,Mejiabury,https://www.richmondhealthag.example.com,28,2025-07-15,1
3750,Charles Systems LLC,Media & Entertainment,SMB,61,9527000.0,APAC,Singapore,,Port Annette,https://www.charlessystemsllc.example.com,23,2023-11-23,1
3751,Johnston Ventures Co,Financial Services,SMB,37,7252000.0,NA,Canada,,Stevenland,https://www.johnstonventuresco.example.com,37,2023-09-08,1
3752,Hoover Networks Group,Manufacturing,Mid-Market,660,85149000.0,NA,Canada,,South Cherylshire,https://www.hoovernetworksgroup.example.com,52,2022-05-05,1
3753,Willis Cloud AG,Retail & E-commerce,Mid-Market,517,99206000.0,EMEA,France,,Shawntown,https://www.williscloudag.example.com,4,2024-05-23,0
3754,Bright Bioscience PLC,Media & Entertainment,Mid-Market,592,155303000.0,NA,United States,UT,Dannyburgh,https://www.brightbioscienceplc.example.com,28,2025-12-08,1
3755,Solis Partners PLC,Automotive,Enterprise,23313,6662754000.0,NA,Canada,,Chloeview,https://www.solispartnersplc.example.com,31,2022-03-30,1
3756,Ortiz Health Inc,Energy & Utilities,Mid-Market,539,108527000.0,NA,Canada,,South Rebeccaton,https://www.ortizhealthinc.example.com,33,2022-02-17,1
3757,Rose Holdings LLC,Healthcare,Mid-Market,385,57293000.0,APAC,Singapore,,West Carolynland,https://www.roseholdingsllc.example.com,56,2022-01-07,1
3758,Robertson Interactive GmbH,Manufacturing,SMB,47,9986000.0,APAC,Singapore,,Perezchester,https://www.robertsoninteractivegmbh.example.com,13,2026-05-20,1
3759,Rivers Holdings Group,Software & SaaS,Enterprise,51983,13182989000.0,LATAM,Chile,,West Bryan,https://www.riversholdingsgroup.example.com,40,2023-04-14,1
3760,Howard Health Corp,Manufacturing,Mid-Market,200,48434000.0,NA,United States,AK,Kimberlyfurt,https://www.howardhealthcorp.example.com,29,2026-03-19,1
3761,Mccoy Foods Inc,Media & Entertainment,Mid-Market,1511,339253000.0,NA,United States,CT,Lake Jose,https://www.mccoyfoodsinc.example.com,37,2023-09-18,1
3762,Hamilton Interactive Inc,Biotech & Pharma,SMB,24,4412000.0,APAC,Australia,,East Joshuaberg,https://www.hamiltoninteractiveinc.example.com,13,2022-03-01,1
3763,Tran Foods PLC,Healthcare,SMB,34,3527000.0,NA,United States,SC,South Chad,https://www.tranfoodsplc.example.com,14,2023-07-06,1
3764,Dawson Logistics LLC,Financial Services,Mid-Market,810,256258000.0,NA,United States,CA,Port Julie,https://www.dawsonlogisticsllc.example.com,25,2021-08-10,1
3765,Mcguire Foods LLC,Software & SaaS,SMB,19,3318000.0,NA,United States,SC,Garrettville,https://www.mcguirefoodsllc.example.com,29,2022-11-09,1
3766,Cunningham Logistics GmbH,Media & Entertainment,SMB,81,8558000.0,EMEA,Spain,,Woodstad,https://www.cunninghamlogisticsgmbh.example.com,20,2022-11-01,1
3767,Hansen Foods PLC,Automotive,Enterprise,17466,7858530000.0,EMEA,UAE,,Angelaton,https://www.hansenfoodsplc.example.com,27,2023-06-20,1
3768,Wheeler Cloud LLC,Manufacturing,SMB,98,9804000.0,NA,Canada,,Shaunhaven,https://www.wheelercloudllc.example.com,31,2022-07-22,1
3769,Conway Holdings GmbH,Retail & E-commerce,SMB,89,16027000.0,NA,Canada,,Evansberg,https://www.conwayholdingsgmbh.example.com,30,2022-11-22,1
3770,Tanner Metrics AG,Software & SaaS,SMB,23,4566000.0,EMEA,Spain,,Smithmouth,https://www.tannermetricsag.example.com,57,2025-05-21,1
3771,Sanford Labs Corp,Media & Entertainment,SMB,15,1660000.0,EMEA,Sweden,,New David,https://www.sanfordlabscorp.example.com,18,2021-09-17,1
3772,Hampton Ventures Co,Financial Services,Mid-Market,207,55829000.0,NA,United States,MO,Gonzalezmouth,https://www.hamptonventuresco.example.com,26,2025-10-16,1
3773,Hanna Bioscience Ltd,Software & SaaS,Enterprise,14068,4391180000.0,NA,Canada,,Bradleychester,https://www.hannabioscienceltd.example.com,52,2023-04-11,1
3774,Aguilar Foods LLC,Energy & Utilities,Enterprise,62596,31824038000.0,LATAM,Argentina,,Pamelaville,https://www.aguilarfoodsllc.example.com,44,2023-10-09,1
3775,Rose Logistics AG,Financial Services,Mid-Market,901,285829000.0,EMEA,Spain,,East Jenniferfort,https://www.roselogisticsag.example.com,6,2021-05-27,0
3776,Nixon Digital LLC,Software & SaaS,Mid-Market,452,71086000.0,EMEA,Netherlands,,Mikeborough,https://www.nixondigitalllc.example.com,45,2021-07-21,1
3777,Wood Analytics PLC,Financial Services,SMB,82,8170000.0,EMEA,France,,West Nicholasfurt,https://www.woodanalyticsplc.example.com,57,2024-05-15,1
3778,Foster Interactive Ltd,Software & SaaS,Mid-Market,461,125539000.0,LATAM,Colombia,,Vasquezburgh,https://www.fosterinteractiveltd.example.com,40,2025-08-04,1
3779,Herman Labs LLC,Education,SMB,47,9647000.0,NA,Canada,,New Jennaborough,https://www.hermanlabsllc.example.com,48,2023-03-09,1
3780,Osborn Robotics Corp,Healthcare,SMB,40,4287000.0,NA,United States,IL,Robertside,https://www.osbornroboticscorp.example.com,52,2021-09-02,1
3781,Graham Holdings Group,Energy & Utilities,Enterprise,88932,43082042000.0,NA,United States,TN,South Michael,https://www.grahamholdingsgroup.example.com,34,2024-10-22,1
3782,Gardner Materials AG,Logistics & Transportation,Mid-Market,355,81766000.0,APAC,New Zealand,,North Terri,https://www.gardnermaterialsag.example.com,13,2025-09-29,1
3783,Christian Ventures Co,Manufacturing,SMB,19,1797000.0,NA,Canada,,Evansberg,https://www.christianventuresco.example.com,30,2023-12-26,1
3784,Wyatt Analytics Corp,Financial Services,Mid-Market,946,248327000.0,NA,Canada,,South Jenniferside,https://www.wyattanalyticscorp.example.com,28,2021-09-21,1
3785,Jones Health Group,Energy & Utilities,SMB,43,7901000.0,NA,Canada,,Chloeview,https://www.joneshealthgroup.example.com,51,2022-09-12,0
3786,Rivas Metrics LLC,Logistics & Transportation,SMB,14,2803000.0,EMEA,Spain,,New Philip,https://www.rivasmetricsllc.example.com,57,2025-12-10,1
3787,Nash Materials Co,Telecommunications,SMB,50,7844000.0,EMEA,Germany,,Smithfort,https://www.nashmaterialsco.example.com,36,2021-09-30,1
3788,Mcneil Systems Co,Logistics & Transportation,SMB,88,14097000.0,NA,United States,MS,North Kelly,https://www.mcneilsystemsco.example.com,37,2021-09-06,1
3789,Gallegos Analytics AG,Professional Services,SMB,107,14316000.0,NA,United States,AR,Lake Jessicaborough,https://www.gallegosanalyticsag.example.com,51,2024-03-08,1
3790,Galvan Partners Ltd,Logistics & Transportation,SMB,53,6413000.0,EMEA,UAE,,Martinezport,https://www.galvanpartnersltd.example.com,1,2023-04-20,1
3791,Kelley Logistics Co,Professional Services,SMB,11,2070000.0,NA,United States,NY,Morganville,https://www.kelleylogisticsco.example.com,51,2021-10-21,1
3792,Cantu Analytics Corp,Logistics & Transportation,SMB,36,7215000.0,EMEA,Netherlands,,Rodriguezside,https://www.cantuanalyticscorp.example.com,42,2023-09-15,1
3793,Lowe Metrics Group,Construction,Enterprise,13292,5760786000.0,NA,United States,MP,Williamsville,https://www.lowemetricsgroup.example.com,55,2025-12-03,1
3794,Boyd Foods Ltd,Hospitality,Mid-Market,347,74088000.0,APAC,Australia,,Singletonport,https://www.boydfoodsltd.example.com,41,2025-03-20,1
3795,Finley Energy LLC,Healthcare,Mid-Market,277,45006000.0,NA,United States,MT,Kimberlybury,https://www.finleyenergyllc.example.com,31,2021-01-12,0
3796,Moreno Works Inc,Telecommunications,SMB,157,20687000.0,EMEA,Ireland,,Davishaven,https://www.morenoworksinc.example.com,4,2025-05-22,1
3797,Arellano Bioscience AG,Software & SaaS,Mid-Market,1477,190751000.0,NA,Canada,,New Bettyberg,https://www.arellanobioscienceag.example.com,24,2023-10-04,1
3798,Barber Technologies Inc,Non-Profit,Mid-Market,553,159075000.0,NA,Canada,,Stevenland,https://www.barbertechnologiesinc.example.com,52,2022-01-14,1
3799,Dalton Dynamics Group,Manufacturing,SMB,16,2010000.0,EMEA,United Kingdom,,Port Brandon,https://www.daltondynamicsgroup.example.com,46,2021-05-12,1
3800,Reyes Foods Ltd,Retail & E-commerce,SMB,30,3744000.0,EMEA,Netherlands,,Knappbury,https://www.reyesfoodsltd.example.com,58,2026-03-31,1
3801,Russo Metrics LLC,Software & SaaS,SMB,91,8789000.0,EMEA,Netherlands,,Christinachester,https://www.russometricsllc.example.com,36,2021-02-16,0
3802,Abbott Capital PLC,Hospitality,SMB,50,6327000.0,EMEA,France,,Hernandezborough,https://www.abbottcapitalplc.example.com,6,2021-09-22,1
3803,Fitzgerald Bioscience Co,Biotech & Pharma,SMB,200,18667000.0,EMEA,Sweden,,Rhodesland,https://www.fitzgeraldbioscienceco.example.com,7,2023-12-27,1
3804,Bauer Materials Inc,Retail & E-commerce,SMB,18,3465000.0,APAC,New Zealand,,Port Julie,https://www.bauermaterialsinc.example.com,23,2024-07-08,1
3805,Alvarado Ventures Co,Financial Services,SMB,15,1849000.0,NA,United States,GU,Millerfort,https://www.alvaradoventuresco.example.com,15,2022-01-13,1
3806,Wang Labs GmbH,Energy & Utilities,Mid-Market,566,160156000.0,APAC,New Zealand,,Lake Danielle,https://www.wanglabsgmbh.example.com,41,2024-05-26,1
3807,Holt Capital Corp,Healthcare,SMB,79,14198000.0,NA,Canada,,East Lisashire,https://www.holtcapitalcorp.example.com,22,2024-07-31,1
3808,Rowe Logistics PLC,Construction,SMB,12,1927000.0,NA,United States,HI,West Theresamouth,https://www.rowelogisticsplc.example.com,55,2024-11-06,1
3809,Orr Partners Ltd,Healthcare,Mid-Market,1063,162116000.0,EMEA,Spain,,Mcdowellville,https://www.orrpartnersltd.example.com,45,2024-06-27,1
3810,Hughes Metrics Co,Media & Entertainment,SMB,27,5369000.0,NA,Canada,,Shafferbury,https://www.hughesmetricsco.example.com,39,2021-02-22,0
3811,Reese Health Ltd,Software & SaaS,SMB,30,6445000.0,NA,United States,GU,Morganville,https://www.reesehealthltd.example.com,34,2025-06-30,0
3812,Dunlap Ventures Co,Automotive,SMB,68,9367000.0,NA,Canada,,North Kathyfort,https://www.dunlapventuresco.example.com,31,2023-05-30,1
3813,Hodges Interactive Inc,Media & Entertainment,SMB,50,5074000.0,NA,Canada,,Port Charleshaven,https://www.hodgesinteractiveinc.example.com,29,2022-10-10,1
3814,Harrell Foods Corp,Construction,SMB,44,8248000.0,EMEA,UAE,,Lake Loganstad,https://www.harrellfoodscorp.example.com,46,2021-02-09,1
3815,Mcbride Holdings Corp,Healthcare,SMB,23,2134000.0,NA,Canada,,West Kevin,https://www.mcbrideholdingscorp.example.com,52,2023-07-18,1
3816,Cummings Works GmbH,Logistics & Transportation,SMB,78,9281000.0,NA,Canada,,Moniqueport,https://www.cummingsworksgmbh.example.com,26,2021-08-24,1
3817,Randall Dynamics PLC,Software & SaaS,Enterprise,20532,3949797000.0,NA,United States,UT,Schwartzmouth,https://www.randalldynamicsplc.example.com,29,2023-05-01,1
3818,Silva Holdings Ltd,Real Estate,Enterprise,48964,20210674000.0,NA,Canada,,West Christy,https://www.silvaholdingsltd.example.com,9,2021-09-28,0
3819,Tate Industries Corp,Financial Services,SMB,200,19385000.0,NA,Canada,,Lake Timothyshire,https://www.tateindustriescorp.example.com,10,2024-02-06,1
3820,Thompson Analytics Ltd,Retail & E-commerce,SMB,53,10958000.0,NA,United States,AR,Gonzalezmouth,https://www.thompsonanalyticsltd.example.com,14,2021-05-06,1
3821,Morton Foods AG,Energy & Utilities,SMB,34,3083000.0,APAC,New Zealand,,West Taylorland,https://www.mortonfoodsag.example.com,56,2023-08-11,1
3822,Rubio Analytics GmbH,Software & SaaS,Mid-Market,383,95381000.0,EMEA,Ireland,,South Alison,https://www.rubioanalyticsgmbh.example.com,54,2023-11-09,1
3823,Owens Capital Group,Professional Services,Mid-Market,445,119058000.0,NA,Canada,,South Cassandra,https://www.owenscapitalgroup.example.com,17,2022-08-10,1
3824,Watts Energy Group,Professional Services,SMB,11,1695000.0,NA,Canada,,West Michellefort,https://www.wattsenergygroup.example.com,17,2025-09-26,1
3825,Bray Holdings Co,Logistics & Transportation,SMB,19,2757000.0,NA,Canada,,Angelamouth,https://www.brayholdingsco.example.com,38,2023-03-21,1
3826,Cooper Solutions Ltd,Media & Entertainment,SMB,26,4546000.0,NA,United States,NE,West Michaelport,https://www.coopersolutionsltd.example.com,33,2024-06-20,1
3827,Holland Works PLC,Software & SaaS,Mid-Market,795,184062000.0,NA,Canada,,Debbieview,https://www.hollandworksplc.example.com,2,2022-11-03,1
3828,Monroe Capital GmbH,Retail & E-commerce,Mid-Market,200,36689000.0,APAC,Australia,,East David,https://www.monroecapitalgmbh.example.com,23,2024-10-08,1
3829,Tate Analytics Co,Hospitality,SMB,21,2681000.0,EMEA,Germany,,Freemanland,https://www.tateanalyticsco.example.com,4,2025-07-21,1
3830,Bradley Foods GmbH,Software & SaaS,SMB,31,6311000.0,NA,Canada,,Davisport,https://www.bradleyfoodsgmbh.example.com,31,2022-09-13,1
3831,Chapman Labs Inc,Automotive,SMB,119,22070000.0,NA,Canada,,Cassandraberg,https://www.chapmanlabsinc.example.com,9,2026-03-18,1
3832,Spears Materials LLC,Retail & E-commerce,Mid-Market,746,220957000.0,EMEA,UAE,,Dixonberg,https://www.spearsmaterialsllc.example.com,45,2021-08-05,1
3833,Fuller Partners Co,Software & SaaS,Enterprise,21087,10868484000.0,APAC,Singapore,,New Donna,https://www.fullerpartnersco.example.com,13,2025-02-26,1
3834,Andersen Health Co,Healthcare,SMB,80,11696000.0,NA,Canada,,Lake Ronniebury,https://www.andersenhealthco.example.com,31,2023-03-21,1
3835,Oconnor Interactive AG,Logistics & Transportation,SMB,28,3823000.0,APAC,Australia,,Lake Emilymouth,https://www.oconnorinteractiveag.example.com,23,2021-07-08,1
3836,Stokes Energy Ltd,Construction,SMB,12,2353000.0,NA,United States,MN,East Julie,https://www.stokesenergyltd.example.com,8,2023-09-29,1
3837,Travis Energy Corp,Telecommunications,SMB,86,16204000.0,EMEA,Netherlands,,West Thomas,https://www.travisenergycorp.example.com,60,2021-06-28,0
3838,Snyder Capital Ltd,Media & Entertainment,Mid-Market,358,88959000.0,NA,Canada,,Lake Coreyborough,https://www.snydercapitalltd.example.com,9,2025-06-18,1
3839,Beard Energy LLC,Construction,SMB,30,4256000.0,EMEA,Netherlands,,New Bettyberg,https://www.beardenergyllc.example.com,1,2024-12-08,1
3840,Cannon Metrics Corp,Healthcare,Mid-Market,1201,317116000.0,NA,United States,IA,East Craigfurt,https://www.cannonmetricscorp.example.com,49,2023-11-30,1
3841,Stephens Metrics Inc,Manufacturing,SMB,8,1075000.0,EMEA,United Kingdom,,Fitzgeraldview,https://www.stephensmetricsinc.example.com,20,2021-12-02,1
3842,Padilla Energy LLC,Real Estate,SMB,53,5038000.0,EMEA,Spain,,Gonzalezmouth,https://www.padillaenergyllc.example.com,45,2026-03-04,0
3843,Davenport Ventures Corp,Media & Entertainment,SMB,68,6842000.0,EMEA,UAE,,West Taylorland,https://www.davenportventurescorp.example.com,27,2025-03-14,0
3844,Hawkins Logistics Inc,Financial Services,SMB,5,485000.0,EMEA,France,,East Luisberg,https://www.hawkinslogisticsinc.example.com,60,2024-04-02,1
3845,Spencer Logistics LLC,Real Estate,SMB,17,1584000.0,NA,United States,LA,New Matthew,https://www.spencerlogisticsllc.example.com,2,2022-06-16,0
3846,Villegas Materials AG,Healthcare,Mid-Market,952,238403000.0,EMEA,Ireland,,North Angelaton,https://www.villegasmaterialsag.example.com,42,2022-12-30,1
3847,Tate Materials GmbH,Logistics & Transportation,SMB,29,3186000.0,NA,United States,AZ,Burkeberg,https://www.tatematerialsgmbh.example.com,59,2022-05-06,1
3848,Jackson Ventures Ltd,Hospitality,SMB,54,10877000.0,EMEA,United Kingdom,,Lake Jose,https://www.jacksonventuresltd.example.com,19,2025-03-06,1
3849,Roberson Industries AG,Healthcare,SMB,21,4069000.0,NA,Canada,,Caseyton,https://www.robersonindustriesag.example.com,29,2022-03-21,1
3850,Barber Foods Inc,Real Estate,SMB,16,3199000.0,NA,Canada,,East Lisashire,https://www.barberfoodsinc.example.com,49,2021-12-08,1
3851,Velasquez Digital AG,Hospitality,Mid-Market,863,228054000.0,NA,United States,OR,Port Kirk,https://www.velasquezdigitalag.example.com,14,2021-11-05,0
3852,Davidson Dynamics Co,Healthcare,Enterprise,34926,10281701000.0,LATAM,Brazil,,North Kathyfort,https://www.davidsondynamicsco.example.com,40,2022-08-24,1
3853,Wells Labs Corp,Financial Services,SMB,54,9239000.0,EMEA,UAE,,New Jennaborough,https://www.wellslabscorp.example.com,36,2023-09-27,1
3854,Andersen Logistics GmbH,Hospitality,Mid-Market,200,29803000.0,NA,Canada,,Frankmouth,https://www.andersenlogisticsgmbh.example.com,29,2025-01-13,0
3855,Velazquez Industries Co,Retail & E-commerce,Mid-Market,585,178144000.0,EMEA,France,,Perezchester,https://www.velazquezindustriesco.example.com,45,2025-10-23,1
3856,Little Foods Ltd,Healthcare,Enterprise,40149,19165721000.0,NA,United States,NJ,West Autumnmouth,https://www.littlefoodsltd.example.com,52,2021-04-22,1
3857,Larson Holdings Group,Software & SaaS,SMB,22,3765000.0,NA,Canada,,Sparksborough,https://www.larsonholdingsgroup.example.com,9,2021-03-11,1
3858,Oconnell Ventures Co,Financial Services,SMB,47,4987000.0,NA,Canada,,East Kristen,https://www.oconnellventuresco.example.com,28,2022-06-13,1
3859,James Analytics LLC,Logistics & Transportation,SMB,13,2351000.0,EMEA,Netherlands,,Port Patriciamouth,https://www.jamesanalyticsllc.example.com,46,2024-11-25,1
3860,Watkins Systems LLC,Professional Services,Mid-Market,261,46239000.0,LATAM,Mexico,,Gutierrezmouth,https://www.watkinssystemsllc.example.com,44,2025-09-02,1
3861,Brock Works Ltd,Logistics & Transportation,Mid-Market,615,176696000.0,APAC,India,,Susanland,https://www.brockworksltd.example.com,50,2021-09-02,0
3862,Navarro Bioscience AG,Healthcare,SMB,11,1390000.0,NA,Canada,,New Bettyberg,https://www.navarrobioscienceag.example.com,11,2022-02-16,1
3863,Dalton Dynamics LLC,Biotech & Pharma,SMB,55,8663000.0,NA,United States,MI,Rodriguezmouth,https://www.daltondynamicsllc.example.com,24,2025-08-08,1
3864,Baldwin Ventures Ltd,Manufacturing,Mid-Market,200,59735000.0,APAC,New Zealand,,North Adrianland,https://www.baldwinventuresltd.example.com,50,2023-06-19,1
3865,Murray Cloud Inc,Financial Services,Mid-Market,200,50049000.0,NA,United States,MA,Port Kirk,https://www.murraycloudinc.example.com,59,2022-09-05,1
3866,Oconnor Foods Co,Biotech & Pharma,SMB,38,8136000.0,EMEA,United Kingdom,,West Kellyland,https://www.oconnorfoodsco.example.com,7,2021-12-14,1
3867,Cain Systems GmbH,Manufacturing,Mid-Market,1542,369556000.0,LATAM,Argentina,,East Anthony,https://www.cainsystemsgmbh.example.com,40,2021-06-07,1
3868,Ponce Ventures Corp,Retail & E-commerce,SMB,63,12800000.0,NA,United States,PW,West Angelbury,https://www.ponceventurescorp.example.com,31,2021-06-02,1
3869,Wang Bioscience GmbH,Professional Services,SMB,21,2527000.0,NA,Canada,,New Danielleshire,https://www.wangbiosciencegmbh.example.com,24,2024-01-02,1
3870,Park Logistics Corp,Healthcare,SMB,17,3158000.0,APAC,Singapore,,East Craigfurt,https://www.parklogisticscorp.example.com,13,2024-04-16,1
3871,Day Robotics AG,Logistics & Transportation,Mid-Market,834,118269000.0,EMEA,UAE,,Mckenziehaven,https://www.dayroboticsag.example.com,58,2022-06-16,1
3872,Boone Logistics Ltd,Hospitality,Enterprise,14666,4501451000.0,APAC,Australia,,Bradleyberg,https://www.boonelogisticsltd.example.com,56,2023-08-28,1
3873,Bowers Technologies Group,Healthcare,SMB,87,9007000.0,EMEA,Sweden,,North Adrianland,https://www.bowerstechnologiesgroup.example.com,60,2021-08-11,1
3874,Mitchell Bioscience Group,Government & Public Sector,SMB,10,935000.0,NA,Canada,,New Ashley,https://www.mitchellbiosciencegroup.example.com,35,2021-02-03,1
3875,Diaz Solutions GmbH,Financial Services,SMB,80,7493000.0,APAC,Japan,,Laurenborough,https://www.diazsolutionsgmbh.example.com,41,2021-05-21,1
3876,Hanna Robotics Co,Hospitality,SMB,85,9531000.0,EMEA,UAE,,Michaelside,https://www.hannaroboticsco.example.com,6,2021-05-31,1
3877,Barr Networks Corp,Manufacturing,SMB,60,10821000.0,APAC,Australia,,Pageberg,https://www.barrnetworkscorp.example.com,41,2026-05-27,1
3878,Hubbard Materials Ltd,Logistics & Transportation,SMB,18,2470000.0,NA,United States,LA,South Michaelside,https://www.hubbardmaterialsltd.example.com,17,2021-12-06,1
3879,Cherry Interactive Inc,Logistics & Transportation,SMB,17,1565000.0,NA,Canada,,Laurenborough,https://www.cherryinteractiveinc.example.com,9,2021-06-30,1
3880,Hooper Robotics LLC,Financial Services,SMB,27,5898000.0,NA,Canada,,Amberton,https://www.hooperroboticsllc.example.com,33,2024-10-17,1
3881,Mcgee Labs Co,Financial Services,SMB,11,1753000.0,NA,Canada,,North Ginamouth,https://www.mcgeelabsco.example.com,43,2022-06-17,1
3882,Wells Partners Group,Telecommunications,Mid-Market,485,100513000.0,LATAM,Colombia,,West Michaelport,https://www.wellspartnersgroup.example.com,40,2021-10-25,1
3883,Ford Solutions Co,Professional Services,SMB,15,2118000.0,LATAM,Brazil,,Leemouth,https://www.fordsolutionsco.example.com,40,2021-11-15,1
3884,Garrett Capital Corp,Software & SaaS,SMB,51,8030000.0,EMEA,France,,Destinyfurt,https://www.garrettcapitalcorp.example.com,6,2021-07-08,1
3885,Russell Capital Corp,Real Estate,Enterprise,30623,15607828000.0,LATAM,Brazil,,West Angela,https://www.russellcapitalcorp.example.com,44,2021-04-22,1
3886,Watts Labs GmbH,Healthcare,SMB,51,8037000.0,NA,Canada,,Maryberg,https://www.wattslabsgmbh.example.com,12,2024-01-17,1
3887,Hicks Materials GmbH,Media & Entertainment,SMB,14,2116000.0,APAC,Singapore,,Lake Ronniebury,https://www.hicksmaterialsgmbh.example.com,23,2022-10-26,1
3888,Green Holdings Group,Logistics & Transportation,SMB,52,8824000.0,EMEA,United Kingdom,,Josephport,https://www.greenholdingsgroup.example.com,19,2021-07-27,1
3889,Peters Ventures Corp,Real Estate,SMB,44,9026000.0,EMEA,Spain,,Robertside,https://www.petersventurescorp.example.com,18,2024-10-09,1
3890,Reed Bioscience Ltd,Logistics & Transportation,SMB,98,12664000.0,EMEA,Germany,,East David,https://www.reedbioscienceltd.example.com,5,2021-02-01,1
3891,Pena Systems AG,Software & SaaS,SMB,48,7359000.0,EMEA,Sweden,,North Yolanda,https://www.penasystemsag.example.com,5,2022-10-10,1
3892,Morton Foods Co,Healthcare,SMB,69,6243000.0,APAC,Japan,,Lake Jessicaborough,https://www.mortonfoodsco.example.com,56,2021-06-23,1
3893,Cantu Robotics Inc,Manufacturing,SMB,45,9080000.0,NA,United States,CA,Lake Wendybury,https://www.canturoboticsinc.example.com,11,2021-02-15,1
3894,Estrada Partners Ltd,Media & Entertainment,SMB,65,8435000.0,APAC,New Zealand,,Frankview,https://www.estradapartnersltd.example.com,13,2023-05-05,1
3895,Bauer Solutions PLC,Financial Services,SMB,12,1503000.0,NA,United States,VA,South Jacqueline,https://www.bauersolutionsplc.example.com,34,2021-08-10,1
3896,Hayes Labs AG,Healthcare,SMB,28,6151000.0,NA,Canada,,Millermouth,https://www.hayeslabsag.example.com,25,2021-04-05,1
3897,Silva Materials AG,Software & SaaS,SMB,30,4979000.0,EMEA,United Kingdom,,West Jacqueline,https://www.silvamaterialsag.example.com,45,2022-12-23,1
3898,Davies Health PLC,Healthcare,Mid-Market,319,77303000.0,EMEA,Germany,,South Patriciamouth,https://www.davieshealthplc.example.com,60,2025-02-19,1
3899,Parsons Partners Co,Logistics & Transportation,SMB,26,2756000.0,APAC,Japan,,Savageview,https://www.parsonspartnersco.example.com,41,2023-01-04,1
3900,Holland Industries LLC,Biotech & Pharma,SMB,44,5479000.0,NA,Canada,,Mikeborough,https://www.hollandindustriesllc.example.com,53,2021-04-22,1
3901,Clarke Works GmbH,Financial Services,SMB,50,6796000.0,NA,United States,IL,West Natasha,https://www.clarkeworksgmbh.example.com,24,2022-03-15,1
3902,Davies Capital Co,Software & SaaS,SMB,42,9164000.0,NA,Canada,,North Michael,https://www.daviescapitalco.example.com,25,2022-11-07,1
3903,Oliver Materials PLC,Manufacturing,Enterprise,22257,8798034000.0,APAC,Japan,,Meganchester,https://www.olivermaterialsplc.example.com,41,2022-02-09,1
3904,Rose Analytics PLC,Media & Entertainment,SMB,27,3941000.0,LATAM,Argentina,,Lake Jessica,https://www.roseanalyticsplc.example.com,40,2022-05-06,1
3905,Glover Robotics Inc,Media & Entertainment,SMB,18,2159000.0,APAC,Japan,,West Cassandra,https://www.gloverroboticsinc.example.com,41,2023-02-03,1
3906,Vargas Industries Corp,Manufacturing,Enterprise,8976,1747988000.0,NA,Canada,,Hoodview,https://www.vargasindustriescorp.example.com,33,2025-12-17,1
3907,Bauer Bioscience PLC,Software & SaaS,Mid-Market,280,38185000.0,APAC,New Zealand,,Toddberg,https://www.bauerbioscienceplc.example.com,23,2024-11-12,1
3908,Mccann Technologies Co,Non-Profit,Mid-Market,734,104443000.0,NA,Canada,,Georgeside,https://www.mccanntechnologiesco.example.com,59,2021-10-21,1
3909,Dean Works Ltd,Logistics & Transportation,SMB,72,11813000.0,APAC,Japan,,Sawyerland,https://www.deanworksltd.example.com,56,2024-09-23,1
3910,Terry Cloud Ltd,Real Estate,SMB,41,5847000.0,EMEA,Spain,,Jenkinsburgh,https://www.terrycloudltd.example.com,3,2022-08-09,1
3911,Reilly Energy Inc,Manufacturing,Mid-Market,488,155524000.0,NA,United States,MS,South Sean,https://www.reillyenergyinc.example.com,38,2024-12-06,1
3912,Beard Digital Group,Professional Services,SMB,14,1360000.0,EMEA,Spain,,South Sean,https://www.bearddigitalgroup.example.com,32,2023-09-17,1
3913,Haynes Materials Corp,Professional Services,SMB,27,5452000.0,EMEA,Germany,,Robertport,https://www.haynesmaterialscorp.example.com,7,2024-01-15,1
3914,Randall Metrics Corp,Software & SaaS,Mid-Market,2000,372894000.0,NA,Canada,,Williamsville,https://www.randallmetricscorp.example.com,37,2022-06-13,1
3915,Lyons Bioscience Inc,Software & SaaS,SMB,8,736000.0,NA,United States,TX,New Markmouth,https://www.lyonsbioscienceinc.example.com,48,2024-03-28,1
3916,Kent Interactive Inc,Financial Services,SMB,32,6618000.0,EMEA,Germany,,South Shawnfort,https://www.kentinteractiveinc.example.com,6,2023-06-02,1
3917,Cantu Technologies Group,Professional Services,SMB,27,5209000.0,LATAM,Brazil,,North David,https://www.cantutechnologiesgroup.example.com,40,2023-09-19,1
3918,Mayo Industries GmbH,Healthcare,SMB,20,1997000.0,EMEA,Ireland,,Ashleyfort,https://www.mayoindustriesgmbh.example.com,32,2023-04-28,1
3919,Boyer Energy AG,Manufacturing,SMB,103,18959000.0,NA,United States,NE,Martinezside,https://www.boyerenergyag.example.com,48,2021-03-19,1
3920,Gardner Analytics GmbH,Media & Entertainment,Mid-Market,550,104471000.0,EMEA,United Kingdom,,Annashire,https://www.gardneranalyticsgmbh.example.com,4,2022-12-19,1
3921,Dillon Capital AG,Education,SMB,13,2473000.0,NA,Canada,,Port Joditon,https://www.dilloncapitalag.example.com,31,2021-03-16,1
3922,Neal Networks AG,Retail & E-commerce,SMB,53,8920000.0,NA,United States,IA,East Ericbury,https://www.nealnetworksag.example.com,17,2021-09-02,1
3923,Johnson Robotics PLC,Retail & E-commerce,SMB,163,26911000.0,NA,United States,IN,Kristyport,https://www.johnsonroboticsplc.example.com,12,2022-12-20,1
3924,Holt Cloud LLC,Healthcare,SMB,70,6752000.0,NA,Canada,,Thompsonstad,https://www.holtcloudllc.example.com,33,2022-09-02,1
3925,Sims Bioscience Corp,Software & SaaS,SMB,30,2932000.0,NA,Canada,,Roblesberg,https://www.simsbiosciencecorp.example.com,38,2021-03-11,1
3926,Hayes Networks PLC,Financial Services,Enterprise,10644,3538667000.0,NA,United States,MA,Lake Darlenemouth,https://www.hayesnetworksplc.example.com,25,2021-07-06,1
3927,Richards Foods Corp,Government & Public Sector,SMB,13,2399000.0,NA,United States,RI,New Karenside,https://www.richardsfoodscorp.example.com,29,2022-12-07,1
3928,Tapia Dynamics Group,Construction,SMB,11,1141000.0,EMEA,Germany,,North Markville,https://www.tapiadynamicsgroup.example.com,3,2026-03-19,1
3929,Chang Foods Inc,Professional Services,Enterprise,13708,2438685000.0,NA,United States,VA,Lake Kelly,https://www.changfoodsinc.example.com,28,2023-01-05,1
3930,Ramsey Labs Corp,Healthcare,SMB,23,2793000.0,NA,United States,VI,Ruizbury,https://www.ramseylabscorp.example.com,34,2024-08-24,1
3931,Berger Metrics Corp,Financial Services,Enterprise,44866,13559728000.0,EMEA,UAE,,East Dawnchester,https://www.bergermetricscorp.example.com,57,2022-11-01,1
3932,Moses Logistics GmbH,Logistics & Transportation,SMB,18,2787000.0,EMEA,Sweden,,Mccannville,https://www.moseslogisticsgmbh.example.com,20,2021-09-30,1
3933,Dawson Capital GmbH,Software & SaaS,SMB,18,2004000.0,APAC,New Zealand,,Howardmouth,https://www.dawsoncapitalgmbh.example.com,23,2021-02-04,1
3934,Ellis Health LLC,Non-Profit,Enterprise,45985,22511370000.0,NA,Canada,,Port Lisaville,https://www.ellishealthllc.example.com,49,2022-06-29,1
3935,Sloan Partners Co,Real Estate,SMB,24,4624000.0,EMEA,United Kingdom,,Port Charleshaven,https://www.sloanpartnersco.example.com,3,2025-10-06,1
3936,Collins Bioscience AG,Construction,SMB,29,5654000.0,APAC,India,,South Henry,https://www.collinsbioscienceag.example.com,50,2022-04-14,1
3937,Lawson Technologies Co,Hospitality,SMB,45,8977000.0,EMEA,UAE,,Lake Pamela,https://www.lawsontechnologiesco.example.com,57,2022-06-20,1
3938,Robles Metrics AG,Manufacturing,Mid-Market,660,112402000.0,EMEA,France,,Ginastad,https://www.roblesmetricsag.example.com,36,2024-02-17,1
3939,Salazar Digital Inc,Healthcare,SMB,12,1157000.0,NA,United States,LA,Annashire,https://www.salazardigitalinc.example.com,28,2024-05-24,1
3940,Cox Holdings Group,Professional Services,SMB,18,2621000.0,NA,Canada,,Stevenston,https://www.coxholdingsgroup.example.com,31,2023-09-01,0
3941,Haney Solutions AG,Media & Entertainment,Mid-Market,223,55572000.0,NA,United States,MT,Lake Beth,https://www.haneysolutionsag.example.com,26,2022-05-06,1
3942,Massey Dynamics PLC,Government & Public Sector,Mid-Market,482,103445000.0,NA,United States,WI,Sandrafort,https://www.masseydynamicsplc.example.com,17,2025-12-25,1
3943,Mcintosh Capital Group,Healthcare,SMB,28,5603000.0,LATAM,Argentina,,Lake Michaelborough,https://www.mcintoshcapitalgroup.example.com,44,2022-05-31,1
3944,Chavez Foods AG,Logistics & Transportation,SMB,27,3705000.0,NA,United States,NY,Lake Coreyborough,https://www.chavezfoodsag.example.com,39,2022-02-28,1
3945,Mckinney Bioscience Corp,Retail & E-commerce,SMB,125,22557000.0,EMEA,Spain,,Gonzalezmouth,https://www.mckinneybiosciencecorp.example.com,45,2025-02-18,1
3946,Acosta Works GmbH,Financial Services,SMB,37,6164000.0,LATAM,Chile,,Smithfort,https://www.acostaworksgmbh.example.com,44,2025-11-28,1
3947,Moody Logistics Group,Logistics & Transportation,SMB,9,1216000.0,EMEA,Spain,,Jensenstad,https://www.moodylogisticsgroup.example.com,36,2026-02-06,1
3948,Price Robotics Corp,Software & SaaS,SMB,43,5415000.0,NA,Canada,,Josephport,https://www.priceroboticscorp.example.com,35,2023-03-31,1
3949,Jimenez Metrics Group,Manufacturing,SMB,47,8218000.0,LATAM,Argentina,,Quinnhaven,https://www.jimenezmetricsgroup.example.com,40,2025-05-01,1
3950,Duke Robotics Corp,Logistics & Transportation,SMB,28,3006000.0,NA,United States,WY,New Melissa,https://www.dukeroboticscorp.example.com,31,2021-09-21,1
3951,Dillon Foods Ltd,Financial Services,Mid-Market,722,200778000.0,NA,United States,PR,Rodriguezview,https://www.dillonfoodsltd.example.com,17,2025-06-23,1
3952,Owens Foods GmbH,Real Estate,SMB,12,2422000.0,NA,United States,SD,Daniellestad,https://www.owensfoodsgmbh.example.com,51,2024-07-09,1
3953,Hoover Works Ltd,Financial Services,Enterprise,39241,9558825000.0,NA,Canada,,West Ryan,https://www.hooverworksltd.example.com,48,2022-08-19,1
3954,Villegas Networks Inc,Telecommunications,Enterprise,31105,15621068000.0,APAC,Japan,,Grahamland,https://www.villegasnetworksinc.example.com,50,2021-12-15,1
3955,Williams Technologies Ltd,Software & SaaS,SMB,118,19463000.0,NA,Canada,,Deborahberg,https://www.williamstechnologiesltd.example.com,43,2024-07-12,1
3956,Houston Metrics Corp,Energy & Utilities,Enterprise,30475,5972256000.0,APAC,Singapore,,Davischester,https://www.houstonmetricscorp.example.com,23,2022-10-10,1
3957,Fields Holdings Inc,Manufacturing,Mid-Market,478,106355000.0,NA,United States,MH,Kennethland,https://www.fieldsholdingsinc.example.com,48,2026-05-01,1
3958,Sandoval Technologies Group,Professional Services,SMB,14,1463000.0,APAC,Australia,,Mathewport,https://www.sandovaltechnologiesgrou.example.com,56,2025-03-19,1
3959,Pineda Health AG,Media & Entertainment,Mid-Market,439,54034000.0,NA,Canada,,Carlberg,https://www.pinedahealthag.example.com,29,2024-10-03,0
3960,Chen Bioscience Corp,Manufacturing,SMB,51,9254000.0,APAC,New Zealand,,Pamelaville,https://www.chenbiosciencecorp.example.com,41,2022-04-29,1
3961,Warner Energy PLC,Energy & Utilities,Mid-Market,808,174962000.0,NA,United States,LA,North Yolanda,https://www.warnerenergyplc.example.com,35,2024-03-26,1
3962,Cortez Networks LLC,Manufacturing,SMB,36,5258000.0,APAC,New Zealand,,Simsburgh,https://www.corteznetworksllc.example.com,50,2024-07-02,0
3963,Matthews Metrics GmbH,Manufacturing,SMB,49,5710000.0,APAC,Japan,,Amberton,https://www.matthewsmetricsgmbh.example.com,50,2022-09-07,0
3964,Collins Dynamics GmbH,Retail & E-commerce,SMB,113,24288000.0,EMEA,France,,Crawfordberg,https://www.collinsdynamicsgmbh.example.com,21,2021-05-13,1
3965,Kennedy Metrics LLC,Telecommunications,Enterprise,27535,10995611000.0,NA,United States,KS,Ericland,https://www.kennedymetricsllc.example.com,15,2024-05-22,1
3966,Montoya Technologies PLC,Education,SMB,48,8811000.0,EMEA,France,,Mejiabury,https://www.montoyatechnologiesplc.example.com,46,2022-03-02,1
3967,Burns Solutions AG,Non-Profit,SMB,20,3342000.0,EMEA,Sweden,,North Neil,https://www.burnssolutionsag.example.com,18,2021-06-29,1
3968,Escobar Logistics AG,Software & SaaS,SMB,72,14425000.0,EMEA,Netherlands,,Ellisville,https://www.escobarlogisticsag.example.com,42,2021-03-05,1
3969,Reese Ventures PLC,Financial Services,SMB,19,3053000.0,EMEA,Germany,,Lake Margaretport,https://www.reeseventuresplc.example.com,57,2022-04-19,1
3970,Webb Systems PLC,Retail & E-commerce,Mid-Market,1969,258013000.0,LATAM,Mexico,,New Markmouth,https://www.webbsystemsplc.example.com,44,2023-02-23,1
3971,Valencia Foods Co,Energy & Utilities,Mid-Market,705,201177000.0,LATAM,Mexico,,North Ashley,https://www.valenciafoodsco.example.com,40,2021-03-02,1
3972,Reed Labs LLC,Software & SaaS,SMB,35,5159000.0,EMEA,Spain,,New Sophia,https://www.reedlabsllc.example.com,54,2023-05-30,1
3973,Wise Labs Inc,Healthcare,SMB,11,1261000.0,NA,Canada,,Port Charleshaven,https://www.wiselabsinc.example.com,47,2025-07-13,1
3974,Chen Dynamics Group,Automotive,SMB,14,1539000.0,NA,United States,FL,Sandrafort,https://www.chendynamicsgroup.example.com,2,2023-08-04,1
3975,Costa Works Group,Healthcare,SMB,32,4677000.0,EMEA,Spain,,South Shawnfort,https://www.costaworksgroup.example.com,32,2023-03-17,1
3976,Hicks Systems AG,Manufacturing,Mid-Market,1491,212813000.0,LATAM,Colombia,,West Steven,https://www.hickssystemsag.example.com,40,2021-12-01,1
3977,Vaughan Foods GmbH,Financial Services,Mid-Market,1008,164698000.0,NA,Canada,,Leeland,https://www.vaughanfoodsgmbh.example.com,30,2022-10-25,1
3978,Ruiz Health Group,Software & SaaS,SMB,41,6120000.0,NA,United States,NH,Lake Annstad,https://www.ruizhealthgroup.example.com,14,2023-08-12,1
3979,Hanna Interactive Corp,Healthcare,SMB,8,1483000.0,NA,United States,ND,Javierport,https://www.hannainteractivecorp.example.com,34,2025-04-16,1
3980,Andersen Ventures PLC,Financial Services,SMB,45,6636000.0,NA,United States,SC,Lake Jose,https://www.andersenventuresplc.example.com,17,2025-06-05,1
3981,Mitchell Metrics PLC,Manufacturing,SMB,17,2841000.0,LATAM,Brazil,,Nixonland,https://www.mitchellmetricsplc.example.com,44,2022-11-16,1
3982,Frye Holdings GmbH,Financial Services,SMB,82,16255000.0,EMEA,Sweden,,North Susanside,https://www.fryeholdingsgmbh.example.com,1,2021-09-21,1
3983,Davies Technologies PLC,Manufacturing,Mid-Market,1426,302302000.0,NA,United States,MD,Brownland,https://www.daviestechnologiesplc.example.com,55,2024-03-19,1
3984,Curtis Metrics PLC,Healthcare,SMB,24,5259000.0,NA,United States,MI,Woodstad,https://www.curtismetricsplc.example.com,10,2026-01-13,1
3985,Dunlap Ventures PLC,Non-Profit,Enterprise,30356,15410126000.0,NA,Canada,,Atkinsborough,https://www.dunlapventuresplc.example.com,49,2026-02-12,1
3986,Gardner Dynamics AG,Healthcare,SMB,13,1715000.0,EMEA,Spain,,Lisatown,https://www.gardnerdynamicsag.example.com,1,2026-07-03,1
3987,Mitchell Health Corp,Financial Services,SMB,33,6839000.0,EMEA,Sweden,,Millermouth,https://www.mitchellhealthcorp.example.com,20,2021-12-23,1
3988,Chavez Logistics Group,Real Estate,SMB,15,2922000.0,NA,United States,MN,Lake Jamesport,https://www.chavezlogisticsgroup.example.com,38,2025-01-29,1
3989,Keller Interactive AG,Professional Services,SMB,81,8006000.0,NA,Canada,,Freemanland,https://www.kellerinteractiveag.example.com,59,2021-03-16,1
3990,Vaughn Labs LLC,Media & Entertainment,SMB,31,4137000.0,APAC,Australia,,New Tara,https://www.vaughnlabsllc.example.com,41,2021-01-26,1
3991,Whitaker Foods Group,Manufacturing,SMB,28,3317000.0,APAC,Singapore,,Allenbury,https://www.whitakerfoodsgroup.example.com,50,2024-01-01,1
3992,Sharp Interactive LLC,Professional Services,Mid-Market,400,63615000.0,EMEA,UAE,,Rodriguezmouth,https://www.sharpinteractivellc.example.com,42,2021-06-15,1
3993,Ewing Analytics GmbH,Energy & Utilities,SMB,49,8642000.0,NA,Canada,,Port Marcus,https://www.ewinganalyticsgmbh.example.com,22,2022-07-26,1
3994,Carroll Materials AG,Manufacturing,Mid-Market,541,123264000.0,LATAM,Brazil,,Shaunhaven,https://www.carrollmaterialsag.example.com,40,2021-01-21,1
3995,Stone Health Corp,Manufacturing,Mid-Market,543,115192000.0,EMEA,UAE,,South Joseshire,https://www.stonehealthcorp.example.com,3,2021-05-03,1
3996,Hess Cloud Inc,Software & SaaS,SMB,14,2271000.0,LATAM,Colombia,,Vasquezburgh,https://www.hesscloudinc.example.com,44,2021-10-28,1
3997,Jackson Logistics Group,Software & SaaS,SMB,12,1852000.0,NA,United States,FM,East Dawnchester,https://www.jacksonlogisticsgroup.example.com,39,2023-05-12,1
3998,Hood Holdings Ltd,Software & SaaS,SMB,42,7949000.0,NA,Canada,,South Sean,https://www.hoodholdingsltd.example.com,2,2022-04-27,1
3999,Cannon Industries Corp,Financial Services,SMB,13,1733000.0,NA,United States,CO,North Joanland,https://www.cannonindustriescorp.example.com,38,2023-05-31,1
4000,Phelps Networks PLC,Biotech & Pharma,Mid-Market,952,295600000.0,APAC,India,,Diazton,https://www.phelpsnetworksplc.example.com,41,2023-11-20,1
4001,Dillon Works GmbH,Professional Services,Enterprise,31938,12631328000.0,EMEA,UAE,,Whitehaven,https://www.dillonworksgmbh.example.com,20,2021-01-06,1
4002,Delgado Health Corp,Software & SaaS,SMB,13,1817000.0,NA,United States,MT,South Jenniferside,https://www.delgadohealthcorp.example.com,28,2025-03-03,1
4003,Reilly Labs Ltd,Software & SaaS,SMB,59,11949000.0,LATAM,Brazil,,Jamesport,https://www.reillylabsltd.example.com,40,2021-03-23,1
4004,Perry Bioscience Inc,Media & Entertainment,Mid-Market,1145,157638000.0,LATAM,Argentina,,Victormouth,https://www.perrybioscienceinc.example.com,40,2025-05-12,1
4005,Shaffer Analytics LLC,Manufacturing,Mid-Market,694,163330000.0,NA,United States,VI,Robertside,https://www.shafferanalyticsllc.example.com,39,2026-04-21,1
4006,Pearson Metrics Corp,Professional Services,SMB,46,9954000.0,EMEA,United Kingdom,,Michaelton,https://www.pearsonmetricscorp.example.com,20,2025-08-15,1
4007,Ball Industries LLC,Construction,Mid-Market,1220,322178000.0,EMEA,United Kingdom,,East Jenny,https://www.ballindustriesllc.example.com,21,2023-04-19,1
4008,Hogan Capital Inc,Retail & E-commerce,SMB,12,2291000.0,NA,United States,NV,Robertside,https://www.hogancapitalinc.example.com,47,2024-08-15,1
4009,Hinton Bioscience PLC,Financial Services,SMB,19,2246000.0,EMEA,Netherlands,,West Justin,https://www.hintonbioscienceplc.example.com,32,2021-09-08,1
4010,Garrett Bioscience Inc,Government & Public Sector,SMB,16,1674000.0,NA,Canada,,East Sarah,https://www.garrettbioscienceinc.example.com,30,2025-12-03,1
4011,King Labs Group,Retail & E-commerce,SMB,119,13946000.0,APAC,India,,Abbottport,https://www.kinglabsgroup.example.com,50,2021-02-08,1
4012,Klein Industries PLC,Manufacturing,Mid-Market,414,60248000.0,APAC,Australia,,Geraldport,https://www.kleinindustriesplc.example.com,41,2023-05-08,1
4013,Miles Systems LLC,Telecommunications,SMB,62,8987000.0,APAC,Australia,,Jordanport,https://www.milessystemsllc.example.com,56,2022-12-01,1
4014,Welch Health Group,Manufacturing,SMB,23,2778000.0,EMEA,Spain,,Lake Stephen,https://www.welchhealthgroup.example.com,7,2024-10-22,0
4015,Murphy Ventures PLC,Financial Services,SMB,48,9942000.0,NA,United States,GA,West Travischester,https://www.murphyventuresplc.example.com,24,2024-06-11,1
4016,Walker Works Inc,Real Estate,SMB,11,1949000.0,NA,Canada,,West Stephanie,https://www.walkerworksinc.example.com,39,2022-04-24,1
4017,Shaw Health Group,Financial Services,SMB,19,2739000.0,EMEA,Germany,,Port Justin,https://www.shawhealthgroup.example.com,32,2021-08-26,1
4018,Preston Ventures Co,Software & SaaS,SMB,34,4270000.0,NA,United States,NE,Freemanland,https://www.prestonventuresco.example.com,52,2024-10-15,1
4019,Figueroa Labs Inc,Retail & E-commerce,Mid-Market,1228,303675000.0,EMEA,United Kingdom,,Fitzgeraldview,https://www.figueroalabsinc.example.com,21,2026-04-27,1
4020,Mcclure Partners Ltd,Software & SaaS,SMB,44,6137000.0,NA,United States,MS,Caseyton,https://www.mcclurepartnersltd.example.com,24,2021-05-19,1
4021,Bryan Interactive Corp,Professional Services,Mid-Market,1354,396516000.0,NA,Canada,,South Cassandra,https://www.bryaninteractivecorp.example.com,51,2024-05-16,1
4022,Velasquez Labs Group,Construction,SMB,29,4405000.0,NA,United States,CO,Fullerview,https://www.velasquezlabsgroup.example.com,28,2023-03-06,1
4023,Collins Bioscience Ltd,Biotech & Pharma,Mid-Market,1051,291664000.0,EMEA,United Kingdom,,Wesleychester,https://www.collinsbioscienceltd.example.com,58,2022-03-24,1
4024,Dickson Materials Inc,Financial Services,Mid-Market,699,214617000.0,NA,United States,NE,North Samanthastad,https://www.dicksonmaterialsinc.example.com,52,2021-01-25,1
4025,Walls Digital Ltd,Biotech & Pharma,SMB,38,6946000.0,EMEA,Sweden,,New Elizabethshire,https://www.wallsdigitalltd.example.com,18,2024-04-24,1
4026,Burns Holdings Co,Software & SaaS,SMB,33,3353000.0,NA,Canada,,West John,https://www.burnsholdingsco.example.com,37,2021-06-28,1
4027,Mahoney Dynamics Inc,Manufacturing,Enterprise,7798,3771436000.0,EMEA,UAE,,East Jaredfort,https://www.mahoneydynamicsinc.example.com,58,2025-03-10,1
4028,Mccann Solutions GmbH,Software & SaaS,SMB,27,5409000.0,EMEA,Netherlands,,Mosleystad,https://www.mccannsolutionsgmbh.example.com,60,2022-01-10,1
4029,Daugherty Digital Co,Professional Services,Mid-Market,1079,284982000.0,EMEA,Spain,,Hunterfort,https://www.daughertydigitalco.example.com,18,2023-07-21,1
4030,Hayes Holdings Inc,Financial Services,SMB,25,2665000.0,NA,United States,OK,East Maryfurt,https://www.hayesholdingsinc.example.com,38,2022-02-14,1
4031,Rogers Solutions Corp,Energy & Utilities,SMB,22,2731000.0,EMEA,United Kingdom,,West Michael,https://www.rogerssolutionscorp.example.com,20,2024-03-08,1
4032,Perkins Interactive PLC,Real Estate,SMB,37,8109000.0,NA,Canada,,North Susanside,https://www.perkinsinteractiveplc.example.com,38,2021-06-11,1
4033,Mcfarland Ventures Co,Manufacturing,Mid-Market,323,64212000.0,EMEA,Germany,,East Jenny,https://www.mcfarlandventuresco.example.com,42,2022-05-16,1
4034,Lyons Industries Corp,Professional Services,SMB,43,4933000.0,NA,United States,OH,Davidshire,https://www.lyonsindustriescorp.example.com,48,2023-02-21,0
4035,Hampton Energy Inc,Healthcare,Mid-Market,733,222898000.0,APAC,Japan,,Kennethland,https://www.hamptonenergyinc.example.com,41,2023-07-04,1
4036,Montgomery Labs Inc,Financial Services,Mid-Market,792,130737000.0,APAC,India,,South Sarahberg,https://www.montgomerylabsinc.example.com,56,2023-06-23,1
4037,Anderson Systems Group,Retail & E-commerce,SMB,36,3713000.0,EMEA,Spain,,East David,https://www.andersonsystemsgroup.example.com,21,2021-04-21,1
4038,Berger Logistics Group,Telecommunications,SMB,13,2249000.0,APAC,Japan,,Rodriguezfort,https://www.bergerlogisticsgroup.example.com,41,2021-02-23,1
4039,Rodgers Dynamics Ltd,Software & SaaS,SMB,14,1975000.0,EMEA,Netherlands,,Dannyburgh,https://www.rodgersdynamicsltd.example.com,45,2021-12-07,1
4040,Clarke Networks Co,Professional Services,SMB,42,4281000.0,NA,United States,CT,Lake Deborah,https://www.clarkenetworksco.example.com,51,2021-03-01,1
4041,Peterson Labs LLC,Healthcare,Mid-Market,233,55161000.0,EMEA,United Kingdom,,New Michellemouth,https://www.petersonlabsllc.example.com,7,2021-11-15,1
4042,Andersen Health Ltd,Energy & Utilities,SMB,95,8596000.0,LATAM,Colombia,,Duffyshire,https://www.andersenhealthltd.example.com,44,2021-03-24,1
4043,Estrada Systems AG,Software & SaaS,SMB,35,3510000.0,NA,Canada,,Lewisbury,https://www.estradasystemsag.example.com,25,2023-03-22,1
4044,Walsh Technologies GmbH,Manufacturing,Mid-Market,902,246365000.0,NA,United States,VA,Jamesland,https://www.walshtechnologiesgmbh.example.com,43,2021-05-27,1
4045,Farmer Partners AG,Retail & E-commerce,SMB,23,3633000.0,EMEA,Germany,,Barberburgh,https://www.farmerpartnersag.example.com,60,2022-09-15,1
4046,Wolfe Materials Co,Retail & E-commerce,SMB,37,4441000.0,NA,United States,NY,Abbottport,https://www.wolfematerialsco.example.com,38,2024-08-14,1
4047,Fernandez Industries Corp,Healthcare,SMB,13,2484000.0,EMEA,Ireland,,East David,https://www.fernandezindustriescorp.example.com,42,2024-08-23,1
4048,Morris Energy Inc,Logistics & Transportation,SMB,84,16924000.0,EMEA,Spain,,Rojastown,https://www.morrisenergyinc.example.com,3,2023-05-29,1
4049,Norton Energy PLC,Healthcare,Mid-Market,247,72731000.0,EMEA,Ireland,,Ashleyfort,https://www.nortonenergyplc.example.com,6,2021-02-18,1
4050,Moreno Industries Corp,Financial Services,SMB,36,3918000.0,NA,Canada,,New Katherineborough,https://www.morenoindustriescorp.example.com,34,2023-04-07,1
4051,Fox Dynamics Ltd,Software & SaaS,SMB,19,2542000.0,NA,Canada,,Andrewfort,https://www.foxdynamicsltd.example.com,15,2021-12-24,1
4052,Rhodes Works Group,Government & Public Sector,SMB,27,2944000.0,APAC,New Zealand,,Frankview,https://www.rhodesworksgroup.example.com,41,2023-06-07,1
4053,Gallagher Networks LLC,Software & SaaS,SMB,21,2673000.0,NA,Canada,,East Marisa,https://www.gallaghernetworksllc.example.com,29,2025-09-04,0
4054,Sanford Digital PLC,Manufacturing,SMB,84,10172000.0,NA,United States,NV,Lake Emilymouth,https://www.sanforddigitalplc.example.com,14,2023-08-08,1
4055,Harmon Cloud Corp,Healthcare,SMB,27,5192000.0,NA,Canada,,Rodriguezmouth,https://www.harmoncloudcorp.example.com,11,2025-12-12,1
4056,Sherman Health Co,Education,Mid-Market,458,138915000.0,NA,United States,UT,Marymouth,https://www.shermanhealthco.example.com,55,2021-10-28,1
4057,Wise Robotics AG,Manufacturing,Mid-Market,651,89184000.0,NA,Canada,,Amandamouth,https://www.wiseroboticsag.example.com,39,2022-01-17,1
4058,Reilly Networks Group,Healthcare,SMB,35,4722000.0,NA,United States,DC,East Cynthiaport,https://www.reillynetworksgroup.example.com,33,2021-07-28,1
4059,Ibarra Interactive LLC,Construction,Mid-Market,365,96802000.0,EMEA,France,,Kaylaton,https://www.ibarrainteractivellc.example.com,36,2021-04-20,1
4060,Holloway Technologies PLC,Automotive,SMB,48,7412000.0,EMEA,UAE,,Javierport,https://www.hollowaytechnologiesplc.example.com,7,2021-01-18,1
4061,Harper Holdings Ltd,Software & SaaS,Enterprise,12361,6387806000.0,APAC,Japan,,North Joanland,https://www.harperholdingsltd.example.com,41,2025-11-04,1
4062,Griffin Networks Corp,Energy & Utilities,SMB,18,3197000.0,APAC,New Zealand,,Lake Jose,https://www.griffinnetworkscorp.example.com,23,2022-11-16,1
4063,Jimenez Analytics Ltd,Government & Public Sector,SMB,36,7088000.0,NA,Canada,,Rodriguezmouth,https://www.jimenezanalyticsltd.example.com,28,2025-12-09,1
4064,Kelley Partners AG,Construction,SMB,38,4908000.0,NA,Canada,,Hernandezborough,https://www.kelleypartnersag.example.com,9,2025-04-14,1
4065,Pham Technologies LLC,Healthcare,SMB,9,1055000.0,APAC,New Zealand,,Port Lisaville,https://www.phamtechnologiesllc.example.com,50,2024-06-08,1
4066,Tate Analytics GmbH,Professional Services,Mid-Market,672,108072000.0,NA,United States,WI,Cunninghamview,https://www.tateanalyticsgmbh.example.com,24,2025-09-30,1
4067,Swanson Energy Co,Healthcare,SMB,38,8254000.0,NA,United States,AR,Williammouth,https://www.swansonenergyco.example.com,14,2022-01-10,1
4068,Melton Foods GmbH,Education,SMB,30,3949000.0,NA,United States,CO,Wilcoxfort,https://www.meltonfoodsgmbh.example.com,31,2025-03-24,1
4069,York Bioscience AG,Logistics & Transportation,SMB,34,6026000.0,EMEA,UAE,,Jaredshire,https://www.yorkbioscienceag.example.com,20,2024-01-17,1
4070,Thomas Dynamics LLC,Telecommunications,Mid-Market,664,183147000.0,NA,United States,SC,Gonzalezmouth,https://www.thomasdynamicsllc.example.com,29,2023-08-09,1
4071,Kelley Holdings LLC,Non-Profit,Mid-Market,341,88707000.0,NA,United States,SD,Abbottport,https://www.kelleyholdingsllc.example.com,55,2023-09-19,1
4072,Ho Health Inc,Software & SaaS,SMB,32,5700000.0,NA,United States,GA,West Traceyberg,https://www.hohealthinc.example.com,49,2025-08-27,1
4073,Ibarra Holdings LLC,Financial Services,SMB,38,5959000.0,EMEA,France,,Ashleyfort,https://www.ibarraholdingsllc.example.com,36,2025-11-07,1
4074,Arellano Dynamics Corp,Media & Entertainment,SMB,86,10294000.0,NA,United States,SD,Adamsside,https://www.arellanodynamicscorp.example.com,34,2021-09-14,1
4075,Gomez Ventures Group,Manufacturing,Mid-Market,968,151270000.0,EMEA,Germany,,Crosbystad,https://www.gomezventuresgroup.example.com,18,2021-04-23,1
4076,Harrison Analytics GmbH,Logistics & Transportation,Mid-Market,356,102018000.0,NA,United States,ID,Jordanport,https://www.harrisonanalyticsgmbh.example.com,52,2022-01-25,1
4077,Robinson Dynamics PLC,Professional Services,SMB,13,1409000.0,NA,United States,IL,West Traceyberg,https://www.robinsondynamicsplc.example.com,22,2024-11-26,1
4078,Estrada Foods Corp,Energy & Utilities,Mid-Market,2000,424716000.0,NA,United States,MT,East Johnberg,https://www.estradafoodscorp.example.com,10,2021-05-18,1
4079,Navarro Analytics Ltd,Real Estate,SMB,24,3679000.0,NA,United States,HI,North Kelly,https://www.navarroanalyticsltd.example.com,33,2023-12-12,1
4080,Garrett Logistics Group,Financial Services,Mid-Market,582,133145000.0,NA,Canada,,Port Donnashire,https://www.garrettlogisticsgroup.example.com,9,2022-08-19,1
4081,Haley Works Co,Software & SaaS,SMB,52,8134000.0,APAC,India,,South Davidview,https://www.haleyworksco.example.com,50,2025-09-15,1
4082,Benton Cloud Group,Government & Public Sector,SMB,45,8574000.0,NA,Canada,,Port Wesleyville,https://www.bentoncloudgroup.example.com,55,2024-12-16,1
4083,Lee Systems GmbH,Retail & E-commerce,SMB,44,8020000.0,LATAM,Colombia,,Whitneyberg,https://www.leesystemsgmbh.example.com,44,2023-02-20,1
4084,Brandt Industries Group,Education,SMB,200,41713000.0,NA,Canada,,Port Jamesmouth,https://www.brandtindustriesgroup.example.com,11,2022-07-08,1
4085,Crawford Networks AG,Software & SaaS,Enterprise,10335,4041643000.0,NA,Canada,,South Tinaton,https://www.crawfordnetworksag.example.com,51,2025-01-22,1
4086,Knox Materials AG,Telecommunications,SMB,50,10811000.0,EMEA,UAE,,Kingmouth,https://www.knoxmaterialsag.example.com,58,2021-12-15,1
4087,Palmer Capital LLC,Software & SaaS,Mid-Market,262,82342000.0,APAC,Australia,,Loritown,https://www.palmercapitalllc.example.com,23,2023-04-21,1
4088,Hess Systems Ltd,Professional Services,Mid-Market,302,75900000.0,NA,Canada,,Robertton,https://www.hesssystemsltd.example.com,38,2025-11-17,1
4089,Durham Ventures GmbH,Software & SaaS,Mid-Market,1495,355380000.0,NA,Canada,,Toddberg,https://www.durhamventuresgmbh.example.com,16,2023-08-21,1
4090,Todd Partners GmbH,Software & SaaS,Enterprise,51298,22653966000.0,EMEA,France,,Alexandrachester,https://www.toddpartnersgmbh.example.com,36,2025-11-11,1
4091,Gregory Works Corp,Manufacturing,SMB,73,13477000.0,NA,Canada,,Mclaughlinmouth,https://www.gregoryworkscorp.example.com,31,2022-10-31,1
4092,Garner Logistics Co,Financial Services,SMB,25,2499000.0,EMEA,Netherlands,,South Emily,https://www.garnerlogisticsco.example.com,20,2023-10-10,1
4093,Benton Dynamics LLC,Automotive,SMB,15,2140000.0,APAC,Australia,,Davisport,https://www.bentondynamicsllc.example.com,56,2025-12-11,1
4094,Griffith Materials Group,Retail & E-commerce,SMB,24,4059000.0,NA,United States,IN,Lake Kelly,https://www.griffithmaterialsgroup.example.com,31,2024-05-27,1
4095,Daugherty Bioscience Group,Retail & E-commerce,Mid-Market,465,57359000.0,APAC,Australia,,North Charles,https://www.daughertybiosciencegroup.example.com,13,2025-08-26,1
4096,Gross Interactive Group,Software & SaaS,SMB,53,8836000.0,NA,United States,ID,Cassandraberg,https://www.grossinteractivegroup.example.com,43,2025-01-14,1
4097,Contreras Labs Corp,Retail & E-commerce,SMB,42,4771000.0,APAC,India,,West Christy,https://www.contreraslabscorp.example.com,13,2021-04-20,1
4098,Cook Foods PLC,Software & SaaS,SMB,42,6963000.0,LATAM,Chile,,Lake Mitchell,https://www.cookfoodsplc.example.com,44,2021-12-30,1
4099,Price Technologies AG,Education,SMB,26,3522000.0,EMEA,UAE,,Smithmouth,https://www.pricetechnologiesag.example.com,7,2024-06-04,1
4100,Johnston Labs Ltd,Automotive,Mid-Market,227,36284000.0,LATAM,Colombia,,Mcculloughberg,https://www.johnstonlabsltd.example.com,44,2025-06-25,1
4101,Palmer Digital Co,Healthcare,SMB,23,3083000.0,APAC,India,,Livingstonview,https://www.palmerdigitalco.example.com,50,2024-11-05,1
4102,Mccarty Interactive PLC,Professional Services,Mid-Market,1199,150250000.0,NA,Canada,,West Steventon,https://www.mccartyinteractiveplc.example.com,28,2022-03-25,0
4103,Lucas Bioscience Ltd,Construction,Mid-Market,463,86425000.0,NA,Canada,,Stephanieview,https://www.lucasbioscienceltd.example.com,34,2023-09-22,1
4104,Jefferson Materials Co,Construction,Mid-Market,1032,194947000.0,NA,Canada,,New Megan,https://www.jeffersonmaterialsco.example.com,26,2023-12-12,1
4105,Hatfield Industries Inc,Real Estate,SMB,27,5357000.0,NA,United States,NJ,Muellerchester,https://www.hatfieldindustriesinc.example.com,10,2022-10-21,1
4106,Estrada Materials Co,Hospitality,Mid-Market,1275,288234000.0,EMEA,France,,Smithfort,https://www.estradamaterialsco.example.com,7,2023-07-10,1
4107,Tate Logistics Inc,Manufacturing,SMB,54,7822000.0,NA,United States,OK,Port Penny,https://www.tatelogisticsinc.example.com,39,2026-06-01,1
4108,Hines Labs Ltd,Media & Entertainment,SMB,59,9355000.0,EMEA,UAE,,West Williamfurt,https://www.hineslabsltd.example.com,1,2023-04-24,1
4109,Swanson Industries AG,Energy & Utilities,Mid-Market,777,200430000.0,NA,United States,KY,Lake Danielle,https://www.swansonindustriesag.example.com,16,2021-10-05,1
4110,Rios Technologies GmbH,Financial Services,Mid-Market,2000,311738000.0,NA,Canada,,Davisport,https://www.riostechnologiesgmbh.example.com,17,2023-02-11,1
4111,Medina Analytics GmbH,Healthcare,SMB,14,2284000.0,NA,Canada,,East Thomasland,https://www.medinaanalyticsgmbh.example.com,22,2021-09-13,1
4112,Simmons Foods Co,Manufacturing,Mid-Market,200,48066000.0,LATAM,Argentina,,New Stephaniefurt,https://www.simmonsfoodsco.example.com,40,2024-02-07,1
4113,Nelson Bioscience Co,Software & SaaS,SMB,56,9139000.0,NA,Canada,,Kevinbury,https://www.nelsonbioscienceco.example.com,33,2025-08-08,1
4114,Santos Foods Co,Retail & E-commerce,SMB,19,2236000.0,NA,United States,VI,South Jennifer,https://www.santosfoodsco.example.com,39,2024-01-05,1
4115,Roy Metrics LLC,Professional Services,Enterprise,77314,13260485000.0,NA,Canada,,Tiffanystad,https://www.roymetricsllc.example.com,48,2025-05-26,1
4116,Mullins Holdings AG,Education,SMB,44,7389000.0,LATAM,Brazil,,East Michelle,https://www.mullinsholdingsag.example.com,44,2024-05-03,1
4117,Phillips Capital Inc,Education,Mid-Market,342,103761000.0,NA,United States,AS,Williamshire,https://www.phillipscapitalinc.example.com,34,2022-10-21,1
4118,Saunders Technologies AG,Media & Entertainment,SMB,27,3605000.0,EMEA,Germany,,Port Anthonychester,https://www.saunderstechnologiesag.example.com,3,2023-04-11,1
4119,Davis Ventures AG,Software & SaaS,Mid-Market,521,81798000.0,NA,United States,AL,Jaimetown,https://www.davisventuresag.example.com,26,2023-03-30,1
4120,Stewart Analytics AG,Software & SaaS,Mid-Market,2000,503635000.0,NA,Canada,,Ellisshire,https://www.stewartanalyticsag.example.com,55,2022-08-03,1
4121,Kramer Materials Inc,Financial Services,Mid-Market,2000,258236000.0,EMEA,France,,East John,https://www.kramermaterialsinc.example.com,46,2021-05-12,1
4122,Burton Ventures AG,Non-Profit,SMB,102,17866000.0,EMEA,Netherlands,,New Ashley,https://www.burtonventuresag.example.com,46,2024-03-08,1
4123,Castaneda Robotics Group,Hospitality,Mid-Market,1662,375993000.0,EMEA,Netherlands,,Bryanfort,https://www.castanedaroboticsgroup.example.com,3,2021-03-11,1
4124,Ray Bioscience Group,Media & Entertainment,SMB,23,2506000.0,NA,United States,CT,East Amyside,https://www.raybiosciencegroup.example.com,29,2021-10-20,1
4125,Sanchez Systems PLC,Manufacturing,Enterprise,4395,1379290000.0,LATAM,Mexico,,Ryanside,https://www.sanchezsystemsplc.example.com,40,2022-11-18,1
4126,Nash Ventures Corp,Construction,SMB,36,7892000.0,EMEA,Germany,,New Gina,https://www.nashventurescorp.example.com,32,2026-06-04,1
4127,Myers Industries AG,Software & SaaS,SMB,49,9328000.0,LATAM,Colombia,,New Stephaniefurt,https://www.myersindustriesag.example.com,40,2022-03-18,1
4128,Stanton Foods Co,Software & SaaS,Mid-Market,348,93371000.0,NA,United States,MO,Kristyport,https://www.stantonfoodsco.example.com,11,2024-10-16,1
4129,Winters Health LLC,Education,SMB,16,2308000.0,NA,Canada,,North Garyfurt,https://www.wintershealthllc.example.com,48,2022-09-21,1
4130,Shea Foods Group,Logistics & Transportation,SMB,29,3746000.0,NA,United States,AR,Lake Glenn,https://www.sheafoodsgroup.example.com,53,2021-11-16,1
4131,Cantu Bioscience PLC,Automotive,Mid-Market,380,48187000.0,EMEA,UAE,,Baldwinville,https://www.cantubioscienceplc.example.com,18,2021-02-11,1
4132,Russo Logistics Ltd,Professional Services,SMB,25,3510000.0,EMEA,Spain,,North Joyside,https://www.russologisticsltd.example.com,42,2021-05-05,1
4133,Lara Networks Group,Biotech & Pharma,SMB,21,3859000.0,NA,Canada,,Caseyton,https://www.laranetworksgroup.example.com,17,2022-09-18,1
4134,Ruiz Networks LLC,Telecommunications,SMB,22,3854000.0,NA,Canada,,Port Scott,https://www.ruiznetworksllc.example.com,15,2022-08-22,0
4135,Pierce Interactive PLC,Biotech & Pharma,SMB,72,13052000.0,NA,United States,MO,West Cassandra,https://www.pierceinteractiveplc.example.com,24,2023-10-03,1
4136,Oconnor Holdings Group,Energy & Utilities,SMB,20,4111000.0,NA,United States,NM,Port Juliantown,https://www.oconnorholdingsgroup.example.com,24,2021-03-28,1
4137,Stark Energy Inc,Logistics & Transportation,SMB,48,7167000.0,APAC,New Zealand,,North Larryton,https://www.starkenergyinc.example.com,41,2022-02-14,1
4138,Castaneda Solutions Ltd,Media & Entertainment,SMB,40,7082000.0,NA,Canada,,West Steven,https://www.castanedasolutionsltd.example.com,14,2021-02-08,1
4139,Smith Cloud GmbH,Non-Profit,SMB,11,1621000.0,NA,United States,MP,Freemanville,https://www.smithcloudgmbh.example.com,8,2025-05-08,1
4140,Greene Holdings Group,Software & SaaS,SMB,46,7956000.0,NA,United States,MH,Shawntown,https://www.greeneholdingsgroup.example.com,14,2022-08-16,0
4141,Costa Works PLC,Media & Entertainment,Mid-Market,339,63303000.0,NA,United States,UT,Evansberg,https://www.costaworksplc.example.com,17,2023-06-30,1
4142,Pham Ventures Co,Manufacturing,Mid-Market,351,103753000.0,LATAM,Brazil,,Abbottport,https://www.phamventuresco.example.com,44,2024-03-25,0
4143,Wolfe Systems AG,Energy & Utilities,SMB,10,1517000.0,NA,United States,MH,Guerreroport,https://www.wolfesystemsag.example.com,14,2022-01-17,1
4144,Bowers Partners Ltd,Media & Entertainment,SMB,50,9548000.0,APAC,New Zealand,,New Julieshire,https://www.bowerspartnersltd.example.com,50,2021-07-01,1
4145,Wise Ventures Co,Manufacturing,Mid-Market,1937,319791000.0,EMEA,Spain,,Brooksville,https://www.wiseventuresco.example.com,32,2023-06-26,1
4146,Graves Labs Group,Energy & Utilities,SMB,21,1904000.0,EMEA,Spain,,Javierport,https://www.graveslabsgroup.example.com,46,2025-08-15,0
4147,Wiley Energy GmbH,Logistics & Transportation,SMB,31,3659000.0,NA,Canada,,Bentleyside,https://www.wileyenergygmbh.example.com,14,2025-07-01,1
4148,Barrett Networks Inc,Financial Services,SMB,11,1414000.0,EMEA,Spain,,Gutierrezmouth,https://www.barrettnetworksinc.example.com,36,2022-03-21,1
4149,Meza Interactive Co,Education,SMB,34,7239000.0,EMEA,Spain,,Richardsonshire,https://www.mezainteractiveco.example.com,5,2022-01-12,1
4150,Lopez Works Group,Software & SaaS,Mid-Market,526,139166000.0,NA,United States,KY,East Ericbury,https://www.lopezworksgroup.example.com,55,2022-06-01,1
4151,Shea Systems Co,Professional Services,Enterprise,72306,19072553000.0,APAC,Japan,,Jaimetown,https://www.sheasystemsco.example.com,50,2021-12-16,1
4152,Johns Partners AG,Non-Profit,Enterprise,23863,10898392000.0,NA,Canada,,East Aprilstad,https://www.johnspartnersag.example.com,15,2026-03-10,0
4153,Black Materials Inc,Software & SaaS,SMB,63,9823000.0,NA,Canada,,Lake Wendybury,https://www.blackmaterialsinc.example.com,49,2021-02-24,1
4154,Coleman Bioscience Inc,Healthcare,SMB,17,2335000.0,NA,Canada,,Savageview,https://www.colemanbioscienceinc.example.com,33,2021-09-30,1
4155,Elliott Metrics GmbH,Software & SaaS,SMB,20,2851000.0,EMEA,Spain,,Nicoleburgh,https://www.elliottmetricsgmbh.example.com,42,2021-02-15,1
4156,Stephenson Technologies PLC,Real Estate,SMB,44,6544000.0,NA,Canada,,Ellisshire,https://www.stephensontechnologiespl.example.com,28,2025-03-18,1
4157,Boyer Solutions Corp,Software & SaaS,SMB,45,9127000.0,NA,United States,KY,Kingmouth,https://www.boyersolutionscorp.example.com,47,2022-12-15,1
4158,Shields Technologies Group,Logistics & Transportation,Mid-Market,581,140862000.0,NA,United States,WI,Port Julie,https://www.shieldstechnologiesgroup.example.com,2,2021-11-25,1
4159,Landry Networks Ltd,Manufacturing,SMB,5,1076000.0,NA,United States,VA,New Daltonmouth,https://www.landrynetworksltd.example.com,43,2022-08-10,1
4160,Matthews Materials Group,Real Estate,Enterprise,47791,19304127000.0,NA,Canada,,Morganville,https://www.matthewsmaterialsgroup.example.com,26,2021-05-31,1
4161,Whitaker Industries Ltd,Education,SMB,143,28563000.0,APAC,Japan,,Teresabury,https://www.whitakerindustriesltd.example.com,50,2021-06-01,1
4162,Riley Foods Corp,Logistics & Transportation,SMB,47,9373000.0,NA,United States,FM,South Kimberly,https://www.rileyfoodscorp.example.com,49,2025-12-30,1
4163,Murillo Industries PLC,Logistics & Transportation,Mid-Market,1130,172593000.0,LATAM,Mexico,,Hahnberg,https://www.murilloindustriesplc.example.com,44,2024-02-26,1
4164,Scott Materials Ltd,Real Estate,Mid-Market,200,53668000.0,EMEA,Spain,,Proctorberg,https://www.scottmaterialsltd.example.com,54,2023-10-30,1
4165,Jackson Robotics Ltd,Retail & E-commerce,SMB,53,6141000.0,EMEA,UAE,,South Cassandra,https://www.jacksonroboticsltd.example.com,60,2022-12-16,1
4166,Wagner Partners Inc,Manufacturing,SMB,28,3498000.0,LATAM,Brazil,,West Amy,https://www.wagnerpartnersinc.example.com,44,2023-01-12,1
4167,Ross Systems Ltd,Software & SaaS,SMB,7,1172000.0,NA,United States,NM,Jaimetown,https://www.rosssystemsltd.example.com,55,2024-08-22,1
4168,Willis Solutions PLC,Healthcare,SMB,52,9115000.0,EMEA,Germany,,Robertmouth,https://www.willissolutionsplc.example.com,45,2021-03-17,1
4169,Malone Energy Co,Manufacturing,SMB,20,2327000.0,NA,Canada,,East Michelle,https://www.maloneenergyco.example.com,43,2023-12-21,1
4170,Moss Foods Ltd,Media & Entertainment,SMB,47,8790000.0,NA,Canada,,Michaelside,https://www.mossfoodsltd.example.com,10,2023-05-05,1
4171,Huynh Analytics Ltd,Energy & Utilities,SMB,26,3016000.0,NA,Canada,,Burkeberg,https://www.huynhanalyticsltd.example.com,59,2022-03-18,1
4172,Velazquez Industries Group,Construction,SMB,37,4595000.0,EMEA,Sweden,,North Stacy,https://www.velazquezindustriesgroup.example.com,20,2021-11-08,1
4173,Moore Interactive Corp,Healthcare,Mid-Market,657,148755000.0,APAC,India,,Port Paula,https://www.mooreinteractivecorp.example.com,23,2025-04-07,1
4174,Chan Interactive LLC,Logistics & Transportation,Mid-Market,277,39446000.0,NA,United States,WY,Michaelton,https://www.chaninteractivellc.example.com,47,2025-11-17,1
4175,Larsen Dynamics PLC,Real Estate,SMB,17,2208000.0,EMEA,Germany,,Markshire,https://www.larsendynamicsplc.example.com,27,2021-05-17,1
4176,Campbell Energy LLC,Healthcare,SMB,60,11999000.0,NA,Canada,,Guerreroport,https://www.campbellenergyllc.example.com,2,2021-09-05,1
4177,Moses Energy GmbH,Logistics & Transportation,SMB,12,2222000.0,NA,Canada,,Shaunhaven,https://www.mosesenergygmbh.example.com,14,2023-12-20,1
4178,Parrish Analytics Ltd,Manufacturing,Mid-Market,507,157106000.0,NA,United States,FL,West Bryan,https://www.parrishanalyticsltd.example.com,59,2024-08-29,1
4179,Russo Networks Co,Manufacturing,Mid-Market,407,88886000.0,EMEA,Germany,,East Angela,https://www.russonetworksco.example.com,4,2023-01-16,1
4180,Castillo Systems Co,Software & SaaS,Mid-Market,391,105185000.0,NA,United States,AR,Jaredshire,https://www.castillosystemsco.example.com,49,2025-10-31,1
4181,Jacobs Health LLC,Software & SaaS,SMB,170,27028000.0,NA,Canada,,North Stacy,https://www.jacobshealthllc.example.com,26,2025-05-12,1
4182,Guerra Bioscience Ltd,Healthcare,SMB,169,33220000.0,NA,United States,GU,Lake Michaelborough,https://www.guerrabioscienceltd.example.com,55,2021-06-22,1
4183,Hodges Technologies Corp,Non-Profit,SMB,107,20938000.0,EMEA,UAE,,Amandafurt,https://www.hodgestechnologiescorp.example.com,36,2021-07-15,1
4184,Walter Networks GmbH,Financial Services,SMB,82,11536000.0,APAC,India,,Amyside,https://www.walternetworksgmbh.example.com,23,2021-05-03,1
4185,Martinez Digital GmbH,Software & SaaS,Mid-Market,749,122491000.0,NA,United States,AR,Gonzalezmouth,https://www.martinezdigitalgmbh.example.com,29,2025-05-19,1
4186,Hudson Systems AG,Education,SMB,29,5556000.0,EMEA,Netherlands,,West Taramouth,https://www.hudsonsystemsag.example.com,4,2023-05-19,1
4187,Trujillo Logistics AG,Construction,SMB,75,8761000.0,EMEA,Spain,,North Timothyport,https://www.trujillologisticsag.example.com,7,2025-12-15,1
4188,Long Solutions PLC,Software & SaaS,SMB,29,4507000.0,NA,Canada,,Howardmouth,https://www.longsolutionsplc.example.com,51,2024-05-07,1
4189,Holloway Dynamics Group,Real Estate,SMB,9,948000.0,NA,United States,OH,Bradleyberg,https://www.hollowaydynamicsgroup.example.com,34,2024-05-14,1
4190,Lutz Capital Group,Software & SaaS,SMB,97,14112000.0,APAC,Japan,,Sarahfort,https://www.lutzcapitalgroup.example.com,23,2021-06-21,1
4191,Singh Foods AG,Software & SaaS,SMB,73,11508000.0,NA,Canada,,Lake Sean,https://www.singhfoodsag.example.com,37,2021-06-03,1
4192,Hunt Systems AG,Biotech & Pharma,Enterprise,32692,12461835000.0,NA,United States,IN,Leeland,https://www.huntsystemsag.example.com,2,2025-11-14,0
4193,Mills Labs Group,Telecommunications,Mid-Market,746,109988000.0,APAC,Australia,,North Jillfort,https://www.millslabsgroup.example.com,50,2022-12-29,1
4194,Clements Systems Ltd,Logistics & Transportation,Mid-Market,536,143788000.0,APAC,Australia,,Georgeside,https://www.clementssystemsltd.example.com,50,2026-06-26,1
4195,Allison Cloud AG,Financial Services,Mid-Market,835,212729000.0,EMEA,Spain,,Robertmouth,https://www.allisoncloudag.example.com,27,2022-04-11,1
4196,Benson Robotics GmbH,Logistics & Transportation,Mid-Market,329,57516000.0,APAC,New Zealand,,Kevinbury,https://www.bensonroboticsgmbh.example.com,56,2023-09-25,1
4197,Jordan Robotics AG,Software & SaaS,SMB,30,3012000.0,NA,Canada,,Quinnhaven,https://www.jordanroboticsag.example.com,59,2023-06-14,1
4198,Petty Analytics Corp,Manufacturing,SMB,12,1802000.0,EMEA,United Kingdom,,New Melissa,https://www.pettyanalyticscorp.example.com,21,2021-04-05,1
4199,Cummings Dynamics Co,Telecommunications,SMB,20,3494000.0,NA,Canada,,East Dawnchester,https://www.cummingsdynamicsco.example.com,12,2023-03-09,1
4200,Ward Cloud Ltd,Media & Entertainment,SMB,8,1359000.0,APAC,Japan,,Perezchester,https://www.wardcloudltd.example.com,23,2025-10-22,1
4201,Casey Cloud AG,Energy & Utilities,SMB,64,6212000.0,NA,United States,DE,Campbellport,https://www.caseycloudag.example.com,15,2022-11-18,1
4202,Parker Robotics AG,Software & SaaS,SMB,9,922000.0,NA,Canada,,Rhodesland,https://www.parkerroboticsag.example.com,28,2022-12-16,1
4203,Dennis Labs Co,Real Estate,Mid-Market,1054,283797000.0,NA,United States,MI,Lake Saraburgh,https://www.dennislabsco.example.com,43,2024-03-06,1
4204,Beard Dynamics GmbH,Construction,SMB,39,5291000.0,EMEA,Netherlands,,Port Julie,https://www.bearddynamicsgmbh.example.com,19,2024-09-12,1
4205,Perry Bioscience Corp,Non-Profit,SMB,16,3193000.0,NA,United States,ND,Guerreroport,https://www.perrybiosciencecorp.example.com,47,2024-12-31,1
4206,Lee Digital Ltd,Software & SaaS,SMB,10,2031000.0,EMEA,Germany,,Loritown,https://www.leedigitalltd.example.com,36,2022-11-16,1
4207,Moon Logistics GmbH,Software & SaaS,SMB,37,4819000.0,NA,Canada,,Keithfort,https://www.moonlogisticsgmbh.example.com,35,2022-11-02,1
4208,Walters Dynamics GmbH,Logistics & Transportation,Mid-Market,541,119560000.0,NA,Canada,,Hernandezborough,https://www.waltersdynamicsgmbh.example.com,51,2022-12-16,1
4209,Lowe Robotics Inc,Logistics & Transportation,SMB,24,4403000.0,EMEA,France,,Lake Glenn,https://www.loweroboticsinc.example.com,58,2026-03-24,1
4210,Silva Metrics Inc,Hospitality,Mid-Market,440,83477000.0,NA,Canada,,Bradfordbury,https://www.silvametricsinc.example.com,38,2025-11-07,1
4211,Kirk Bioscience LLC,Manufacturing,Mid-Market,348,96528000.0,EMEA,Germany,,Lewisbury,https://www.kirkbiosciencellc.example.com,58,2023-09-26,1
4212,Gregory Foods Inc,Logistics & Transportation,SMB,59,9739000.0,LATAM,Brazil,,Diazton,https://www.gregoryfoodsinc.example.com,44,2022-02-15,1
4213,Hayes Systems LLC,Financial Services,SMB,12,2614000.0,EMEA,Spain,,New Melissa,https://www.hayessystemsllc.example.com,27,2025-08-03,1
4214,Gray Energy AG,Biotech & Pharma,SMB,17,1739000.0,NA,United States,MN,Colleenmouth,https://www.grayenergyag.example.com,11,2021-09-06,1
4215,Tanner Capital Ltd,Software & SaaS,SMB,5,806000.0,EMEA,Germany,,Alvarezburgh,https://www.tannercapitalltd.example.com,32,2021-06-01,1
4216,Larsen Bioscience Inc,Non-Profit,SMB,6,1002000.0,APAC,India,,Mendozaberg,https://www.larsenbioscienceinc.example.com,13,2022-09-14,1
4217,Walker Labs PLC,Government & Public Sector,Enterprise,65864,32626465000.0,EMEA,Netherlands,,Josephville,https://www.walkerlabsplc.example.com,21,2024-01-31,1
4218,Duran Bioscience AG,Software & SaaS,SMB,121,15730000.0,APAC,New Zealand,,Toddberg,https://www.duranbioscienceag.example.com,56,2021-03-17,1
4219,Richardson Foods GmbH,Real Estate,Mid-Market,527,128249000.0,NA,United States,NM,Jaimetown,https://www.richardsonfoodsgmbh.example.com,47,2022-03-25,1
4220,Buck Energy GmbH,Healthcare,SMB,150,14416000.0,EMEA,France,,Lisatown,https://www.buckenergygmbh.example.com,57,2024-09-20,1
4221,Forbes Labs AG,Financial Services,Enterprise,26169,5024249000.0,NA,United States,WV,Grahamland,https://www.forbeslabsag.example.com,16,2023-12-08,1
4222,Ayers Bioscience PLC,Manufacturing,SMB,33,3194000.0,EMEA,UAE,,Victormouth,https://www.ayersbioscienceplc.example.com,57,2021-04-29,1
4223,Valenzuela Dynamics GmbH,Biotech & Pharma,SMB,17,2532000.0,APAC,New Zealand,,South Amandaville,https://www.valenzueladynamicsgmbh.example.com,41,2021-10-18,1
4224,Franklin Solutions GmbH,Manufacturing,SMB,25,4501000.0,APAC,Singapore,,East Julie,https://www.franklinsolutionsgmbh.example.com,23,2024-04-28,1
4225,Schmidt Labs PLC,Financial Services,SMB,60,10861000.0,NA,United States,NJ,Hernandezborough,https://www.schmidtlabsplc.example.com,31,2021-06-10,1
4226,Holt Solutions LLC,Logistics & Transportation,Mid-Market,2000,442907000.0,APAC,India,,East Michelle,https://www.holtsolutionsllc.example.com,23,2021-01-18,1
4227,Bush Health AG,Manufacturing,SMB,21,2384000.0,NA,United States,MN,East Ellen,https://www.bushhealthag.example.com,35,2026-06-23,1
4228,Gray Cloud Inc,Software & SaaS,SMB,37,7457000.0,NA,United States,KS,Guerreroport,https://www.graycloudinc.example.com,25,2023-09-12,0
4229,Grant Works Group,Financial Services,SMB,31,4310000.0,EMEA,Ireland,,Staceyshire,https://www.grantworksgroup.example.com,3,2022-10-06,1
4230,Lang Analytics PLC,Software & SaaS,SMB,20,4307000.0,NA,United States,MI,Mooremouth,https://www.langanalyticsplc.example.com,24,2023-08-03,1
4231,Glass Works PLC,Logistics & Transportation,SMB,21,2213000.0,NA,Canada,,Lake Timothyshire,https://www.glassworksplc.example.com,16,2023-12-26,1
4232,Ochoa Analytics GmbH,Education,SMB,39,7751000.0,EMEA,France,,East Ralphshire,https://www.ochoaanalyticsgmbh.example.com,46,2023-01-25,1
4233,Powell Foods Inc,Telecommunications,SMB,15,3121000.0,EMEA,France,,East Marystad,https://www.powellfoodsinc.example.com,1,2023-12-06,1
4234,Cervantes Technologies GmbH,Financial Services,SMB,44,8666000.0,EMEA,Spain,,North Garyfurt,https://www.cervantestechnologiesgmb.example.com,45,2024-03-20,1
4235,Lin Interactive LLC,Professional Services,SMB,22,4293000.0,EMEA,Spain,,Ryanburgh,https://www.lininteractivellc.example.com,18,2021-09-16,1
4236,Mcconnell Networks Ltd,Manufacturing,Enterprise,8042,4048205000.0,EMEA,Sweden,,North Ginamouth,https://www.mcconnellnetworksltd.example.com,27,2022-09-28,1
4237,Farrell Bioscience Group,Software & SaaS,SMB,34,4657000.0,NA,Canada,,Port Heather,https://www.farrellbiosciencegroup.example.com,17,2022-03-16,1
4238,Rivera Robotics Ltd,Biotech & Pharma,Mid-Market,603,165597000.0,NA,United States,MS,Jacobsmouth,https://www.riveraroboticsltd.example.com,59,2024-10-23,1
4239,Deleon Digital Inc,Energy & Utilities,SMB,89,16263000.0,EMEA,United Kingdom,,West Michaelport,https://www.deleondigitalinc.example.com,46,2024-08-15,1
4240,Stephenson Ventures Inc,Media & Entertainment,SMB,27,4464000.0,EMEA,United Kingdom,,South Michael,https://www.stephensonventuresinc.example.com,6,2024-11-26,1
4241,Hurst Solutions AG,Software & SaaS,SMB,63,9146000.0,NA,United States,WV,Toddhaven,https://www.hurstsolutionsag.example.com,25,2022-10-21,1
4242,Hamilton Digital Co,Software & SaaS,SMB,8,1753000.0,NA,United States,FL,Port Juliantown,https://www.hamiltondigitalco.example.com,29,2023-06-16,1
4243,Nixon Health Co,Media & Entertainment,SMB,22,2811000.0,APAC,Australia,,Port Steveport,https://www.nixonhealthco.example.com,56,2024-03-14,1
4244,Molina Labs Corp,Government & Public Sector,SMB,32,4599000.0,APAC,New Zealand,,Bryanfort,https://www.molinalabscorp.example.com,50,2022-04-08,1
4245,Lang Labs AG,Education,SMB,133,27580000.0,EMEA,Spain,,East Jenny,https://www.langlabsag.example.com,4,2026-04-28,1
4246,Osborn Ventures GmbH,Software & SaaS,Enterprise,20656,4054262000.0,EMEA,Netherlands,,East Angela,https://www.osbornventuresgmbh.example.com,32,2022-07-04,1
4247,Espinoza Interactive Co,Education,SMB,7,893000.0,LATAM,Chile,,New David,https://www.espinozainteractiveco.example.com,44,2023-04-07,1
4248,Salinas Networks LLC,Manufacturing,SMB,29,3186000.0,EMEA,Ireland,,North Nichole,https://www.salinasnetworksllc.example.com,54,2024-12-30,0
4249,Molina Industries PLC,Software & SaaS,SMB,94,12248000.0,NA,United States,NC,Deborahberg,https://www.molinaindustriesplc.example.com,39,2024-06-14,1
4250,Curry Works LLC,Professional Services,SMB,17,3208000.0,EMEA,United Kingdom,,Ryanburgh,https://www.curryworksllc.example.com,4,2023-02-07,1
4251,Zuniga Partners Group,Media & Entertainment,Mid-Market,268,61363000.0,APAC,New Zealand,,North Charles,https://www.zunigapartnersgroup.example.com,13,2022-09-06,1
4252,Stanton Networks Ltd,Telecommunications,SMB,26,5246000.0,EMEA,Germany,,North Richard,https://www.stantonnetworksltd.example.com,19,2023-10-26,1
4253,Clayton Bioscience AG,Financial Services,SMB,40,4195000.0,NA,Canada,,West David,https://www.claytonbioscienceag.example.com,16,2022-10-18,1
4254,Rodriguez Digital LLC,Software & SaaS,SMB,36,6150000.0,APAC,Japan,,North Michael,https://www.rodriguezdigitalllc.example.com,23,2023-07-20,1
4255,Liu Analytics Inc,Logistics & Transportation,SMB,102,16702000.0,EMEA,Ireland,,Alexandrachester,https://www.liuanalyticsinc.example.com,27,2024-10-30,1
4256,Rivas Solutions Corp,Logistics & Transportation,Enterprise,32918,9379204000.0,NA,United States,AZ,Shannonstad,https://www.rivassolutionscorp.example.com,14,2021-06-16,1
4257,Harmon Works PLC,Media & Entertainment,SMB,44,7786000.0,LATAM,Colombia,,Toddberg,https://www.harmonworksplc.example.com,44,2024-02-29,1
4258,Drake Interactive Ltd,Real Estate,Mid-Market,1259,387403000.0,EMEA,UAE,,Cassandraberg,https://www.drakeinteractiveltd.example.com,6,2021-03-18,1
4259,Daniels Cloud AG,Energy & Utilities,SMB,85,15065000.0,APAC,Japan,,North Adrianland,https://www.danielscloudag.example.com,56,2024-05-17,1
4260,Bennett Holdings LLC,Energy & Utilities,Enterprise,19016,7357262000.0,LATAM,Brazil,,New Anna,https://www.bennettholdingsllc.example.com,40,2021-10-28,1
4261,Stewart Materials GmbH,Financial Services,SMB,24,5154000.0,NA,United States,HI,East Ellen,https://www.stewartmaterialsgmbh.example.com,14,2023-01-20,1
4262,Gallegos Labs PLC,Manufacturing,SMB,18,2431000.0,EMEA,Spain,,Jaredshire,https://www.gallegoslabsplc.example.com,57,2022-01-14,1
4263,Weeks Foods GmbH,Media & Entertainment,Mid-Market,443,125640000.0,NA,Canada,,Stevenchester,https://www.weeksfoodsgmbh.example.com,9,2022-04-08,0
4264,Dawson Robotics AG,Logistics & Transportation,SMB,26,3353000.0,APAC,India,,Laurenborough,https://www.dawsonroboticsag.example.com,50,2023-10-09,1
4265,Griffin Dynamics Group,Healthcare,SMB,13,2152000.0,APAC,Singapore,,Nicoleburgh,https://www.griffindynamicsgroup.example.com,56,2022-10-10,1
4266,Stone Bioscience Group,Biotech & Pharma,Enterprise,36620,10360949000.0,APAC,India,,Simsburgh,https://www.stonebiosciencegroup.example.com,13,2023-01-08,1
4267,Greene Ventures Co,Financial Services,SMB,45,6562000.0,EMEA,United Kingdom,,Michelleland,https://www.greeneventuresco.example.com,32,2026-07-23,1
4268,Reynolds Works Corp,Construction,Mid-Market,782,149861000.0,EMEA,United Kingdom,,Welchchester,https://www.reynoldsworkscorp.example.com,27,2021-06-16,1
4269,Boyer Metrics LLC,Professional Services,Mid-Market,401,85407000.0,NA,United States,ME,New Juan,https://www.boyermetricsllc.example.com,28,2022-07-15,1
4270,Weaver Ventures Group,Media & Entertainment,Mid-Market,1652,514543000.0,NA,Canada,,Whitneyberg,https://www.weaverventuresgroup.example.com,2,2023-03-27,1
4271,Mills Dynamics Corp,Software & SaaS,Mid-Market,406,121411000.0,NA,United States,LA,East Dawnchester,https://www.millsdynamicscorp.example.com,25,2024-12-03,1
4272,Ray Labs PLC,Media & Entertainment,SMB,23,3487000.0,APAC,Australia,,Vasquezburgh,https://www.raylabsplc.example.com,41,2022-02-10,1
4273,Arroyo Partners Inc,Software & SaaS,SMB,19,1881000.0,EMEA,UAE,,Davisport,https://www.arroyopartnersinc.example.com,4,2022-08-08,1
4274,Whitaker Logistics PLC,Biotech & Pharma,SMB,45,4917000.0,EMEA,Netherlands,,South John,https://www.whitakerlogisticsplc.example.com,3,2024-12-18,1
4275,Klein Networks GmbH,Healthcare,SMB,13,2751000.0,NA,Canada,,Port Jamesmouth,https://www.kleinnetworksgmbh.example.com,31,2023-03-27,1
4276,Cunningham Cloud LLC,Manufacturing,Mid-Market,1804,285460000.0,EMEA,Netherlands,,North Heather,https://www.cunninghamcloudllc.example.com,5,2025-03-21,1
4277,Castillo Capital AG,Education,SMB,56,5537000.0,NA,United States,KS,Townsendbury,https://www.castillocapitalag.example.com,16,2021-03-30,1
4278,Bowen Technologies PLC,Software & SaaS,SMB,22,3668000.0,LATAM,Argentina,,Port Charleshaven,https://www.bowentechnologiesplc.example.com,44,2022-02-18,1
4279,Novak Capital PLC,Logistics & Transportation,SMB,75,14107000.0,APAC,Japan,,Port Steveport,https://www.novakcapitalplc.example.com,13,2023-05-19,1
4280,Curry Systems PLC,Telecommunications,SMB,23,2105000.0,EMEA,UAE,,Sandrafort,https://www.currysystemsplc.example.com,1,2021-06-17,1
4281,Villegas Systems GmbH,Financial Services,Mid-Market,287,50185000.0,APAC,India,,South Stevenberg,https://www.villegassystemsgmbh.example.com,41,2022-12-28,1
4282,Day Health Corp,Financial Services,SMB,50,5948000.0,NA,United States,MT,Glennshire,https://www.dayhealthcorp.example.com,16,2021-01-29,1
4283,Bowers Solutions Co,Retail & E-commerce,SMB,36,5005000.0,NA,United States,MS,South Tylerland,https://www.bowerssolutionsco.example.com,34,2023-02-13,0
4284,Sloan Ventures Ltd,Logistics & Transportation,Mid-Market,507,97792000.0,EMEA,Germany,,North Patrick,https://www.sloanventuresltd.example.com,27,2025-10-08,1
4285,Robertson Interactive LLC,Retail & E-commerce,Enterprise,21285,8635602000.0,EMEA,France,,Angelatown,https://www.robertsoninteractivellc.example.com,57,2026-01-02,1
4286,Lester Industries Inc,Healthcare,SMB,55,8574000.0,NA,United States,NV,West Derekmouth,https://www.lesterindustriesinc.example.com,33,2022-04-04,1
4287,Shaw Technologies PLC,Manufacturing,Enterprise,14305,6282051000.0,NA,United States,VT,Shaunhaven,https://www.shawtechnologiesplc.example.com,48,2021-01-06,1
4288,Pittman Works Group,Healthcare,SMB,34,4570000.0,EMEA,Spain,,Welchchester,https://www.pittmanworksgroup.example.com,46,2025-09-15,1
4289,Clay Partners Group,Financial Services,Mid-Market,1807,534817000.0,NA,United States,FM,Shawmouth,https://www.claypartnersgroup.example.com,52,2023-06-06,0
4290,Hoffman Health Inc,Retail & E-commerce,SMB,9,1569000.0,NA,Canada,,Lake Jamesport,https://www.hoffmanhealthinc.example.com,16,2023-06-26,1
4291,Vega Labs Co,Manufacturing,SMB,67,8002000.0,NA,Canada,,Lake Jose,https://www.vegalabsco.example.com,17,2024-12-05,1
4292,Oconnor Labs Ltd,Retail & E-commerce,Mid-Market,717,219032000.0,APAC,New Zealand,,Jasonburgh,https://www.oconnorlabsltd.example.com,13,2022-08-05,1
4293,Monroe Energy AG,Software & SaaS,SMB,29,2706000.0,NA,United States,AZ,Marcuston,https://www.monroeenergyag.example.com,31,2022-09-22,1
4294,Clayton Metrics Co,Energy & Utilities,SMB,57,5142000.0,NA,United States,CT,Annborough,https://www.claytonmetricsco.example.com,14,2025-03-12,1
4295,Love Dynamics Corp,Software & SaaS,SMB,53,7151000.0,NA,United States,MI,Rodriguezside,https://www.lovedynamicscorp.example.com,43,2023-01-17,1
4296,Cherry Works GmbH,Financial Services,SMB,17,2329000.0,NA,Canada,,Ryanburgh,https://www.cherryworksgmbh.example.com,2,2024-05-22,1
4297,Novak Logistics Group,Professional Services,SMB,15,3200000.0,EMEA,UAE,,Wilcoxfort,https://www.novaklogisticsgroup.example.com,6,2025-08-22,1
4298,Davidson Works Inc,Automotive,SMB,51,4887000.0,NA,Canada,,North Courtney,https://www.davidsonworksinc.example.com,25,2022-08-05,1
4299,Forbes Digital Inc,Automotive,SMB,25,3973000.0,NA,Canada,,Wilcoxfort,https://www.forbesdigitalinc.example.com,59,2025-06-23,1
4300,Mccall Energy GmbH,Media & Entertainment,Enterprise,9902,4537711000.0,APAC,Australia,,Farmerport,https://www.mccallenergygmbh.example.com,23,2022-04-19,1
4301,Arnold Dynamics PLC,Healthcare,Enterprise,16667,3742804000.0,EMEA,France,,New Bettyberg,https://www.arnolddynamicsplc.example.com,5,2025-11-10,1
4302,Parrish Labs LLC,Professional Services,SMB,63,10402000.0,NA,Canada,,Smithfurt,https://www.parrishlabsllc.example.com,43,2022-03-16,1
4303,Huber Cloud LLC,Education,SMB,27,4884000.0,NA,Canada,,South Amandaville,https://www.hubercloudllc.example.com,31,2021-12-03,1
4304,Larson Labs GmbH,Automotive,SMB,68,11766000.0,APAC,India,,Shawntown,https://www.larsonlabsgmbh.example.com,23,2024-04-17,1
4305,Ramos Bioscience Ltd,Logistics & Transportation,SMB,43,3915000.0,EMEA,Germany,,Myersshire,https://www.ramosbioscienceltd.example.com,27,2025-10-14,1
4306,Rivas Analytics Co,Logistics & Transportation,Mid-Market,2000,560936000.0,LATAM,Colombia,,Burkeberg,https://www.rivasanalyticsco.example.com,40,2024-08-09,1
4307,Vasquez Health Corp,Software & SaaS,SMB,39,6714000.0,NA,Canada,,Theresaborough,https://www.vasquezhealthcorp.example.com,2,2024-06-02,1
4308,Cobb Networks Corp,Financial Services,SMB,23,3034000.0,EMEA,United Kingdom,,Lake Susanland,https://www.cobbnetworkscorp.example.com,46,2026-04-07,1
4309,Hopkins Ventures GmbH,Energy & Utilities,SMB,37,7047000.0,NA,Canada,,Port Davidtown,https://www.hopkinsventuresgmbh.example.com,48,2023-05-18,1
4310,Bradley Foods LLC,Automotive,SMB,77,8816000.0,NA,Canada,,East Anthony,https://www.bradleyfoodsllc.example.com,28,2025-06-19,1
4311,Evans Labs AG,Retail & E-commerce,Mid-Market,516,90373000.0,EMEA,United Kingdom,,West Kenneth,https://www.evanslabsag.example.com,46,2021-02-28,1
4312,Mann Networks Group,Software & SaaS,Mid-Market,766,227818000.0,EMEA,France,,Hugheshaven,https://www.mannnetworksgroup.example.com,27,2021-06-28,1
4313,Caldwell Robotics Group,Manufacturing,SMB,30,5493000.0,NA,United States,CO,Woodburgh,https://www.caldwellroboticsgroup.example.com,51,2022-01-23,1
4314,Huff Networks Corp,Software & SaaS,SMB,47,8052000.0,NA,Canada,,Rhodesland,https://www.huffnetworkscorp.example.com,47,2025-12-26,1
4315,Waller Solutions GmbH,Construction,Enterprise,26068,5879575000.0,EMEA,Sweden,,Lake Beth,https://www.wallersolutionsgmbh.example.com,7,2021-10-08,1
4316,Berger Systems Inc,Financial Services,SMB,32,5594000.0,NA,United States,OK,Lake Pamela,https://www.bergersystemsinc.example.com,59,2022-07-14,1
4317,Deleon Health LLC,Software & SaaS,Mid-Market,2000,253152000.0,NA,Canada,,West Williamfurt,https://www.deleonhealthllc.example.com,10,2021-02-25,1
4318,Flores Systems Corp,Retail & E-commerce,Mid-Market,203,41526000.0,NA,United States,FM,North Peterburgh,https://www.floressystemscorp.example.com,51,2021-04-20,0
4319,Valdez Labs LLC,Logistics & Transportation,SMB,34,3838000.0,NA,United States,HI,Port Stacey,https://www.valdezlabsllc.example.com,39,2023-06-28,1
4320,Preston Solutions Corp,Telecommunications,Mid-Market,200,39105000.0,APAC,Australia,,North Williamhaven,https://www.prestonsolutionscorp.example.com,13,2021-05-19,1
4321,Coleman Foods Corp,Manufacturing,SMB,115,20354000.0,NA,United States,NV,Gregoryburgh,https://www.colemanfoodscorp.example.com,17,2025-07-29,1
4322,Parsons Analytics Ltd,Government & Public Sector,Mid-Market,348,79013000.0,EMEA,Netherlands,,East Angela,https://www.parsonsanalyticsltd.example.com,21,2025-06-15,1
4323,Anderson Logistics Group,Media & Entertainment,SMB,77,14307000.0,EMEA,Germany,,Adamsside,https://www.andersonlogisticsgroup.example.com,45,2023-09-26,1
4324,Rubio Systems Co,Software & SaaS,SMB,33,5070000.0,NA,Canada,,Lopezville,https://www.rubiosystemsco.example.com,49,2022-08-12,1
4325,Davis Digital AG,Software & SaaS,SMB,37,4967000.0,EMEA,Spain,,Port Paula,https://www.davisdigitalag.example.com,57,2025-06-19,1
4326,Perkins Technologies Co,Retail & E-commerce,SMB,18,2010000.0,NA,Canada,,Kanefurt,https://www.perkinstechnologiesco.example.com,33,2023-01-09,1
4327,Kim Labs GmbH,Retail & E-commerce,SMB,27,3448000.0,APAC,New Zealand,,Garrettfurt,https://www.kimlabsgmbh.example.com,56,2021-09-29,1
4328,Preston Logistics Group,Retail & E-commerce,SMB,39,7383000.0,EMEA,UAE,,Laraport,https://www.prestonlogisticsgroup.example.com,3,2022-05-19,1
4329,Greer Partners AG,Software & SaaS,SMB,59,8450000.0,EMEA,Germany,,Ginastad,https://www.greerpartnersag.example.com,46,2022-06-14,1
4330,Logan Systems Ltd,Software & SaaS,SMB,55,9974000.0,NA,United States,MH,Mclaughlinmouth,https://www.logansystemsltd.example.com,37,2023-06-23,1
4331,Turner Ventures LLC,Software & SaaS,SMB,13,2421000.0,APAC,Japan,,North David,https://www.turnerventuresllc.example.com,23,2022-08-24,1
4332,Russo Digital AG,Telecommunications,Enterprise,5143,919738000.0,EMEA,Spain,,Jamestown,https://www.russodigitalag.example.com,45,2024-12-12,1
4333,Lyons Ventures PLC,Media & Entertainment,Enterprise,12456,4194018000.0,NA,United States,SD,Angelatown,https://www.lyonsventuresplc.example.com,55,2023-10-03,1
4334,Vega Ventures Corp,Software & SaaS,SMB,65,11547000.0,NA,United States,MD,Cunninghamview,https://www.vegaventurescorp.example.com,33,2021-12-23,1
4335,Buckley Works Ltd,Retail & E-commerce,SMB,29,5149000.0,NA,Canada,,Martinezport,https://www.buckleyworksltd.example.com,35,2022-08-25,1
4336,Parrish Partners AG,Biotech & Pharma,Mid-Market,1164,270197000.0,NA,Canada,,East Luisberg,https://www.parrishpartnersag.example.com,51,2024-04-23,1
4337,Montoya Networks Inc,Software & SaaS,Mid-Market,200,33016000.0,NA,Canada,,South Davidview,https://www.montoyanetworksinc.example.com,47,2021-12-13,1
4338,Ellis Digital Inc,Financial Services,SMB,15,2541000.0,APAC,Japan,,East John,https://www.ellisdigitalinc.example.com,13,2021-05-10,1
4339,Hayes Analytics GmbH,Manufacturing,Mid-Market,989,159141000.0,LATAM,Colombia,,Angelaland,https://www.hayesanalyticsgmbh.example.com,44,2024-03-25,0
4340,Hicks Works Group,Financial Services,SMB,86,13536000.0,NA,United States,NM,Padillatown,https://www.hicksworksgroup.example.com,37,2022-09-03,1
4341,Oconnor Digital GmbH,Financial Services,SMB,94,10877000.0,LATAM,Brazil,,Perezchester,https://www.oconnordigitalgmbh.example.com,44,2021-06-18,1
4342,Montoya Capital PLC,Construction,Mid-Market,938,263309000.0,EMEA,Sweden,,Port Justin,https://www.montoyacapitalplc.example.com,6,2022-12-26,1
4343,Rogers Logistics AG,Real Estate,Mid-Market,2000,270479000.0,NA,United States,ND,East Jenniferborough,https://www.rogerslogisticsag.example.com,52,2023-05-24,1
4344,Neal Capital PLC,Telecommunications,Mid-Market,1385,302840000.0,LATAM,Chile,,Port Marcus,https://www.nealcapitalplc.example.com,40,2021-02-11,1
4345,Wright Metrics AG,Biotech & Pharma,SMB,38,7583000.0,EMEA,Spain,,Susanland,https://www.wrightmetricsag.example.com,3,2024-10-07,1
4346,Sharp Robotics Ltd,Financial Services,SMB,53,11414000.0,EMEA,United Kingdom,,North Susanside,https://www.sharproboticsltd.example.com,18,2023-01-17,1
4347,Mccarty Solutions Inc,Government & Public Sector,SMB,56,8436000.0,NA,Canada,,Larsonbury,https://www.mccartysolutionsinc.example.com,53,2021-02-10,1
4348,Anderson Capital LLC,Automotive,SMB,90,19019000.0,NA,United States,WI,New Danielleshire,https://www.andersoncapitalllc.example.com,35,2025-04-07,1
4349,Hampton Bioscience GmbH,Media & Entertainment,SMB,54,11866000.0,APAC,India,,South Jenniferside,https://www.hamptonbiosciencegmbh.example.com,56,2023-07-03,1
4350,Cain Capital Group,Non-Profit,SMB,11,1685000.0,NA,Canada,,East Craigfurt,https://www.caincapitalgroup.example.com,10,2026-03-05,1
4351,House Health AG,Professional Services,SMB,142,26152000.0,NA,United States,VA,Robertafurt,https://www.househealthag.example.com,38,2022-02-09,1
4352,Young Holdings GmbH,Healthcare,Mid-Market,831,131572000.0,NA,United States,VT,Jamesport,https://www.youngholdingsgmbh.example.com,22,2022-09-12,1
4353,Herring Technologies PLC,Healthcare,SMB,70,12158000.0,NA,United States,SD,Toddhaven,https://www.herringtechnologiesplc.example.com,34,2023-12-14,1
4354,Saunders Foods LLC,Energy & Utilities,SMB,21,2538000.0,NA,Canada,,East Charles,https://www.saundersfoodsllc.example.com,25,2025-09-18,1
4355,Hull Industries LLC,Logistics & Transportation,Mid-Market,1752,322216000.0,APAC,New Zealand,,New Megan,https://www.hullindustriesllc.example.com,13,2024-10-07,1
4356,Mccarty Solutions PLC,Manufacturing,SMB,14,1346000.0,NA,Canada,,Lisatown,https://www.mccartysolutionsplc.example.com,24,2023-11-08,1
4357,Austin Holdings Corp,Software & SaaS,Mid-Market,947,166160000.0,APAC,Singapore,,New Donna,https://www.austinholdingscorp.example.com,13,2024-10-17,1
4358,Osborne Dynamics Corp,Software & SaaS,SMB,46,6851000.0,EMEA,Spain,,Lake Susanland,https://www.osbornedynamicscorp.example.com,7,2021-05-14,1
4359,Duncan Digital Inc,Software & SaaS,SMB,25,4808000.0,EMEA,Spain,,Arthurton,https://www.duncandigitalinc.example.com,4,2024-04-25,1
4360,Ibarra Robotics Co,Manufacturing,Mid-Market,447,116982000.0,NA,United States,KS,Stevenland,https://www.ibarraroboticsco.example.com,59,2023-06-22,1
4361,Wyatt Industries Inc,Software & SaaS,SMB,40,5291000.0,NA,Canada,,New Whitney,https://www.wyattindustriesinc.example.com,16,2022-01-27,1
4362,Davies Capital LLC,Financial Services,SMB,55,10559000.0,APAC,Japan,,North Samanthastad,https://www.daviescapitalllc.example.com,56,2021-12-08,1
4363,Villanueva Materials AG,Construction,Mid-Market,268,56603000.0,EMEA,Spain,,New Michellemouth,https://www.villanuevamaterialsag.example.com,7,2022-02-21,1
4364,Sharp Networks PLC,Retail & E-commerce,SMB,20,3502000.0,NA,Canada,,New Stephaniefurt,https://www.sharpnetworksplc.example.com,12,2021-06-17,1
4365,Barr Foods AG,Biotech & Pharma,Mid-Market,412,74114000.0,APAC,New Zealand,,North Terri,https://www.barrfoodsag.example.com,41,2022-01-26,1
4366,Haney Analytics AG,Financial Services,Mid-Market,613,175484000.0,APAC,New Zealand,,Maryberg,https://www.haneyanalyticsag.example.com,23,2021-04-08,1
4367,Winters Digital AG,Manufacturing,Enterprise,5001,1047770000.0,NA,Canada,,East Amyside,https://www.wintersdigitalag.example.com,35,2023-12-29,1
4368,Hunter Labs Corp,Energy & Utilities,SMB,13,2345000.0,EMEA,Ireland,,Angelaton,https://www.hunterlabscorp.example.com,5,2023-02-28,1
4369,Ross Materials Group,Automotive,SMB,42,5340000.0,EMEA,Spain,,North Adrianland,https://www.rossmaterialsgroup.example.com,57,2021-06-23,1
4370,Vasquez Dynamics PLC,Energy & Utilities,Mid-Market,721,98892000.0,APAC,Singapore,,East Michelle,https://www.vasquezdynamicsplc.example.com,23,2024-02-28,1
4371,Adams Bioscience Ltd,Non-Profit,SMB,21,3173000.0,NA,Canada,,Millsland,https://www.adamsbioscienceltd.example.com,37,2021-09-15,1
4372,Powers Dynamics Corp,Software & SaaS,SMB,35,3977000.0,NA,United States,KS,North Susanside,https://www.powersdynamicscorp.example.com,59,2023-01-24,1
4373,Valentine Holdings Co,Healthcare,SMB,11,1343000.0,NA,United States,PR,North Robert,https://www.valentineholdingsco.example.com,8,2025-10-07,1
4374,Mcclure Health LLC,Government & Public Sector,SMB,26,2644000.0,NA,Canada,,East Joseph,https://www.mcclurehealthllc.example.com,53,2024-07-17,1
4375,Wells Industries Co,Logistics & Transportation,SMB,54,5750000.0,NA,Canada,,Port Jamesmouth,https://www.wellsindustriesco.example.com,49,2023-06-30,1
4376,Parrish Solutions AG,Financial Services,SMB,49,5751000.0,EMEA,UAE,,West Mary,https://www.parrishsolutionsag.example.com,3,2023-07-03,1
4377,Moore Solutions Corp,Financial Services,SMB,17,2812000.0,NA,Canada,,Lake Meganville,https://www.mooresolutionscorp.example.com,14,2021-03-30,1
4378,Bush Bioscience Co,Real Estate,SMB,13,1916000.0,NA,Canada,,Deborahberg,https://www.bushbioscienceco.example.com,49,2022-10-03,1
4379,Roman Labs AG,Financial Services,Enterprise,14076,3866606000.0,EMEA,Spain,,New Karenside,https://www.romanlabsag.example.com,27,2022-03-18,1
4380,Solis Foods GmbH,Retail & E-commerce,SMB,31,3866000.0,NA,Canada,,Ortizshire,https://www.solisfoodsgmbh.example.com,49,2022-12-19,1
4381,Gonzales Logistics GmbH,Financial Services,SMB,48,9693000.0,NA,Canada,,Leemouth,https://www.gonzaleslogisticsgmbh.example.com,10,2026-01-16,1
4382,Chan Dynamics Inc,Financial Services,SMB,42,6647000.0,EMEA,Netherlands,,North Samanthastad,https://www.chandynamicsinc.example.com,18,2024-09-25,1
4383,Mcbride Industries GmbH,Manufacturing,SMB,21,4410000.0,APAC,Australia,,Schwartzmouth,https://www.mcbrideindustriesgmbh.example.com,41,2023-09-05,0
4384,Walsh Analytics Inc,Software & SaaS,Enterprise,54887,25388331000.0,NA,Canada,,North Lisa,https://www.walshanalyticsinc.example.com,2,2024-03-13,1
4385,Powers Energy Inc,Education,Enterprise,9186,4606937000.0,APAC,New Zealand,,South Danielberg,https://www.powersenergyinc.example.com,23,2024-05-10,1
4386,Sanders Energy Corp,Financial Services,SMB,39,6729000.0,APAC,India,,East David,https://www.sandersenergycorp.example.com,13,2022-11-23,1
4387,Massey Solutions Corp,Real Estate,SMB,97,8929000.0,EMEA,Ireland,,Joemouth,https://www.masseysolutionscorp.example.com,54,2025-04-21,1
4388,Hogan Energy LLC,Logistics & Transportation,SMB,36,7515000.0,LATAM,Argentina,,North Garyfurt,https://www.hoganenergyllc.example.com,40,2023-09-18,1
4389,Frey Capital Ltd,Manufacturing,SMB,9,1813000.0,NA,United States,AR,Ianburgh,https://www.freycapitalltd.example.com,37,2024-05-28,1
4390,Salazar Capital AG,Education,SMB,36,6213000.0,NA,Canada,,Wilsonfort,https://www.salazarcapitalag.example.com,34,2021-01-19,1
4391,Murillo Systems Ltd,Manufacturing,SMB,146,23290000.0,APAC,Singapore,,Port Lisaville,https://www.murillosystemsltd.example.com,56,2023-04-10,1
4392,Randolph Labs AG,Software & SaaS,SMB,12,1787000.0,NA,United States,AZ,Markshire,https://www.randolphlabsag.example.com,51,2022-06-15,1
4393,Shields Labs AG,Healthcare,SMB,32,4886000.0,NA,United States,TX,Shawntown,https://www.shieldslabsag.example.com,53,2021-03-19,1
4394,Winters Interactive GmbH,Logistics & Transportation,SMB,26,4940000.0,NA,United States,FL,Whitehaven,https://www.wintersinteractivegmbh.example.com,10,2023-11-14,1
4395,Sheppard Logistics LLC,Software & SaaS,SMB,33,5171000.0,NA,Canada,,Alvarezshire,https://www.sheppardlogisticsllc.example.com,55,2025-11-06,1
4396,Huff Digital Ltd,Telecommunications,SMB,36,4064000.0,NA,Canada,,North Ginamouth,https://www.huffdigitalltd.example.com,51,2024-05-15,1
4397,Camacho Holdings Inc,Manufacturing,SMB,74,7220000.0,NA,United States,WA,Mcculloughberg,https://www.camachoholdingsinc.example.com,34,2021-04-22,0
4398,Martinez Works PLC,Financial Services,SMB,33,3511000.0,LATAM,Mexico,,Sandrafort,https://www.martinezworksplc.example.com,44,2021-03-22,1
4399,Huerta Technologies AG,Software & SaaS,SMB,82,10060000.0,NA,United States,MH,Kellerside,https://www.huertatechnologiesag.example.com,24,2022-05-18,1
4400,Waller Energy LLC,Software & SaaS,SMB,28,3859000.0,APAC,Australia,,Kristyport,https://www.wallerenergyllc.example.com,56,2021-12-08,1
4401,Ball Analytics Co,Financial Services,SMB,24,4944000.0,NA,United States,DE,Shafferbury,https://www.ballanalyticsco.example.com,35,2021-02-13,1
4402,Solis Works LLC,Manufacturing,Mid-Market,200,54654000.0,NA,United States,CA,Victormouth,https://www.solisworksllc.example.com,33,2021-03-03,1
4403,Moreno Robotics Co,Financial Services,Enterprise,37889,17275389000.0,APAC,New Zealand,,East Cynthiaport,https://www.morenoroboticsco.example.com,13,2022-05-18,0
4404,Berg Partners Co,Logistics & Transportation,SMB,19,2301000.0,NA,United States,FL,Oconnorhaven,https://www.bergpartnersco.example.com,25,2021-06-30,1
4405,Dominguez Industries AG,Financial Services,SMB,8,1052000.0,NA,Canada,,Singletonport,https://www.dominguezindustriesag.example.com,9,2021-10-06,1
4406,Becker Foods Group,Construction,Mid-Market,536,90939000.0,APAC,India,,East John,https://www.beckerfoodsgroup.example.com,41,2025-05-01,0
4407,Vincent Industries PLC,Media & Entertainment,Mid-Market,646,196128000.0,NA,United States,VT,Port Jamesmouth,https://www.vincentindustriesplc.example.com,39,2026-06-25,1
4408,Mullen Systems Ltd,Professional Services,SMB,38,4522000.0,NA,United States,ND,Whiteburgh,https://www.mullensystemsltd.example.com,22,2024-11-11,1
4409,Mitchell Logistics PLC,Retail & E-commerce,SMB,147,23659000.0,LATAM,Chile,,South Stevenland,https://www.mitchelllogisticsplc.example.com,40,2021-12-02,1
4410,Levine Metrics AG,Financial Services,SMB,44,7490000.0,NA,United States,AL,East Tara,https://www.levinemetricsag.example.com,16,2021-09-13,1
4411,Herrera Networks LLC,Retail & E-commerce,SMB,52,8277000.0,EMEA,Spain,,Williamshire,https://www.herreranetworksllc.example.com,21,2023-06-22,1
4412,Church Holdings Inc,Manufacturing,SMB,23,4916000.0,NA,Canada,,Lake Madisonhaven,https://www.churchholdingsinc.example.com,25,2024-09-19,1
4413,Powers Technologies Ltd,Education,SMB,26,5704000.0,NA,United States,CO,New Brett,https://www.powerstechnologiesltd.example.com,8,2023-12-06,1
4414,Camacho Dynamics LLC,Non-Profit,SMB,66,13125000.0,NA,United States,NC,Jillton,https://www.camachodynamicsllc.example.com,25,2024-11-08,1
4415,Cross Partners Co,Financial Services,SMB,142,27646000.0,EMEA,Sweden,,Port Wesleyville,https://www.crosspartnersco.example.com,32,2023-01-06,1
4416,Willis Bioscience Co,Software & SaaS,SMB,96,13208000.0,NA,Canada,,Dixonberg,https://www.willisbioscienceco.example.com,49,2026-06-07,1
4417,Boyd Robotics Ltd,Telecommunications,Mid-Market,953,115420000.0,APAC,Japan,,Rebeccaberg,https://www.boydroboticsltd.example.com,41,2024-09-25,1
4418,Watson Industries Inc,Software & SaaS,SMB,57,9426000.0,EMEA,Sweden,,Bradleyberg,https://www.watsonindustriesinc.example.com,19,2021-03-15,1
4419,Bowen Digital Ltd,Professional Services,SMB,32,4342000.0,EMEA,France,,South Tinaton,https://www.bowendigitalltd.example.com,54,2022-06-14,0
4420,Kelley Interactive GmbH,Telecommunications,SMB,37,7103000.0,NA,United States,MN,Lake Amyhaven,https://www.kelleyinteractivegmbh.example.com,43,2023-05-23,0
4421,Mccullough Metrics Inc,Professional Services,Mid-Market,2000,462665000.0,EMEA,Sweden,,New Melissa,https://www.mcculloughmetricsinc.example.com,42,2021-11-19,1
4422,Bryant Logistics Corp,Software & SaaS,SMB,17,1910000.0,EMEA,Netherlands,,Georgeside,https://www.bryantlogisticscorp.example.com,32,2022-08-29,1
4423,Tate Interactive Corp,Financial Services,SMB,10,1182000.0,NA,Canada,,Davisborough,https://www.tateinteractivecorp.example.com,8,2023-10-10,1
4424,Weber Interactive Corp,Logistics & Transportation,SMB,13,1235000.0,APAC,Japan,,Andersonborough,https://www.weberinteractivecorp.example.com,13,2023-05-09,1
4425,Davidson Dynamics Co,Healthcare,Mid-Market,726,177473000.0,NA,United States,LA,West Williamfurt,https://www.davidsondynamicsco.example.com,22,2025-04-04,0
4426,Davidson Metrics LLC,Hospitality,Mid-Market,319,75112000.0,APAC,Japan,,East Aprilstad,https://www.davidsonmetricsllc.example.com,23,2022-01-06,1
4427,Rice Solutions Co,Retail & E-commerce,Mid-Market,200,56601000.0,LATAM,Chile,,Bradleychester,https://www.ricesolutionsco.example.com,44,2025-10-10,1
4428,Hansen Energy Inc,Retail & E-commerce,SMB,32,5413000.0,NA,Canada,,New Matthew,https://www.hansenenergyinc.example.com,37,2022-04-08,1
4429,Baldwin Metrics Inc,Financial Services,SMB,25,4488000.0,NA,Canada,,West Shannon,https://www.baldwinmetricsinc.example.com,53,2025-10-08,1
4430,Ray Robotics Co,Media & Entertainment,SMB,10,904000.0,EMEA,Germany,,Cassandraberg,https://www.rayroboticsco.example.com,19,2021-12-20,1
4431,Gross Logistics AG,Manufacturing,SMB,30,4692000.0,EMEA,Netherlands,,Howardmouth,https://www.grosslogisticsag.example.com,20,2023-02-17,1
4432,Hill Bioscience PLC,Retail & E-commerce,Mid-Market,1058,150694000.0,APAC,New Zealand,,North Garyfurt,https://www.hillbioscienceplc.example.com,50,2025-11-18,1
4433,Myers Holdings Corp,Healthcare,SMB,24,3336000.0,NA,Canada,,New Jasminefort,https://www.myersholdingscorp.example.com,28,2022-02-02,1
4434,Mcclure Energy Corp,Media & Entertainment,SMB,13,2509000.0,EMEA,UAE,,East David,https://www.mcclureenergycorp.example.com,7,2025-03-05,1
4435,Sellers Capital Co,Professional Services,Mid-Market,329,66824000.0,LATAM,Colombia,,West Rachelton,https://www.sellerscapitalco.example.com,44,2023-02-06,1
4436,Rubio Logistics Inc,Software & SaaS,SMB,23,2186000.0,LATAM,Argentina,,Lake Madisonhaven,https://www.rubiologisticsinc.example.com,44,2022-09-22,1
4437,Ward Robotics Ltd,Financial Services,SMB,24,2312000.0,NA,Canada,,Port Kristenview,https://www.wardroboticsltd.example.com,59,2023-12-15,1
4438,Vasquez Technologies LLC,Energy & Utilities,SMB,19,3242000.0,LATAM,Brazil,,Mooremouth,https://www.vasqueztechnologiesllc.example.com,44,2021-10-12,1
4439,Morales Dynamics PLC,Telecommunications,Mid-Market,1211,354517000.0,NA,United States,DE,North Neil,https://www.moralesdynamicsplc.example.com,8,2023-12-07,1
4440,Marshall Capital Corp,Healthcare,Enterprise,189411,30349972000.0,EMEA,France,,West Autumnmouth,https://www.marshallcapitalcorp.example.com,42,2021-09-13,1
4441,Jacobs Technologies Corp,Healthcare,SMB,63,10516000.0,NA,Canada,,Kristyport,https://www.jacobstechnologiescorp.example.com,53,2024-03-25,1
4442,Nicholson Digital Corp,Real Estate,Enterprise,66517,24244697000.0,EMEA,Spain,,South Jonathanbury,https://www.nicholsondigitalcorp.example.com,7,2023-09-06,1
4443,Beck Analytics LLC,Logistics & Transportation,Mid-Market,1803,536838000.0,NA,Canada,,Joemouth,https://www.beckanalyticsllc.example.com,12,2021-07-11,1
4444,Herring Health Group,Manufacturing,Mid-Market,200,43934000.0,NA,United States,MP,Kimberlybury,https://www.herringhealthgroup.example.com,43,2021-05-23,1
4445,Finley Technologies LLC,Software & SaaS,Mid-Market,958,221866000.0,NA,Canada,,Annashire,https://www.finleytechnologiesllc.example.com,10,2023-08-31,1
4446,Marshall Solutions GmbH,Education,SMB,7,1386000.0,APAC,Singapore,,Lake Jessica,https://www.marshallsolutionsgmbh.example.com,13,2021-06-16,1
4447,Velasquez Labs LLC,Healthcare,Mid-Market,1667,454727000.0,EMEA,Netherlands,,North Neil,https://www.velasquezlabsllc.example.com,7,2023-09-29,1
4448,Juarez Cloud LLC,Media & Entertainment,SMB,7,1169000.0,EMEA,France,,Port Chad,https://www.juarezcloudllc.example.com,21,2026-07-23,1
4449,Mccullough Materials Group,Telecommunications,Mid-Market,1358,374702000.0,EMEA,Netherlands,,Mcdowellville,https://www.mcculloughmaterialsgroup.example.com,58,2021-06-17,1
4450,Herring Health Corp,Retail & E-commerce,SMB,31,6616000.0,NA,Canada,,Lake Loganstad,https://www.herringhealthcorp.example.com,59,2022-12-19,1
4451,Graves Industries Ltd,Healthcare,Mid-Market,200,59523000.0,NA,United States,ME,Garrettville,https://www.gravesindustriesltd.example.com,15,2025-10-22,1
4452,Olson Bioscience Corp,Financial Services,Enterprise,24715,5437242000.0,NA,United States,NC,West Angelbury,https://www.olsonbiosciencecorp.example.com,25,2025-12-03,0
4453,Dunlap Systems Co,Telecommunications,SMB,33,4319000.0,NA,Canada,,Lake Wendybury,https://www.dunlapsystemsco.example.com,35,2021-02-17,1
4454,Stone Industries Co,Government & Public Sector,Enterprise,42569,12569301000.0,LATAM,Brazil,,Keithfort,https://www.stoneindustriesco.example.com,40,2024-11-20,1
4455,Bryant Systems LLC,Construction,SMB,42,5953000.0,NA,United States,MS,West Mary,https://www.bryantsystemsllc.example.com,8,2021-12-08,1
4456,Davidson Capital Inc,Professional Services,SMB,21,4559000.0,EMEA,UAE,,Port Carloschester,https://www.davidsoncapitalinc.example.com,20,2024-06-13,1
4457,Reed Cloud PLC,Media & Entertainment,SMB,15,1560000.0,APAC,New Zealand,,Sparksborough,https://www.reedcloudplc.example.com,23,2022-06-02,0
4458,Bolton Energy AG,Hospitality,Mid-Market,333,96161000.0,APAC,India,,Laraport,https://www.boltonenergyag.example.com,23,2021-11-22,1
4459,Ho Labs Inc,Manufacturing,SMB,31,5997000.0,NA,Canada,,Mcdowellville,https://www.holabsinc.example.com,33,2022-12-14,1
4460,Harper Energy AG,Government & Public Sector,SMB,22,2013000.0,APAC,Japan,,Robertport,https://www.harperenergyag.example.com,23,2021-09-13,0
4461,Walls Partners AG,Retail & E-commerce,SMB,101,15478000.0,EMEA,United Kingdom,,Whiteburgh,https://www.wallspartnersag.example.com,58,2022-09-28,1
4462,Chan Networks GmbH,Media & Entertainment,SMB,24,2639000.0,NA,Canada,,South Amandaville,https://www.channetworksgmbh.example.com,17,2022-08-09,1
4463,Hunter Robotics Ltd,Financial Services,SMB,30,5036000.0,EMEA,Spain,,Mosleyland,https://www.hunterroboticsltd.example.com,27,2026-03-04,1
4464,Ibarra Ventures Corp,Retail & E-commerce,Mid-Market,242,49098000.0,NA,United States,TX,North Roger,https://www.ibarraventurescorp.example.com,28,2023-04-19,1
4465,Schmidt Technologies Ltd,Manufacturing,Mid-Market,936,233954000.0,APAC,Singapore,,Lake Jessicaborough,https://www.schmidttechnologiesltd.example.com,50,2024-02-28,1
4466,Lutz Digital Inc,Manufacturing,Mid-Market,862,186750000.0,EMEA,Ireland,,Moniqueport,https://www.lutzdigitalinc.example.com,3,2021-09-10,1
4467,Caldwell Technologies Group,Media & Entertainment,SMB,200,38752000.0,EMEA,Germany,,Laraport,https://www.caldwelltechnologiesgrou.example.com,32,2026-07-14,1
4468,Stephens Foods Corp,Government & Public Sector,Enterprise,8004,2513663000.0,APAC,New Zealand,,Cruzbury,https://www.stephensfoodscorp.example.com,41,2023-01-30,1
4469,Casey Systems Co,Professional Services,SMB,27,2546000.0,EMEA,Ireland,,Tiffanystad,https://www.caseysystemsco.example.com,58,2021-04-15,1
4470,Park Interactive Group,Manufacturing,SMB,47,5231000.0,NA,United States,MO,East Austin,https://www.parkinteractivegroup.example.com,22,2023-09-04,1
4471,Figueroa Works Corp,Telecommunications,SMB,51,6862000.0,NA,Canada,,Jamesland,https://www.figueroaworkscorp.example.com,49,2022-04-01,1
4472,Burns Foods PLC,Logistics & Transportation,SMB,54,6656000.0,APAC,Singapore,,Hoodview,https://www.burnsfoodsplc.example.com,50,2022-03-02,1
4473,Conner Materials AG,Manufacturing,SMB,39,5453000.0,EMEA,Spain,,Garrettfurt,https://www.connermaterialsag.example.com,57,2022-03-31,1
4474,Ward Ventures GmbH,Non-Profit,Mid-Market,200,28718000.0,APAC,India,,New Joanne,https://www.wardventuresgmbh.example.com,41,2022-11-14,1
4475,Willis Digital Inc,Financial Services,SMB,36,7695000.0,NA,Canada,,West Shane,https://www.willisdigitalinc.example.com,29,2022-02-18,1
4476,Mcpherson Digital Ltd,Professional Services,SMB,34,3507000.0,NA,United States,MO,Lake Annstad,https://www.mcphersondigitalltd.example.com,43,2024-09-09,1
4477,Salinas Metrics Co,Financial Services,Mid-Market,504,143305000.0,APAC,Australia,,Robertstad,https://www.salinasmetricsco.example.com,50,2021-09-15,1
4478,Travis Labs Co,Government & Public Sector,Enterprise,6870,3431281000.0,EMEA,France,,Robertsonland,https://www.travislabsco.example.com,5,2021-07-14,1
4479,Greer Materials GmbH,Telecommunications,SMB,20,2901000.0,NA,United States,WI,Schmidtfurt,https://www.greermaterialsgmbh.example.com,8,2021-05-27,1
4480,Reynolds Robotics Group,Retail & E-commerce,SMB,40,5977000.0,NA,Canada,,Pamelaville,https://www.reynoldsroboticsgroup.example.com,38,2022-09-08,1
4481,Lester Partners Co,Software & SaaS,SMB,144,18208000.0,APAC,Singapore,,Roblesberg,https://www.lesterpartnersco.example.com,50,2021-06-07,1
4482,Clark Industries GmbH,Financial Services,SMB,78,9844000.0,EMEA,Germany,,Sawyerland,https://www.clarkindustriesgmbh.example.com,7,2021-02-10,1
4483,Lopez Holdings Ltd,Financial Services,SMB,39,7134000.0,NA,United States,MP,Port Paula,https://www.lopezholdingsltd.example.com,25,2022-03-02,1
4484,Barker Dynamics Co,Real Estate,SMB,60,10219000.0,EMEA,UAE,,North Heather,https://www.barkerdynamicsco.example.com,42,2026-05-07,1
4485,Mendoza Holdings AG,Education,Mid-Market,1153,277127000.0,NA,Canada,,Colleenmouth,https://www.mendozaholdingsag.example.com,34,2021-01-19,1
4486,Espinoza Technologies Inc,Financial Services,SMB,16,3131000.0,NA,Canada,,New Katieburgh,https://www.espinozatechnologiesinc.example.com,49,2021-03-30,1
4487,Bright Industries Corp,Manufacturing,SMB,26,3709000.0,NA,United States,NV,Ryanside,https://www.brightindustriescorp.example.com,38,2023-06-29,0
4488,Payne Partners Co,Healthcare,SMB,64,10808000.0,NA,United States,HI,Lake Glenn,https://www.paynepartnersco.example.com,24,2023-01-30,1
4489,Gregory Energy Inc,Education,Enterprise,22847,8867970000.0,APAC,Singapore,,Harrisland,https://www.gregoryenergyinc.example.com,56,2021-05-27,1
4490,Huffman Works Co,Healthcare,SMB,96,19792000.0,NA,Canada,,North Richard,https://www.huffmanworksco.example.com,15,2025-07-10,1
4491,Booth Analytics AG,Real Estate,SMB,17,3411000.0,APAC,Japan,,East Angela,https://www.boothanalyticsag.example.com,13,2024-01-02,1
4492,Blanchard Partners GmbH,Energy & Utilities,SMB,22,4611000.0,NA,Canada,,Richardsonshire,https://www.blanchardpartnersgmbh.example.com,52,2023-01-23,1
4493,Vasquez Labs Inc,Financial Services,Mid-Market,706,92910000.0,NA,Canada,,Whitehaven,https://www.vasquezlabsinc.example.com,16,2023-04-21,1
4494,Mcpherson Holdings GmbH,Healthcare,Mid-Market,705,180038000.0,NA,United States,WV,New David,https://www.mcphersonholdingsgmbh.example.com,8,2024-10-21,1
4495,Hess Networks GmbH,Logistics & Transportation,SMB,162,20245000.0,NA,United States,VA,Angelamouth,https://www.hessnetworksgmbh.example.com,17,2021-05-19,1
4496,Nixon Ventures GmbH,Non-Profit,SMB,33,7197000.0,EMEA,Germany,,Jamestown,https://www.nixonventuresgmbh.example.com,20,2025-11-21,1
4497,Ponce Systems LLC,Software & SaaS,SMB,124,24320000.0,APAC,New Zealand,,Angelatown,https://www.poncesystemsllc.example.com,56,2021-06-07,1
4498,Bryant Bioscience AG,Manufacturing,SMB,36,6960000.0,EMEA,UAE,,Morganville,https://www.bryantbioscienceag.example.com,54,2022-11-28,1
4499,Vaughn Works Inc,Media & Entertainment,Enterprise,30152,7729641000.0,EMEA,Spain,,Kempshire,https://www.vaughnworksinc.example.com,27,2021-12-17,1
4500,Navarro Metrics Inc,Healthcare,SMB,38,6718000.0,APAC,Japan,,Shawntown,https://www.navarrometricsinc.example.com,50,2023-12-18,1
4501,Fuller Holdings Corp,Healthcare,SMB,25,5446000.0,EMEA,Ireland,,South Tinaton,https://www.fullerholdingscorp.example.com,6,2025-02-07,1
4502,Faulkner Capital GmbH,Retail & E-commerce,Mid-Market,480,84778000.0,EMEA,France,,Mclaughlinmouth,https://www.faulknercapitalgmbh.example.com,18,2023-09-15,1
4503,Bowers Systems GmbH,Financial Services,Mid-Market,285,38148000.0,EMEA,United Kingdom,,West Williamfurt,https://www.bowerssystemsgmbh.example.com,4,2021-11-19,0
4504,Ellis Materials Ltd,Media & Entertainment,SMB,64,9434000.0,NA,Canada,,Mikeborough,https://www.ellismaterialsltd.example.com,2,2024-09-10,0
4505,Goodman Materials Inc,Government & Public Sector,SMB,87,16217000.0,NA,Canada,,Deborahberg,https://www.goodmanmaterialsinc.example.com,43,2025-12-18,1
4506,Curry Foods GmbH,Non-Profit,SMB,14,2532000.0,EMEA,Spain,,West Brian,https://www.curryfoodsgmbh.example.com,7,2021-08-20,1
4507,Norton Energy Group,Retail & E-commerce,Mid-Market,624,150582000.0,EMEA,France,,Leemouth,https://www.nortonenergygroup.example.com,46,2021-12-24,1
4508,Durham Dynamics PLC,Healthcare,Mid-Market,657,175052000.0,NA,Canada,,Turnerside,https://www.durhamdynamicsplc.example.com,52,2023-03-27,0
4509,Knapp Industries Group,Manufacturing,Mid-Market,1003,224127000.0,LATAM,Brazil,,Robertstad,https://www.knappindustriesgroup.example.com,40,2024-05-31,1
4510,Martinez Holdings Ltd,Financial Services,Mid-Market,1066,129124000.0,NA,Canada,,West Kristineview,https://www.martinezholdingsltd.example.com,28,2021-06-22,0
4511,Bird Holdings Inc,Media & Entertainment,SMB,24,4444000.0,EMEA,Sweden,,Port Daniel,https://www.birdholdingsinc.example.com,6,2021-03-15,1
4512,Christensen Robotics AG,Software & SaaS,SMB,62,11637000.0,LATAM,Mexico,,North Peterburgh,https://www.christensenroboticsag.example.com,44,2023-06-05,1
4513,Berg Capital Inc,Healthcare,SMB,28,3214000.0,NA,United States,LA,Glennshire,https://www.bergcapitalinc.example.com,35,2024-10-23,1
4514,Owens Materials AG,Financial Services,Mid-Market,674,158644000.0,APAC,New Zealand,,Javierport,https://www.owensmaterialsag.example.com,13,2022-03-07,1
4515,Parrish Solutions AG,Financial Services,SMB,21,2843000.0,APAC,Australia,,Lake Annstad,https://www.parrishsolutionsag.example.com,13,2023-06-29,0
4516,Calderon Health LLC,Energy & Utilities,SMB,67,9447000.0,EMEA,Netherlands,,Kempshire,https://www.calderonhealthllc.example.com,20,2024-11-08,1
4517,Prince Materials PLC,Automotive,SMB,72,13481000.0,LATAM,Mexico,,North Richard,https://www.princematerialsplc.example.com,44,2021-02-16,1
4518,Sanders Technologies Corp,Energy & Utilities,Mid-Market,1437,174339000.0,EMEA,France,,Thomasville,https://www.sanderstechnologiescorp.example.com,5,2022-05-04,1
4519,Browning Health Group,Financial Services,Mid-Market,477,145619000.0,NA,United States,MA,Annborough,https://www.browninghealthgroup.example.com,55,2022-03-14,1
4520,Buckley Digital Group,Manufacturing,Mid-Market,214,37121000.0,EMEA,Spain,,Padillatown,https://www.buckleydigitalgroup.example.com,21,2024-04-23,1
4521,Rowe Interactive Group,Education,SMB,22,4028000.0,NA,United States,PR,Saraport,https://www.roweinteractivegroup.example.com,53,2023-12-19,1
4522,Frye Industries AG,Hospitality,Enterprise,50810,19887346000.0,NA,Canada,,Michaelshire,https://www.fryeindustriesag.example.com,8,2024-12-30,1
4523,Green Metrics Inc,Telecommunications,Mid-Market,904,265958000.0,NA,United States,NE,Jaredshire,https://www.greenmetricsinc.example.com,9,2023-05-02,1
4524,Mcgee Digital Corp,Financial Services,Mid-Market,695,85083000.0,NA,United States,PW,Mckenziehaven,https://www.mcgeedigitalcorp.example.com,25,2021-11-25,1
4525,Benton Cloud Corp,Media & Entertainment,Mid-Market,918,128009000.0,APAC,Singapore,,South Patriciamouth,https://www.bentoncloudcorp.example.com,13,2022-10-13,1
4526,Howell Analytics Corp,Financial Services,Enterprise,14595,7336492000.0,LATAM,Argentina,,West Cassandra,https://www.howellanalyticscorp.example.com,40,2022-08-11,1
4527,Gonzalez Labs Group,Manufacturing,Enterprise,25851,4686716000.0,LATAM,Chile,,Port Paula,https://www.gonzalezlabsgroup.example.com,44,2023-12-21,1
4528,Schultz Solutions Ltd,Construction,SMB,37,7338000.0,NA,Canada,,New Donna,https://www.schultzsolutionsltd.example.com,17,2026-01-27,1
4529,Powell Interactive AG,Government & Public Sector,SMB,12,2310000.0,EMEA,Sweden,,Port Daniel,https://www.powellinteractiveag.example.com,60,2022-11-25,1
4530,Foley Digital PLC,Healthcare,SMB,16,2680000.0,EMEA,Spain,,Port Kristenview,https://www.foleydigitalplc.example.com,46,2023-10-31,0
4531,Navarro Capital LLC,Telecommunications,Mid-Market,245,51519000.0,NA,United States,CO,Shafferbury,https://www.navarrocapitalllc.example.com,12,2021-09-14,1
4532,Herring Dynamics AG,Healthcare,Mid-Market,2000,543443000.0,EMEA,Spain,,East Cynthiaport,https://www.herringdynamicsag.example.com,46,2023-06-15,1
4533,Kane Networks Corp,Software & SaaS,SMB,34,3679000.0,NA,United States,MN,Campbellport,https://www.kanenetworkscorp.example.com,11,2024-05-06,1
4534,Price Networks Group,Hospitality,SMB,32,5523000.0,LATAM,Colombia,,Lake Jamesport,https://www.pricenetworksgroup.example.com,40,2024-07-26,1
4535,Fitzpatrick Cloud PLC,Professional Services,Enterprise,25194,11431918000.0,NA,Canada,,Ianburgh,https://www.fitzpatrickcloudplc.example.com,48,2026-04-09,1
4536,Mcclure Analytics AG,Healthcare,Mid-Market,1077,332268000.0,APAC,Singapore,,Oconnorhaven,https://www.mcclureanalyticsag.example.com,50,2026-06-05,1
4537,Holden Bioscience Group,Real Estate,Enterprise,20262,4824040000.0,APAC,Japan,,New Michellemouth,https://www.holdenbiosciencegroup.example.com,41,2023-03-06,1
4538,Murphy Networks LLC,Software & SaaS,SMB,15,3080000.0,EMEA,Spain,,West Derekmouth,https://www.murphynetworksllc.example.com,7,2025-04-02,1
4539,Harris Energy GmbH,Logistics & Transportation,Mid-Market,509,114127000.0,NA,United States,ME,Simsburgh,https://www.harrisenergygmbh.example.com,14,2024-05-27,1
4540,Waller Partners Co,Automotive,Mid-Market,313,59812000.0,NA,United States,UT,East Dawnchester,https://www.wallerpartnersco.example.com,29,2023-03-17,1
4541,Haynes Systems PLC,Professional Services,SMB,18,3125000.0,LATAM,Chile,,Sparksborough,https://www.haynessystemsplc.example.com,40,2021-02-17,1
4542,Browning Capital Co,Media & Entertainment,SMB,14,2890000.0,NA,United States,RI,Shaunhaven,https://www.browningcapitalco.example.com,8,2026-04-24,1
4543,Kent Technologies Inc,Manufacturing,Enterprise,21177,4555572000.0,NA,United States,MT,Lake Susanland,https://www.kenttechnologiesinc.example.com,35,2026-03-11,1
4544,Dickson Labs Corp,Telecommunications,SMB,44,9675000.0,LATAM,Argentina,,Bradleychester,https://www.dicksonlabscorp.example.com,40,2023-03-08,1
4545,Hurley Cloud GmbH,Construction,SMB,7,957000.0,EMEA,France,,South Cherylshire,https://www.hurleycloudgmbh.example.com,18,2022-05-18,1
4546,Vaughn Solutions AG,Financial Services,Mid-Market,1418,182796000.0,EMEA,Ireland,,East Tara,https://www.vaughnsolutionsag.example.com,3,2021-06-06,1
4547,Briggs Works Corp,Software & SaaS,Mid-Market,276,65341000.0,NA,Canada,,Fullerview,https://www.briggsworkscorp.example.com,43,2021-03-19,1
4548,Barajas Networks PLC,Manufacturing,SMB,14,2576000.0,NA,Canada,,New Anna,https://www.barajasnetworksplc.example.com,34,2024-11-07,1
4549,Ford Partners Inc,Logistics & Transportation,Mid-Market,2000,392018000.0,APAC,Singapore,,Cassandraberg,https://www.fordpartnersinc.example.com,13,2022-09-07,1
4550,Howard Ventures LLC,Financial Services,SMB,7,1121000.0,NA,Canada,,Lisatown,https://www.howardventuresllc.example.com,17,2023-05-30,1
4551,Calderon Partners PLC,Education,Mid-Market,399,120429000.0,NA,Canada,,Hansenmouth,https://www.calderonpartnersplc.example.com,9,2022-03-11,1
4552,Park Cloud Inc,Healthcare,SMB,43,6413000.0,NA,United States,HI,Bradfordbury,https://www.parkcloudinc.example.com,26,2023-09-12,1
4553,Meadows Materials PLC,Automotive,Mid-Market,2000,432024000.0,EMEA,Germany,,West Angelbury,https://www.meadowsmaterialsplc.example.com,58,2024-07-10,1
4554,Patterson Foods AG,Healthcare,Mid-Market,550,150199000.0,NA,Canada,,Ianburgh,https://www.pattersonfoodsag.example.com,47,2025-07-02,1
4555,Holloway Systems Inc,Professional Services,SMB,8,969000.0,APAC,New Zealand,,North Angelaton,https://www.hollowaysystemsinc.example.com,23,2023-01-26,1
4556,Vincent Solutions Ltd,Construction,SMB,32,3903000.0,NA,United States,PR,South Joseshire,https://www.vincentsolutionsltd.example.com,10,2022-03-10,1
4557,Novak Materials Corp,Retail & E-commerce,Mid-Market,2000,579284000.0,NA,Canada,,New Danielleshire,https://www.novakmaterialscorp.example.com,49,2021-04-18,1
4558,Vaughn Holdings Ltd,Financial Services,SMB,108,12317000.0,LATAM,Mexico,,Joemouth,https://www.vaughnholdingsltd.example.com,40,2025-03-18,1
4559,Bowers Works AG,Government & Public Sector,SMB,110,18930000.0,LATAM,Colombia,,Rodriguezmouth,https://www.bowersworksag.example.com,44,2025-03-17,0
4560,Norman Foods Inc,Manufacturing,SMB,8,868000.0,EMEA,UAE,,Port Stacey,https://www.normanfoodsinc.example.com,60,2022-06-01,1
4561,Green Logistics PLC,Logistics & Transportation,Enterprise,11778,5695748000.0,APAC,Singapore,,Alvarezburgh,https://www.greenlogisticsplc.example.com,41,2021-10-26,1
4562,Conrad Ventures LLC,Software & SaaS,SMB,39,5697000.0,NA,Canada,,South Kimberly,https://www.conradventuresllc.example.com,53,2023-12-31,1
4563,Cobb Foods Co,Manufacturing,SMB,15,2370000.0,NA,Canada,,Deborahberg,https://www.cobbfoodsco.example.com,35,2024-07-03,1
4564,Cook Industries Corp,Logistics & Transportation,Enterprise,27579,4431002000.0,NA,United States,WA,Robinsonville,https://www.cookindustriescorp.example.com,49,2024-04-18,1
4565,Boyer Digital Co,Energy & Utilities,SMB,12,1764000.0,NA,Canada,,Cruzbury,https://www.boyerdigitalco.example.com,17,2021-04-08,1
4566,Hunter Interactive PLC,Construction,SMB,29,5833000.0,EMEA,Ireland,,Brownberg,https://www.hunterinteractiveplc.example.com,18,2026-05-25,1
4567,Roach Partners Ltd,Media & Entertainment,SMB,79,11661000.0,APAC,Singapore,,Destinyfurt,https://www.roachpartnersltd.example.com,13,2023-04-24,1
4568,James Analytics Corp,Healthcare,SMB,49,4938000.0,NA,Canada,,Rodriguezfort,https://www.jamesanalyticscorp.example.com,35,2023-09-01,1
4569,Caldwell Industries Ltd,Logistics & Transportation,SMB,18,3942000.0,NA,United States,NH,Millermouth,https://www.caldwellindustriesltd.example.com,39,2021-03-09,1
4570,Peck Solutions Ltd,Software & SaaS,Mid-Market,364,50835000.0,LATAM,Mexico,,North Sheenaborough,https://www.pecksolutionsltd.example.com,44,2021-01-20,1
4571,Clarke Robotics Inc,Financial Services,SMB,53,10592000.0,EMEA,Sweden,,Jeffreyport,https://www.clarkeroboticsinc.example.com,42,2021-06-22,1
4572,Stein Bioscience Ltd,Manufacturing,Mid-Market,641,133436000.0,NA,Canada,,Deborahport,https://www.steinbioscienceltd.example.com,39,2022-08-01,1
4573,Hampton Energy Corp,Software & SaaS,SMB,5,879000.0,NA,United States,OK,South Alison,https://www.hamptonenergycorp.example.com,39,2025-12-24,1
4574,Abbott Foods LLC,Software & SaaS,SMB,17,3201000.0,NA,United States,NH,South Rebeccaton,https://www.abbottfoodsllc.example.com,14,2024-05-04,1
4575,Fowler Digital Co,Software & SaaS,SMB,17,1813000.0,NA,United States,RI,South Shawnfort,https://www.fowlerdigitalco.example.com,53,2026-07-24,1
4576,Shea Metrics Co,Financial Services,SMB,33,6256000.0,NA,United States,SC,Brownberg,https://www.sheametricsco.example.com,38,2024-01-16,1
4577,Vaughan Cloud PLC,Professional Services,Mid-Market,1156,345347000.0,NA,United States,FL,West Georgeshire,https://www.vaughancloudplc.example.com,10,2021-05-21,1
4578,Holloway Energy Corp,Manufacturing,SMB,27,3159000.0,NA,United States,MI,North Andrewfort,https://www.hollowayenergycorp.example.com,37,2024-02-22,1
4579,Yang Analytics PLC,Non-Profit,SMB,28,4300000.0,NA,United States,VI,East Thomasland,https://www.yanganalyticsplc.example.com,53,2023-11-03,1
4580,Deleon Logistics Group,Government & Public Sector,SMB,27,3055000.0,NA,United States,SD,Elizabethstad,https://www.deleonlogisticsgroup.example.com,2,2025-06-16,1
4581,Holloway Cloud Ltd,Hospitality,Mid-Market,1039,212882000.0,NA,Canada,,New Julieshire,https://www.hollowaycloudltd.example.com,52,2023-04-24,1
4582,Huynh Systems AG,Financial Services,SMB,32,6016000.0,NA,Canada,,North Stacy,https://www.huynhsystemsag.example.com,22,2021-12-16,1
4583,Cortez Robotics Ltd,Manufacturing,Mid-Market,1444,336497000.0,APAC,New Zealand,,Barnesmouth,https://www.cortezroboticsltd.example.com,41,2024-05-15,1
4584,Harrison Health PLC,Retail & E-commerce,SMB,47,5733000.0,EMEA,Germany,,New Jessica,https://www.harrisonhealthplc.example.com,6,2024-06-26,1
4585,Kline Industries Corp,Retail & E-commerce,SMB,35,4302000.0,NA,Canada,,Gregoryhaven,https://www.klineindustriescorp.example.com,17,2023-03-02,1
4586,Parrish Capital PLC,Software & SaaS,Mid-Market,438,129044000.0,NA,United States,MO,West David,https://www.parrishcapitalplc.example.com,30,2021-05-14,1
4587,Kirk Systems GmbH,Financial Services,SMB,25,2605000.0,EMEA,UAE,,Oconnorhaven,https://www.kirksystemsgmbh.example.com,42,2022-09-14,1
4588,Briggs Solutions GmbH,Education,SMB,42,7715000.0,NA,Canada,,Lake Peterberg,https://www.briggssolutionsgmbh.example.com,39,2025-02-07,1
4589,Jefferson Logistics AG,Energy & Utilities,Enterprise,25883,11046628000.0,EMEA,Sweden,,Maryport,https://www.jeffersonlogisticsag.example.com,3,2022-03-15,1
4590,Singh Technologies Group,Manufacturing,SMB,58,7451000.0,LATAM,Mexico,,South Shannonfurt,https://www.singhtechnologiesgroup.example.com,40,2024-05-13,0
4591,Andrews Ventures GmbH,Healthcare,SMB,20,3148000.0,NA,Canada,,Port Shari,https://www.andrewsventuresgmbh.example.com,10,2021-12-24,1
4592,Zimmerman Holdings Corp,Media & Entertainment,SMB,30,3996000.0,NA,United States,NM,Laraport,https://www.zimmermanholdingscorp.example.com,16,2022-04-21,1
4593,Cain Cloud GmbH,Energy & Utilities,SMB,75,14303000.0,NA,United States,VI,South Shawnfort,https://www.caincloudgmbh.example.com,48,2022-05-05,0
4594,Alexander Holdings Inc,Telecommunications,Mid-Market,673,112067000.0,EMEA,Ireland,,Pamelaville,https://www.alexanderholdingsinc.example.com,18,2021-07-02,1
4595,Carney Energy AG,Professional Services,SMB,13,1553000.0,NA,United States,SC,Brianstad,https://www.carneyenergyag.example.com,15,2022-05-27,1
4596,Dunn Analytics LLC,Media & Entertainment,Enterprise,16075,3076791000.0,EMEA,United Kingdom,,Port Anthonychester,https://www.dunnanalyticsllc.example.com,19,2024-04-24,1
4597,Griffith Systems LLC,Manufacturing,Mid-Market,1613,482152000.0,NA,United States,FL,West Kristineview,https://www.griffithsystemsllc.example.com,24,2022-08-24,1
4598,Sharp Industries Ltd,Manufacturing,Enterprise,36841,14090883000.0,EMEA,France,,Susanland,https://www.sharpindustriesltd.example.com,60,2022-03-09,1
4599,Mccormick Logistics Co,Software & SaaS,Mid-Market,372,74179000.0,EMEA,France,,Atkinsborough,https://www.mccormicklogisticsco.example.com,21,2024-03-06,1
4600,Morse Cloud LLC,Manufacturing,Enterprise,48336,18537962000.0,NA,United States,AZ,Tracichester,https://www.morsecloudllc.example.com,37,2023-03-06,1
4601,Stokes Holdings Co,Hospitality,SMB,122,25902000.0,LATAM,Argentina,,Whitebury,https://www.stokesholdingsco.example.com,44,2022-10-19,1
4602,Camacho Holdings GmbH,Education,SMB,11,1450000.0,APAC,New Zealand,,East Jimmy,https://www.camachoholdingsgmbh.example.com,13,2024-10-20,1
4603,Davies Bioscience Co,Media & Entertainment,SMB,24,2484000.0,EMEA,Ireland,,Port Carloschester,https://www.daviesbioscienceco.example.com,6,2022-07-12,1
4604,Wilcox Bioscience Ltd,Financial Services,Mid-Market,971,231687000.0,LATAM,Brazil,,Sandrafort,https://www.wilcoxbioscienceltd.example.com,40,2023-04-24,1
4605,Rivera Energy GmbH,Media & Entertainment,SMB,15,1819000.0,APAC,Australia,,Baileystad,https://www.riveraenergygmbh.example.com,50,2021-02-19,1
4606,Beard Ventures LLC,Financial Services,Mid-Market,536,99486000.0,NA,Canada,,South Patriciamouth,https://www.beardventuresllc.example.com,16,2022-05-10,1
4607,Dawson Solutions Group,Manufacturing,SMB,163,16237000.0,EMEA,Netherlands,,Leeland,https://www.dawsonsolutionsgroup.example.com,1,2021-12-07,1
4608,Hardin Dynamics AG,Media & Entertainment,Mid-Market,738,166363000.0,EMEA,United Kingdom,,Joshuashire,https://www.hardindynamicsag.example.com,5,2025-06-14,1
4609,Ayala Systems LLC,Software & SaaS,SMB,21,3170000.0,EMEA,Sweden,,Hunterfort,https://www.ayalasystemsllc.example.com,6,2021-02-04,1
4610,Mccullough Interactive Group,Healthcare,Enterprise,37163,17488885000.0,LATAM,Mexico,,New Katherineborough,https://www.mcculloughinteractivegro.example.com,40,2024-03-05,1
4611,Murillo Labs Group,Software & SaaS,SMB,21,2573000.0,NA,United States,AS,South Davidhaven,https://www.murillolabsgroup.example.com,8,2024-07-02,1
4612,Goodman Industries GmbH,Financial Services,SMB,23,4719000.0,NA,Canada,,South Lisaville,https://www.goodmanindustriesgmbh.example.com,31,2022-04-28,1
4613,Curtis Digital LLC,Manufacturing,Mid-Market,673,87394000.0,NA,United States,NC,Garyport,https://www.curtisdigitalllc.example.com,10,2021-12-29,1
4614,Holt Robotics Corp,Energy & Utilities,Mid-Market,350,46568000.0,EMEA,Germany,,South Michaelside,https://www.holtroboticscorp.example.com,18,2021-08-28,1
4615,Vaughan Analytics Corp,Healthcare,Mid-Market,520,105531000.0,NA,Canada,,South Michaelside,https://www.vaughananalyticscorp.example.com,25,2022-02-02,1
4616,Petty Digital Inc,Software & SaaS,Enterprise,10231,4666751000.0,NA,Canada,,Brianview,https://www.pettydigitalinc.example.com,37,2025-09-18,1
4617,Walker Solutions LLC,Manufacturing,SMB,33,5188000.0,NA,United States,AS,Kevinbury,https://www.walkersolutionsllc.example.com,43,2021-03-07,1
4618,Marks Networks Corp,Financial Services,Mid-Market,705,131828000.0,EMEA,Netherlands,,Amandamouth,https://www.marksnetworkscorp.example.com,4,2022-11-24,1
4619,Brock Interactive Inc,Real Estate,SMB,24,2888000.0,NA,United States,GU,Williammouth,https://www.brockinteractiveinc.example.com,55,2022-01-10,1
4620,Beck Holdings AG,Professional Services,SMB,28,4163000.0,NA,United States,ME,New Ashley,https://www.beckholdingsag.example.com,51,2024-02-26,1
4621,Contreras Industries Co,Energy & Utilities,SMB,5,577000.0,NA,Canada,,Jamesside,https://www.contrerasindustriesco.example.com,8,2022-04-29,1
4622,Levine Dynamics Inc,Education,SMB,33,3737000.0,NA,United States,GA,Wendyfurt,https://www.levinedynamicsinc.example.com,30,2022-05-19,1
4623,Cummings Works Ltd,Telecommunications,SMB,32,4131000.0,NA,United States,NM,Port Penny,https://www.cummingsworksltd.example.com,2,2021-03-23,1
4624,Garcia Materials PLC,Manufacturing,Mid-Market,585,142248000.0,NA,Canada,,West Kristineview,https://www.garciamaterialsplc.example.com,48,2025-09-10,1
4625,Valencia Energy Ltd,Education,SMB,68,7077000.0,EMEA,UAE,,South Davidview,https://www.valenciaenergyltd.example.com,45,2023-03-14,1
4626,Barajas Ventures Ltd,Manufacturing,Enterprise,24095,9798453000.0,NA,Canada,,West Robertside,https://www.barajasventuresltd.example.com,9,2021-04-06,1
4627,Blackburn Partners Inc,Retail & E-commerce,SMB,84,9620000.0,NA,Canada,,Frankview,https://www.blackburnpartnersinc.example.com,47,2024-06-24,1
4628,Hayes Partners PLC,Professional Services,SMB,27,5723000.0,EMEA,Netherlands,,Englishchester,https://www.hayespartnersplc.example.com,19,2024-09-11,1
4629,Reed Dynamics AG,Professional Services,Mid-Market,2000,255164000.0,NA,Canada,,Campbellport,https://www.reeddynamicsag.example.com,2,2022-12-01,1
4630,Scott Metrics Corp,Manufacturing,SMB,58,10248000.0,NA,Canada,,Lake Glenn,https://www.scottmetricscorp.example.com,10,2026-05-04,1
4631,Foley Digital LLC,Biotech & Pharma,SMB,13,2727000.0,NA,Canada,,North David,https://www.foleydigitalllc.example.com,53,2021-11-23,1
4632,Foster Networks LLC,Logistics & Transportation,Mid-Market,1348,206963000.0,NA,United States,FL,North Joel,https://www.fosternetworksllc.example.com,14,2025-02-20,1
4633,Mccullough Capital Ltd,Retail & E-commerce,SMB,56,6910000.0,EMEA,Netherlands,,Port Kristenview,https://www.mcculloughcapitalltd.example.com,6,2025-02-27,1
4634,Stanton Labs Ltd,Logistics & Transportation,SMB,20,4028000.0,LATAM,Mexico,,Robertsonland,https://www.stantonlabsltd.example.com,40,2023-03-14,1
4635,Clayton Holdings GmbH,Real Estate,Mid-Market,786,127268000.0,NA,United States,OH,South Joseshire,https://www.claytonholdingsgmbh.example.com,29,2023-04-14,1
4636,Terry Ventures Corp,Construction,SMB,13,1782000.0,EMEA,United Kingdom,,New Michaelside,https://www.terryventurescorp.example.com,27,2021-06-07,1
4637,Salazar Metrics GmbH,Energy & Utilities,Mid-Market,356,74083000.0,APAC,India,,Jamestown,https://www.salazarmetricsgmbh.example.com,13,2021-06-29,1
4638,Farrell Interactive Group,Manufacturing,Mid-Market,340,57585000.0,NA,United States,CO,Mendozaberg,https://www.farrellinteractivegroup.example.com,31,2022-09-27,0
4639,Norton Energy Co,Logistics & Transportation,SMB,27,2936000.0,EMEA,Netherlands,,Thompsonton,https://www.nortonenergyco.example.com,18,2025-09-30,1
4640,Moore Partners Ltd,Healthcare,SMB,90,17515000.0,EMEA,UAE,,South Joseshire,https://www.moorepartnersltd.example.com,42,2021-11-05,1
4641,Andrews Digital Group,Education,SMB,36,3519000.0,EMEA,UAE,,West Christy,https://www.andrewsdigitalgroup.example.com,27,2022-12-20,0
4642,Herrera Works Corp,Automotive,Mid-Market,2000,295065000.0,APAC,New Zealand,,North Adrianland,https://www.herreraworkscorp.example.com,50,2021-03-30,1
4643,Dickerson Dynamics GmbH,Hospitality,SMB,97,13835000.0,NA,Canada,,Singletonport,https://www.dickersondynamicsgmbh.example.com,38,2022-03-09,1
4644,Benton Health Ltd,Retail & E-commerce,Enterprise,11287,3352207000.0,APAC,New Zealand,,Martinezchester,https://www.bentonhealthltd.example.com,23,2022-06-24,1
4645,Jefferson Networks Ltd,Manufacturing,SMB,18,3537000.0,NA,Canada,,Allenbury,https://www.jeffersonnetworksltd.example.com,53,2026-03-04,1
4646,Patterson Foods Ltd,Retail & E-commerce,Mid-Market,296,70896000.0,EMEA,UAE,,Rodriguezmouth,https://www.pattersonfoodsltd.example.com,58,2021-10-04,1
4647,Logan Holdings GmbH,Healthcare,SMB,69,11746000.0,NA,United States,GU,Chloeview,https://www.loganholdingsgmbh.example.com,26,2021-05-23,1
4648,Bowers Capital AG,Automotive,SMB,19,2990000.0,NA,United States,OK,Port Brenda,https://www.bowerscapitalag.example.com,34,2021-03-18,1
4649,Shaffer Partners Corp,Financial Services,SMB,37,5031000.0,NA,Canada,,Woodburgh,https://www.shafferpartnerscorp.example.com,59,2023-03-15,1
4650,Berger Metrics Corp,Professional Services,SMB,37,3691000.0,LATAM,Brazil,,Angelaland,https://www.bergermetricscorp.example.com,44,2023-03-10,1
4651,Hatfield Bioscience AG,Manufacturing,Enterprise,24040,5286542000.0,EMEA,France,,Robertstad,https://www.hatfieldbioscienceag.example.com,36,2021-10-07,1
4652,May Health Co,Education,SMB,51,11160000.0,APAC,New Zealand,,Thomasfurt,https://www.mayhealthco.example.com,41,2021-12-17,1
4653,Velez Ventures AG,Biotech & Pharma,SMB,38,4283000.0,NA,Canada,,Port Adrianashire,https://www.velezventuresag.example.com,10,2022-04-04,1
4654,Reid Labs GmbH,Media & Entertainment,SMB,18,2217000.0,NA,United States,PR,Port Shari,https://www.reidlabsgmbh.example.com,29,2021-01-15,1
4655,Contreras Technologies PLC,Education,SMB,61,7361000.0,NA,United States,NY,West Angela,https://www.contrerastechnologiesplc.example.com,22,2024-12-10,1
4656,Hooper Industries PLC,Software & SaaS,Mid-Market,688,184917000.0,NA,Canada,,Simsburgh,https://www.hooperindustriesplc.example.com,53,2024-08-26,1
4657,Solomon Energy AG,Software & SaaS,Enterprise,11320,4401735000.0,NA,United States,MT,Ashleyport,https://www.solomonenergyag.example.com,35,2022-04-06,1
4658,Duncan Cloud Group,Logistics & Transportation,Mid-Market,829,213097000.0,APAC,Australia,,Shawntown,https://www.duncancloudgroup.example.com,23,2023-06-15,1
4659,Trevino Materials Co,Manufacturing,SMB,115,23924000.0,APAC,India,,Sarahfort,https://www.trevinomaterialsco.example.com,56,2022-04-20,1
4660,Lopez Cloud Co,Media & Entertainment,SMB,20,3786000.0,NA,Canada,,Georgeside,https://www.lopezcloudco.example.com,37,2021-02-12,1
4661,Moody Technologies LLC,Manufacturing,Mid-Market,500,87618000.0,NA,Canada,,Port Edwardfort,https://www.moodytechnologiesllc.example.com,14,2023-07-14,1
4662,Nguyen Foods Co,Financial Services,SMB,7,1046000.0,EMEA,United Kingdom,,South Stevenland,https://www.nguyenfoodsco.example.com,19,2024-04-18,1
4663,Wilcox Digital Ltd,Professional Services,Mid-Market,298,86685000.0,EMEA,Germany,,Sparksborough,https://www.wilcoxdigitalltd.example.com,4,2022-04-29,1
4664,Osborne Labs Co,Hospitality,SMB,45,9639000.0,EMEA,Germany,,Thompsonstad,https://www.osbornelabsco.example.com,4,2021-12-11,1
4665,Hinton Capital Ltd,Construction,SMB,24,2325000.0,EMEA,United Kingdom,,Simsburgh,https://www.hintoncapitalltd.example.com,42,2022-01-10,1
4666,Mcguire Metrics Inc,Financial Services,Mid-Market,351,85070000.0,NA,Canada,,Destinyfurt,https://www.mcguiremetricsinc.example.com,55,2022-05-25,1
4667,Parrish Ventures Co,Healthcare,SMB,28,5773000.0,NA,Canada,,New Donna,https://www.parrishventuresco.example.com,9,2022-12-09,1
4668,Mcmahon Partners AG,Healthcare,Enterprise,58275,19749929000.0,LATAM,Colombia,,Glennshire,https://www.mcmahonpartnersag.example.com,44,2024-06-28,1
4669,Ali Logistics Group,Biotech & Pharma,SMB,47,4599000.0,EMEA,Spain,,Bryanfort,https://www.alilogisticsgroup.example.com,1,2021-10-13,1
4670,Tran Materials Co,Media & Entertainment,SMB,22,3099000.0,LATAM,Mexico,,Jaimetown,https://www.tranmaterialsco.example.com,40,2024-03-15,1
4671,Finley Capital Ltd,Biotech & Pharma,SMB,25,2426000.0,NA,Canada,,West Brian,https://www.finleycapitalltd.example.com,30,2026-03-10,1
4672,Murphy Solutions Ltd,Government & Public Sector,SMB,29,6376000.0,EMEA,Sweden,,North Roger,https://www.murphysolutionsltd.example.com,19,2021-09-17,1
4673,Maxwell Capital LLC,Financial Services,SMB,95,19843000.0,NA,United States,TX,Schmidtfurt,https://www.maxwellcapitalllc.example.com,39,2023-02-18,1
4674,Burke Foods LLC,Retail & E-commerce,SMB,32,5313000.0,APAC,New Zealand,,New Julieshire,https://www.burkefoodsllc.example.com,50,2022-06-10,1
4675,Stewart Dynamics PLC,Manufacturing,Mid-Market,419,101789000.0,NA,United States,DE,Lake Loganstad,https://www.stewartdynamicsplc.example.com,52,2023-08-11,1
4676,Bolton Industries Co,Retail & E-commerce,Mid-Market,371,60313000.0,EMEA,Spain,,New Danielleshire,https://www.boltonindustriesco.example.com,1,2025-06-03,1
4677,Watts Solutions AG,Automotive,SMB,12,1420000.0,NA,United States,ND,Whitehaven,https://www.wattssolutionsag.example.com,17,2025-06-16,1
4678,Vega Interactive AG,Financial Services,SMB,12,1512000.0,NA,Canada,,Jeremystad,https://www.vegainteractiveag.example.com,24,2022-11-01,1
4679,Mcconnell Health LLC,Real Estate,SMB,35,5195000.0,NA,Canada,,Kennethland,https://www.mcconnellhealthllc.example.com,8,2024-07-05,1
4680,Weaver Digital Corp,Financial Services,Mid-Market,1711,288205000.0,EMEA,Germany,,South William,https://www.weaverdigitalcorp.example.com,18,2023-02-27,0
4681,Solis Solutions GmbH,Telecommunications,SMB,13,1715000.0,APAC,Singapore,,Lake Peterberg,https://www.solissolutionsgmbh.example.com,56,2024-08-22,1
4682,Townsend Holdings Group,Financial Services,SMB,9,835000.0,LATAM,Chile,,West Angelbury,https://www.townsendholdingsgroup.example.com,44,2025-06-11,1
4683,Ruiz Works LLC,Logistics & Transportation,SMB,50,8766000.0,EMEA,Spain,,West Traceyberg,https://www.ruizworksllc.example.com,57,2024-03-26,1
4684,Villegas Works LLC,Energy & Utilities,SMB,52,8827000.0,EMEA,United Kingdom,,Brownberg,https://www.villegasworksllc.example.com,3,2021-03-25,1
4685,Roach Labs Co,Retail & E-commerce,SMB,23,4774000.0,EMEA,Spain,,Port Juliantown,https://www.roachlabsco.example.com,60,2021-12-16,1
4686,Stuart Holdings Corp,Construction,SMB,39,5928000.0,NA,United States,SD,Cookton,https://www.stuartholdingscorp.example.com,37,2024-09-24,1
4687,Bryan Foods AG,Telecommunications,Enterprise,40237,7566939000.0,APAC,Australia,,Townsendbury,https://www.bryanfoodsag.example.com,50,2021-02-02,1
4688,Hood Logistics AG,Financial Services,SMB,36,4853000.0,EMEA,Ireland,,Davisstad,https://www.hoodlogisticsag.example.com,60,2023-03-08,1
4689,Joseph Works Inc,Manufacturing,SMB,49,7668000.0,EMEA,France,,Vasquezburgh,https://www.josephworksinc.example.com,57,2023-09-06,1
4690,Underwood Holdings AG,Healthcare,SMB,49,5650000.0,NA,Canada,,Shannonstad,https://www.underwoodholdingsag.example.com,14,2024-12-16,1
4691,Kelley Networks Inc,Healthcare,SMB,5,857000.0,NA,United States,ND,Nicoleburgh,https://www.kelleynetworksinc.example.com,35,2024-11-15,1
4692,Huang Cloud PLC,Financial Services,SMB,26,4943000.0,NA,United States,MS,Evansberg,https://www.huangcloudplc.example.com,9,2021-04-12,1
4693,Rojas Materials AG,Financial Services,SMB,46,5058000.0,LATAM,Mexico,,Jamesland,https://www.rojasmaterialsag.example.com,40,2024-01-16,1
4694,Murphy Systems Corp,Government & Public Sector,SMB,23,3022000.0,EMEA,France,,Mcdowellville,https://www.murphysystemscorp.example.com,42,2024-10-03,1
4695,Mcdowell Analytics LLC,Automotive,Mid-Market,628,134989000.0,NA,United States,WI,South William,https://www.mcdowellanalyticsllc.example.com,30,2021-05-28,1
4696,Valentine Works Inc,Financial Services,SMB,32,6490000.0,NA,Canada,,Wesleychester,https://www.valentineworksinc.example.com,29,2023-01-03,1
4697,Schneider Materials Corp,Professional Services,Enterprise,53093,26758993000.0,EMEA,Netherlands,,New Julieshire,https://www.schneidermaterialscorp.example.com,5,2023-11-21,1
4698,Perkins Bioscience AG,Financial Services,SMB,55,8565000.0,NA,United States,VA,Glennshire,https://www.perkinsbioscienceag.example.com,30,2022-05-13,1
4699,Weber Works Co,Logistics & Transportation,SMB,33,5252000.0,NA,Canada,,North Joanland,https://www.weberworksco.example.com,22,2022-06-22,1
4700,Barr Foods Corp,Financial Services,Enterprise,49209,13443457000.0,EMEA,Sweden,,South Rebeccaton,https://www.barrfoodscorp.example.com,3,2021-05-26,1
4701,Marsh Works Inc,Healthcare,Mid-Market,426,71382000.0,NA,United States,TN,North Andrewfort,https://www.marshworksinc.example.com,12,2024-08-30,1
4702,Avila Cloud Ltd,Manufacturing,SMB,97,17840000.0,NA,United States,CA,Victormouth,https://www.avilacloudltd.example.com,47,2021-12-07,1
4703,Rose Industries LLC,Telecommunications,Mid-Market,685,176467000.0,NA,Canada,,Alvarezburgh,https://www.roseindustriesllc.example.com,52,2022-10-17,1
4704,Byrd Health PLC,Retail & E-commerce,SMB,73,12054000.0,NA,United States,DE,New Julieshire,https://www.byrdhealthplc.example.com,17,2023-03-07,1
4705,Mason Interactive GmbH,Professional Services,SMB,28,2773000.0,APAC,Australia,,Baldwinville,https://www.masoninteractivegmbh.example.com,56,2021-05-04,1
4706,Rodgers Cloud PLC,Software & SaaS,Mid-Market,1043,189524000.0,APAC,Japan,,North Williamhaven,https://www.rodgerscloudplc.example.com,23,2022-10-10,1
4707,Montoya Interactive Co,Media & Entertainment,Mid-Market,488,73387000.0,LATAM,Argentina,,Ortizshire,https://www.montoyainteractiveco.example.com,44,2021-08-04,1
4708,Beard Interactive Ltd,Software & SaaS,SMB,27,5252000.0,LATAM,Chile,,Kevinbury,https://www.beardinteractiveltd.example.com,44,2021-12-01,1
4709,Jones Logistics Corp,Software & SaaS,SMB,5,1050000.0,NA,United States,PR,South Cherylshire,https://www.joneslogisticscorp.example.com,28,2022-06-04,1
4710,Robinson Ventures PLC,Healthcare,SMB,24,2326000.0,NA,United States,VI,West Rachelton,https://www.robinsonventuresplc.example.com,10,2023-01-12,1
4711,Welch Interactive PLC,Software & SaaS,SMB,11,1163000.0,EMEA,Sweden,,Moniqueport,https://www.welchinteractiveplc.example.com,58,2022-10-15,1
4712,Torres Labs LLC,Real Estate,Enterprise,18253,2934547000.0,NA,Canada,,Mclaughlinmouth,https://www.torreslabsllc.example.com,11,2021-04-09,1
4713,Saunders Labs Group,Logistics & Transportation,SMB,37,6707000.0,LATAM,Colombia,,East Ralphshire,https://www.saunderslabsgroup.example.com,40,2022-05-26,1
4714,Fry Energy PLC,Education,SMB,35,5900000.0,NA,United States,PA,Angelamouth,https://www.fryenergyplc.example.com,24,2021-03-02,1
4715,Reed Works Corp,Software & SaaS,SMB,53,7406000.0,EMEA,United Kingdom,,Loritown,https://www.reedworkscorp.example.com,19,2021-12-22,1
4716,Cherry Ventures Group,Financial Services,SMB,90,14409000.0,EMEA,Netherlands,,Michaelhaven,https://www.cherryventuresgroup.example.com,20,2021-04-30,1
4717,Glover Bioscience AG,Logistics & Transportation,SMB,31,5624000.0,APAC,New Zealand,,Shannonstad,https://www.gloverbioscienceag.example.com,23,2021-09-01,1
4718,Flores Networks GmbH,Software & SaaS,Enterprise,16250,7874888000.0,EMEA,Sweden,,Susanland,https://www.floresnetworksgmbh.example.com,3,2023-02-08,1
4719,Kelley Digital PLC,Financial Services,Mid-Market,1244,187002000.0,EMEA,Sweden,,Davisborough,https://www.kelleydigitalplc.example.com,3,2025-11-03,1
4720,Stevenson Works Corp,Software & SaaS,Mid-Market,243,35343000.0,NA,United States,KS,East Ericbury,https://www.stevensonworkscorp.example.com,39,2021-10-06,1
4721,Stafford Industries Co,Non-Profit,SMB,174,27071000.0,EMEA,Spain,,North Jenniferchester,https://www.staffordindustriesco.example.com,27,2024-05-10,1
4722,Thomas Metrics AG,Retail & E-commerce,SMB,37,4004000.0,EMEA,Spain,,Lake Saraburgh,https://www.thomasmetricsag.example.com,20,2021-03-08,1
4723,Walls Cloud Co,Software & SaaS,SMB,11,1118000.0,NA,United States,NY,Priceside,https://www.wallscloudco.example.com,38,2022-05-04,0
4724,Atkinson Foods GmbH,Retail & E-commerce,SMB,20,2941000.0,EMEA,Netherlands,,Knappbury,https://www.atkinsonfoodsgmbh.example.com,45,2022-08-24,1
4725,Zimmerman Systems GmbH,Government & Public Sector,SMB,23,4829000.0,NA,Canada,,Martinezport,https://www.zimmermansystemsgmbh.example.com,39,2021-06-02,1
4726,Stokes Works GmbH,Financial Services,Mid-Market,1522,316500000.0,NA,United States,OR,Michaelside,https://www.stokesworksgmbh.example.com,9,2023-10-25,1
4727,Preston Holdings Ltd,Financial Services,Mid-Market,628,75742000.0,LATAM,Colombia,,North Sheenaborough,https://www.prestonholdingsltd.example.com,40,2021-07-21,1
4728,Blanchard Partners Corp,Automotive,SMB,49,7963000.0,NA,United States,RI,Brownland,https://www.blanchardpartnerscorp.example.com,8,2024-11-01,1
4729,Powers Holdings Corp,Hospitality,SMB,15,2049000.0,EMEA,Sweden,,Troyton,https://www.powersholdingscorp.example.com,54,2023-07-19,1
4730,Ochoa Ventures GmbH,Logistics & Transportation,Mid-Market,610,139369000.0,NA,United States,IN,Lake Elizabeth,https://www.ochoaventuresgmbh.example.com,17,2024-06-04,1
4731,Bradford Industries Corp,Financial Services,SMB,25,5203000.0,APAC,Australia,,Fitzgeraldview,https://www.bradfordindustriescorp.example.com,56,2021-08-27,1
4732,Costa Capital Group,Financial Services,Enterprise,82565,30362314000.0,NA,United States,MO,Port Charleshaven,https://www.costacapitalgroup.example.com,22,2022-03-31,1
4733,Reed Analytics LLC,Hospitality,SMB,28,3935000.0,NA,United States,HI,East Aprilstad,https://www.reedanalyticsllc.example.com,30,2024-03-14,1
4734,Cherry Health Ltd,Energy & Utilities,SMB,22,3436000.0,APAC,India,,North Patrick,https://www.cherryhealthltd.example.com,13,2022-11-18,1
4735,Greene Partners AG,Manufacturing,SMB,58,6098000.0,EMEA,France,,Brianview,https://www.greenepartnersag.example.com,3,2023-10-16,1
4736,Mercado Interactive Corp,Software & SaaS,Enterprise,19756,8374605000.0,EMEA,France,,Jaimetown,https://www.mercadointeractivecorp.example.com,60,2022-09-13,1
4737,Stanley Works Ltd,Software & SaaS,SMB,51,9479000.0,NA,Canada,,Robertfort,https://www.stanleyworksltd.example.com,34,2023-12-28,1
4738,Flowers Holdings Group,Telecommunications,Mid-Market,376,67552000.0,NA,United States,DC,Lake Peterberg,https://www.flowersholdingsgroup.example.com,14,2023-11-06,1
4739,Allen Interactive Corp,Education,SMB,75,13578000.0,APAC,Australia,,West Amy,https://www.alleninteractivecorp.example.com,13,2022-03-09,1
4740,Skinner Logistics Corp,Manufacturing,SMB,24,4638000.0,EMEA,France,,Lake Loganstad,https://www.skinnerlogisticscorp.example.com,58,2025-06-05,1
4741,Wallace Bioscience Corp,Media & Entertainment,Mid-Market,251,57854000.0,APAC,New Zealand,,Port Shari,https://www.wallacebiosciencecorp.example.com,50,2024-05-15,1
4742,Snyder Digital GmbH,Real Estate,SMB,77,10185000.0,LATAM,Argentina,,Angelaton,https://www.snyderdigitalgmbh.example.com,44,2021-04-05,0
4743,Keith Digital AG,Education,SMB,11,1614000.0,EMEA,Netherlands,,West Travischester,https://www.keithdigitalag.example.com,32,2021-03-01,1
4744,Phelps Analytics Group,Financial Services,SMB,11,1231000.0,EMEA,United Kingdom,,Oconnorhaven,https://www.phelpsanalyticsgroup.example.com,19,2024-04-04,1
4745,Cain Health Corp,Construction,Mid-Market,200,61417000.0,EMEA,Germany,,Ramirezshire,https://www.cainhealthcorp.example.com,5,2023-10-16,1
4746,Morrison Energy Inc,Software & SaaS,SMB,12,2585000.0,APAC,Australia,,Kristyport,https://www.morrisonenergyinc.example.com,23,2025-10-22,1
4747,Meadows Digital PLC,Logistics & Transportation,SMB,31,3137000.0,EMEA,United Kingdom,,Jillianfort,https://www.meadowsdigitalplc.example.com,6,2024-01-04,1
4748,Morris Labs PLC,Financial Services,Enterprise,8095,1740100000.0,NA,Canada,,Meganchester,https://www.morrislabsplc.example.com,49,2021-10-27,1
4749,Pace Capital GmbH,Telecommunications,Mid-Market,356,104596000.0,LATAM,Colombia,,Howardmouth,https://www.pacecapitalgmbh.example.com,44,2021-03-05,1
4750,Tate Health Ltd,Media & Entertainment,Mid-Market,982,231051000.0,EMEA,Netherlands,,Amyside,https://www.tatehealthltd.example.com,45,2023-03-30,1
4751,Robinson Bioscience AG,Financial Services,Mid-Market,307,62510000.0,APAC,Japan,,Port Jordanshire,https://www.robinsonbioscienceag.example.com,23,2023-01-26,1
4752,Baker Cloud LLC,Logistics & Transportation,Mid-Market,200,51935000.0,NA,United States,TX,Rhodesland,https://www.bakercloudllc.example.com,43,2025-12-04,1
4753,Patterson Solutions Corp,Logistics & Transportation,SMB,77,13427000.0,NA,Canada,,Port Kristenview,https://www.pattersonsolutionscorp.example.com,22,2024-03-20,1
4754,Powell Logistics Co,Retail & E-commerce,SMB,20,3634000.0,EMEA,Netherlands,,North Dustinview,https://www.powelllogisticsco.example.com,4,2025-07-31,1
4755,Marquez Cloud PLC,Software & SaaS,Mid-Market,319,97176000.0,EMEA,Germany,,New Philip,https://www.marquezcloudplc.example.com,60,2024-07-03,1
4756,Montgomery Analytics LLC,Financial Services,Mid-Market,473,103071000.0,NA,Canada,,Whitneyberg,https://www.montgomeryanalyticsllc.example.com,37,2023-12-11,1
4757,Blevins Metrics Group,Construction,Enterprise,47603,14550240000.0,NA,United States,OK,New Sophia,https://www.blevinsmetricsgroup.example.com,17,2023-05-30,1
4758,Estrada Labs Inc,Financial Services,SMB,22,2431000.0,EMEA,Germany,,Quinnhaven,https://www.estradalabsinc.example.com,4,2023-06-24,1
4759,Stafford Ventures AG,Retail & E-commerce,SMB,26,3575000.0,LATAM,Argentina,,Martinezside,https://www.staffordventuresag.example.com,44,2023-02-17,1
4760,Acosta Labs Co,Healthcare,SMB,48,4589000.0,NA,United States,WI,Annashire,https://www.acostalabsco.example.com,8,2025-02-05,1
4761,Wood Works Inc,Real Estate,SMB,22,3572000.0,NA,Canada,,Lake Jose,https://www.woodworksinc.example.com,43,2021-12-03,1
4762,Davidson Digital Group,Media & Entertainment,SMB,21,4606000.0,NA,Canada,,Rivasfort,https://www.davidsondigitalgroup.example.com,9,2025-09-23,0
4763,Robertson Metrics Ltd,Telecommunications,Mid-Market,488,68252000.0,NA,Canada,,Port Brandon,https://www.robertsonmetricsltd.example.com,15,2023-05-23,1
4764,Daugherty Dynamics Co,Education,SMB,11,1605000.0,NA,United States,MS,Port Steveport,https://www.daughertydynamicsco.example.com,17,2022-10-21,1
4765,Bailey Dynamics Co,Logistics & Transportation,SMB,20,4374000.0,EMEA,Sweden,,Rojastown,https://www.baileydynamicsco.example.com,46,2021-11-01,1
4766,Melton Digital Inc,Construction,SMB,76,8087000.0,EMEA,Germany,,Freemanland,https://www.meltondigitalinc.example.com,54,2022-02-01,1
4767,Reilly Systems GmbH,Telecommunications,Mid-Market,574,156827000.0,NA,Canada,,South John,https://www.reillysystemsgmbh.example.com,52,2023-06-30,1
4768,Booth Robotics GmbH,Energy & Utilities,Enterprise,24906,9768682000.0,NA,United States,AL,Reillyberg,https://www.boothroboticsgmbh.example.com,34,2021-08-03,0
4769,Ferguson Capital LLC,Energy & Utilities,SMB,33,4654000.0,LATAM,Colombia,,Kellerside,https://www.fergusoncapitalllc.example.com,40,2021-01-06,1
4770,Frey Holdings Corp,Retail & E-commerce,SMB,18,3731000.0,NA,United States,KS,New Karenside,https://www.freyholdingscorp.example.com,48,2021-12-31,1
4771,West Energy Inc,Education,SMB,79,16114000.0,EMEA,Ireland,,Stevenland,https://www.westenergyinc.example.com,7,2022-03-15,1
4772,Fuller Analytics LLC,Media & Entertainment,SMB,20,2641000.0,NA,Canada,,East Johnberg,https://www.fulleranalyticsllc.example.com,52,2025-12-15,1
4773,Bell Solutions GmbH,Government & Public Sector,SMB,91,16218000.0,APAC,Australia,,Katelynfurt,https://www.bellsolutionsgmbh.example.com,23,2023-06-27,1
4774,Woods Labs LLC,Construction,Mid-Market,1372,167515000.0,APAC,Singapore,,East Sarah,https://www.woodslabsllc.example.com,50,2022-09-02,1
4775,Boyer Holdings Corp,Retail & E-commerce,Enterprise,69183,17319777000.0,NA,United States,DC,Kaylaton,https://www.boyerholdingscorp.example.com,52,2026-05-20,1
4776,Kelly Industries AG,Media & Entertainment,SMB,90,18468000.0,EMEA,Germany,,Englishchester,https://www.kellyindustriesag.example.com,21,2022-06-18,1
4777,Cohen Digital Group,Healthcare,SMB,32,6070000.0,EMEA,Netherlands,,South Henry,https://www.cohendigitalgroup.example.com,32,2026-02-13,1
4778,Durham Labs PLC,Hospitality,SMB,10,1717000.0,NA,United States,ND,Williamshire,https://www.durhamlabsplc.example.com,35,2025-12-15,1
4779,Reese Ventures Inc,Telecommunications,SMB,176,19331000.0,EMEA,Ireland,,West Taylorland,https://www.reeseventuresinc.example.com,46,2024-02-12,1
4780,Cantu Energy GmbH,Biotech & Pharma,SMB,42,4179000.0,NA,United States,PR,Lake Madisonhaven,https://www.cantuenergygmbh.example.com,24,2023-03-20,1
4781,Murray Systems AG,Media & Entertainment,Mid-Market,1614,440505000.0,NA,United States,MA,West Justin,https://www.murraysystemsag.example.com,26,2024-12-19,1
4782,Maxwell Energy AG,Telecommunications,SMB,24,4078000.0,LATAM,Brazil,,Caseyton,https://www.maxwellenergyag.example.com,44,2022-04-12,1
4783,Ponce Solutions Ltd,Software & SaaS,Mid-Market,2000,273967000.0,NA,Canada,,Davishaven,https://www.poncesolutionsltd.example.com,12,2022-06-20,1
4784,Chang Bioscience AG,Media & Entertainment,SMB,64,9922000.0,NA,United States,AK,Kristyport,https://www.changbioscienceag.example.com,34,2021-10-26,1
4785,Gross Interactive PLC,Manufacturing,Mid-Market,200,28265000.0,NA,United States,MH,Jillianfort,https://www.grossinteractiveplc.example.com,34,2021-12-28,1
4786,Adams Ventures Corp,Logistics & Transportation,Mid-Market,332,91745000.0,LATAM,Brazil,,West David,https://www.adamsventurescorp.example.com,40,2021-07-05,1
4787,Stuart Systems AG,Healthcare,SMB,53,6410000.0,NA,Canada,,Savageview,https://www.stuartsystemsag.example.com,59,2025-03-10,1
4788,Yang Industries Group,Healthcare,SMB,84,10757000.0,NA,United States,CT,Ryanside,https://www.yangindustriesgroup.example.com,14,2021-01-04,1
4789,Huff Materials GmbH,Professional Services,Mid-Market,1067,275184000.0,EMEA,United Kingdom,,South Henry,https://www.huffmaterialsgmbh.example.com,3,2022-09-28,1
4790,Lloyd Networks AG,Logistics & Transportation,SMB,19,2678000.0,EMEA,Netherlands,,Robertafurt,https://www.lloydnetworksag.example.com,6,2022-06-15,1
4791,Cannon Health Co,Healthcare,SMB,40,6177000.0,EMEA,Netherlands,,New Karenside,https://www.cannonhealthco.example.com,4,2022-07-25,1
4792,Stewart Interactive Group,Real Estate,SMB,12,1689000.0,LATAM,Colombia,,Brianstad,https://www.stewartinteractivegroup.example.com,40,2025-02-19,1
4793,Riley Cloud LLC,Software & SaaS,SMB,52,7298000.0,NA,United States,KY,Amberton,https://www.rileycloudllc.example.com,43,2024-12-18,1
4794,Buchanan Industries Co,Healthcare,Mid-Market,449,104339000.0,EMEA,Sweden,,West Traceyberg,https://www.buchananindustriesco.example.com,18,2023-12-14,1
4795,Lloyd Works PLC,Healthcare,SMB,31,3256000.0,EMEA,UAE,,New Julieshire,https://www.lloydworksplc.example.com,42,2024-02-08,1
4796,Church Solutions Ltd,Financial Services,SMB,39,7899000.0,NA,Canada,,West Robertfort,https://www.churchsolutionsltd.example.com,16,2024-11-08,1
4797,Mckenzie Cloud Ltd,Hospitality,SMB,28,4737000.0,APAC,India,,Angelatown,https://www.mckenziecloudltd.example.com,41,2022-07-19,0
4798,Neal Labs Inc,Energy & Utilities,Mid-Market,1206,342645000.0,EMEA,Sweden,,Port Brenda,https://www.neallabsinc.example.com,20,2022-11-14,1
4799,Harvey Digital Inc,Energy & Utilities,Mid-Market,738,214222000.0,NA,United States,NH,Jeffreyport,https://www.harveydigitalinc.example.com,9,2021-12-15,1
4800,Hubbard Capital Group,Media & Entertainment,SMB,26,2834000.0,NA,Canada,,Lake Michaelberg,https://www.hubbardcapitalgroup.example.com,26,2021-12-08,1
4801,Perez Systems AG,Manufacturing,SMB,16,2322000.0,NA,United States,UT,Port Gail,https://www.perezsystemsag.example.com,55,2025-11-26,1
4802,Cervantes Ventures Co,Education,SMB,57,8218000.0,APAC,Singapore,,New Jessica,https://www.cervantesventuresco.example.com,13,2024-07-16,1
4803,Bailey Partners Corp,Telecommunications,SMB,96,16136000.0,NA,Canada,,East Anthony,https://www.baileypartnerscorp.example.com,29,2022-11-17,1
4804,Hogan Interactive Ltd,Logistics & Transportation,SMB,20,3383000.0,APAC,Singapore,,Woodstad,https://www.hoganinteractiveltd.example.com,41,2021-03-02,1
4805,Key Holdings Corp,Retail & E-commerce,SMB,47,8172000.0,NA,Canada,,Rebeccashire,https://www.keyholdingscorp.example.com,14,2024-06-06,1
4806,Floyd Analytics LLC,Financial Services,SMB,43,7771000.0,LATAM,Brazil,,Lake Meganville,https://www.floydanalyticsllc.example.com,40,2026-01-03,1
4807,Hooper Dynamics Co,Software & SaaS,Mid-Market,2000,423005000.0,APAC,India,,Pamelaville,https://www.hooperdynamicsco.example.com,50,2025-10-30,1
4808,Briggs Dynamics PLC,Software & SaaS,SMB,31,3207000.0,NA,Canada,,East Ellen,https://www.briggsdynamicsplc.example.com,22,2024-03-30,1
4809,Randall Dynamics AG,Telecommunications,Mid-Market,1382,441217000.0,NA,United States,DC,Mcdanielfurt,https://www.randalldynamicsag.example.com,38,2023-11-17,1
4810,Richmond Holdings Corp,Manufacturing,SMB,10,1296000.0,APAC,Singapore,,Mathewport,https://www.richmondholdingscorp.example.com,13,2021-06-16,1
4811,Farmer Logistics LLC,Telecommunications,SMB,11,1015000.0,NA,United States,VA,Lake Ronniebury,https://www.farmerlogisticsllc.example.com,17,2021-04-30,1
4812,Murray Solutions GmbH,Logistics & Transportation,SMB,17,2535000.0,NA,United States,LA,New David,https://www.murraysolutionsgmbh.example.com,15,2022-01-11,1
4813,Dennis Industries Corp,Retail & E-commerce,Mid-Market,1401,268314000.0,APAC,India,,West Cassandra,https://www.dennisindustriescorp.example.com,13,2023-05-31,1
4814,Henry Ventures LLC,Education,Mid-Market,464,71596000.0,APAC,Japan,,Allenbury,https://www.henryventuresllc.example.com,50,2025-09-17,1
4815,Garner Robotics Co,Financial Services,SMB,6,875000.0,EMEA,Netherlands,,North Dustinview,https://www.garnerroboticsco.example.com,21,2025-05-06,1
4816,Wilkins Holdings Inc,Construction,Mid-Market,587,169758000.0,APAC,Australia,,West Mary,https://www.wilkinsholdingsinc.example.com,56,2022-03-17,1
4817,Juarez Cloud AG,Healthcare,SMB,90,16692000.0,EMEA,Netherlands,,Vasquezburgh,https://www.juarezcloudag.example.com,21,2022-06-16,1
4818,Moreno Networks GmbH,Real Estate,SMB,41,4581000.0,EMEA,Sweden,,Wendyton,https://www.morenonetworksgmbh.example.com,1,2022-03-23,1
4819,Cummings Industries Corp,Financial Services,SMB,30,5163000.0,NA,Canada,,Markshire,https://www.cummingsindustriescorp.example.com,16,2023-03-27,1
4820,Villanueva Industries Co,Retail & E-commerce,SMB,6,779000.0,EMEA,France,,North Joyside,https://www.villanuevaindustriesco.example.com,3,2024-11-21,1
4821,Ortega Systems Corp,Retail & E-commerce,SMB,8,1117000.0,EMEA,Spain,,North Richard,https://www.ortegasystemscorp.example.com,6,2024-09-18,1
4822,Brock Foods Co,Healthcare,Mid-Market,503,102166000.0,EMEA,Netherlands,,South Shannonfurt,https://www.brockfoodsco.example.com,1,2025-06-16,1
4823,Gonzales Digital AG,Manufacturing,SMB,31,5689000.0,LATAM,Brazil,,West Robertside,https://www.gonzalesdigitalag.example.com,44,2023-03-14,1
4824,Landry Industries PLC,Retail & E-commerce,SMB,138,13704000.0,NA,United States,PA,Howardmouth,https://www.landryindustriesplc.example.com,9,2023-12-06,1
4825,Holland Networks Ltd,Professional Services,SMB,18,2422000.0,EMEA,United Kingdom,,Diazton,https://www.hollandnetworksltd.example.com,54,2026-01-27,1
4826,Rush Digital AG,Logistics & Transportation,SMB,60,8452000.0,NA,United States,IL,Jamesfurt,https://www.rushdigitalag.example.com,38,2024-01-05,1
4827,Martin Metrics LLC,Software & SaaS,SMB,22,4027000.0,NA,United States,ME,Jacobsmouth,https://www.martinmetricsllc.example.com,22,2021-09-01,1
4828,Martin Industries AG,Financial Services,Enterprise,26830,11068438000.0,NA,United States,CO,Kanefurt,https://www.martinindustriesag.example.com,22,2022-04-18,1
4829,Harper Ventures LLC,Automotive,Mid-Market,204,60160000.0,LATAM,Colombia,,West David,https://www.harperventuresllc.example.com,44,2021-04-15,1
4830,Simon Labs Group,Software & SaaS,SMB,32,3709000.0,NA,United States,SC,Frankview,https://www.simonlabsgroup.example.com,22,2021-06-04,1
4831,Parsons Logistics Ltd,Education,Mid-Market,1907,252169000.0,EMEA,Sweden,,Maryport,https://www.parsonslogisticsltd.example.com,60,2023-01-17,1
4832,Pearson Foods LLC,Financial Services,SMB,78,16627000.0,EMEA,France,,Lake Madisonhaven,https://www.pearsonfoodsllc.example.com,21,2024-05-29,1
4833,Navarro Foods Co,Retail & E-commerce,SMB,24,5273000.0,APAC,Australia,,Jamestown,https://www.navarrofoodsco.example.com,13,2021-09-28,1
4834,Nicholson Interactive Corp,Manufacturing,SMB,18,3536000.0,EMEA,France,,Ebonyfort,https://www.nicholsoninteractivecorp.example.com,42,2022-04-06,1
4835,Reyes Holdings Inc,Construction,SMB,91,11736000.0,NA,United States,NY,Woodburgh,https://www.reyesholdingsinc.example.com,38,2022-05-04,1
4836,Dennis Metrics LLC,Logistics & Transportation,SMB,32,5642000.0,NA,Canada,,Port Adrianashire,https://www.dennismetricsllc.example.com,51,2025-02-07,1
4837,Li Robotics Co,Financial Services,Mid-Market,1106,157285000.0,EMEA,France,,Cunninghamview,https://www.liroboticsco.example.com,3,2021-09-22,1
4838,Caldwell Labs Inc,Media & Entertainment,SMB,71,7157000.0,NA,United States,ME,Port Edwardfort,https://www.caldwelllabsinc.example.com,43,2021-02-23,1
4839,Hancock Labs AG,Software & SaaS,Mid-Market,488,62491000.0,NA,Canada,,North Williamhaven,https://www.hancocklabsag.example.com,33,2023-09-28,0
4840,Foster Holdings Corp,Biotech & Pharma,Mid-Market,1682,404356000.0,NA,Canada,,Lake Margaretport,https://www.fosterholdingscorp.example.com,39,2023-03-22,1
4841,Cortez Industries PLC,Manufacturing,Mid-Market,394,112831000.0,NA,United States,MD,South Amandafort,https://www.cortezindustriesplc.example.com,15,2021-01-06,1
4842,Mahoney Analytics LLC,Government & Public Sector,SMB,18,3659000.0,LATAM,Mexico,,South Emily,https://www.mahoneyanalyticsllc.example.com,44,2024-07-30,1
4843,Howe Systems Ltd,Professional Services,Mid-Market,200,40106000.0,APAC,Australia,,South Amandafort,https://www.howesystemsltd.example.com,50,2022-09-28,1
4844,Hunter Materials LLC,Financial Services,SMB,90,14137000.0,EMEA,Germany,,Port Chad,https://www.huntermaterialsllc.example.com,3,2023-05-01,1
4845,Stevens Energy LLC,Construction,SMB,38,4292000.0,NA,Canada,,Michaelhaven,https://www.stevensenergyllc.example.com,53,2023-12-27,1
4846,Hale Solutions PLC,Automotive,SMB,43,5700000.0,LATAM,Mexico,,Evansberg,https://www.halesolutionsplc.example.com,40,2021-03-16,1
4847,Burns Solutions Corp,Professional Services,Enterprise,22027,5376821000.0,EMEA,France,,Baileystad,https://www.burnssolutionscorp.example.com,36,2021-09-08,1
4848,Rose Digital AG,Retail & E-commerce,SMB,34,6599000.0,LATAM,Brazil,,West Derekmouth,https://www.rosedigitalag.example.com,44,2022-12-05,1
4849,Dalton Analytics AG,Energy & Utilities,SMB,21,4266000.0,NA,United States,OR,South Stevenberg,https://www.daltonanalyticsag.example.com,35,2021-09-07,1
4850,Williams Bioscience LLC,Software & SaaS,Mid-Market,1346,185935000.0,NA,United States,PW,Ellisshire,https://www.williamsbiosciencellc.example.com,55,2021-06-10,1
4851,Nicholson Materials Ltd,Biotech & Pharma,SMB,31,4884000.0,EMEA,UAE,,South Emily,https://www.nicholsonmaterialsltd.example.com,46,2022-04-14,1
4852,Elliott Networks GmbH,Financial Services,Mid-Market,242,47116000.0,APAC,Australia,,Barnesmouth,https://www.elliottnetworksgmbh.example.com,50,2022-10-02,1
4853,Mccann Robotics Group,Telecommunications,SMB,22,3354000.0,NA,United States,NE,Gregoryburgh,https://www.mccannroboticsgroup.example.com,16,2025-03-07,1
4854,Walker Labs GmbH,Professional Services,SMB,64,12006000.0,NA,United States,KY,East Ellen,https://www.walkerlabsgmbh.example.com,11,2023-07-28,0
4855,Vang Logistics PLC,Construction,SMB,27,5330000.0,EMEA,France,,Lake Emilymouth,https://www.vanglogisticsplc.example.com,58,2025-11-10,1
4856,Hensley Digital Group,Professional Services,SMB,10,1894000.0,LATAM,Mexico,,Kingmouth,https://www.hensleydigitalgroup.example.com,40,2022-11-24,1
4857,Atkinson Works Inc,Professional Services,SMB,8,1120000.0,EMEA,Spain,,New Markmouth,https://www.atkinsonworksinc.example.com,19,2022-12-15,1
4858,Blanchard Bioscience Corp,Telecommunications,SMB,8,1388000.0,APAC,Australia,,Mooremouth,https://www.blanchardbiosciencecorp.example.com,13,2022-03-24,1
4859,Stone Health Corp,Media & Entertainment,SMB,50,10073000.0,EMEA,Netherlands,,Davisport,https://www.stonehealthcorp.example.com,20,2021-04-26,1
4860,Newton Networks Co,Software & SaaS,Mid-Market,546,103527000.0,APAC,Australia,,East Douglas,https://www.newtonnetworksco.example.com,23,2021-09-07,1
4861,Pittman Cloud Group,Construction,Mid-Market,738,183536000.0,NA,Canada,,South Kimberly,https://www.pittmancloudgroup.example.com,39,2021-04-03,1
4862,Phillips Labs Group,Retail & E-commerce,SMB,13,1426000.0,NA,United States,IL,North Charles,https://www.phillipslabsgroup.example.com,22,2024-03-12,1
4863,Roberson Logistics AG,Professional Services,SMB,39,5478000.0,EMEA,United Kingdom,,West Erinville,https://www.robersonlogisticsag.example.com,46,2022-05-25,1
4864,Lang Ventures GmbH,Manufacturing,SMB,35,3408000.0,EMEA,Ireland,,East Amyside,https://www.langventuresgmbh.example.com,4,2021-02-19,1
4865,Harrell Robotics PLC,Retail & E-commerce,Mid-Market,844,211363000.0,NA,United States,ME,Kellerside,https://www.harrellroboticsplc.example.com,14,2024-06-24,1
4866,Diaz Capital Corp,Retail & E-commerce,Mid-Market,1195,168023000.0,NA,United States,WV,East Jenniferborough,https://www.diazcapitalcorp.example.com,47,2021-12-27,1
4867,Fry Industries Co,Automotive,SMB,30,4295000.0,EMEA,UAE,,West Geoffrey,https://www.fryindustriesco.example.com,58,2025-07-04,1
4868,Ray Cloud Group,Financial Services,SMB,43,8187000.0,APAC,Australia,,East Jenniferfort,https://www.raycloudgroup.example.com,41,2024-12-21,1
4869,Alvarado Industries Corp,Logistics & Transportation,Enterprise,70238,16526019000.0,NA,United States,MN,South Diana,https://www.alvaradoindustriescorp.example.com,31,2022-03-15,1
4870,Carrillo Health Co,Financial Services,Mid-Market,977,199343000.0,APAC,India,,East Sarah,https://www.carrillohealthco.example.com,50,2021-12-06,1
4871,Rojas Systems GmbH,Retail & E-commerce,SMB,35,4046000.0,NA,Canada,,Robertmouth,https://www.rojassystemsgmbh.example.com,47,2026-06-24,0
4872,Munoz Labs GmbH,Logistics & Transportation,Mid-Market,955,237320000.0,NA,United States,SD,Millsland,https://www.munozlabsgmbh.example.com,16,2024-12-16,1
4873,Chapman Solutions LLC,Software & SaaS,SMB,5,802000.0,NA,Canada,,West Taramouth,https://www.chapmansolutionsllc.example.com,9,2025-10-30,1
4874,Baker Dynamics AG,Energy & Utilities,SMB,24,2274000.0,NA,United States,MH,Brownland,https://www.bakerdynamicsag.example.com,26,2021-01-28,1
4875,Dawson Bioscience Inc,Professional Services,Mid-Market,349,59949000.0,NA,United States,CT,Kristyport,https://www.dawsonbioscienceinc.example.com,55,2023-08-07,0
4876,Burgess Materials Inc,Professional Services,SMB,43,8888000.0,EMEA,Germany,,Robbinsstad,https://www.burgessmaterialsinc.example.com,7,2022-01-13,1
4877,Fischer Bioscience GmbH,Telecommunications,SMB,108,21233000.0,EMEA,Germany,,West Christy,https://www.fischerbiosciencegmbh.example.com,1,2022-06-28,1
4878,Shepard Logistics Group,Financial Services,Enterprise,7053,1157996000.0,EMEA,UAE,,Nixonland,https://www.shepardlogisticsgroup.example.com,46,2021-05-10,1
4879,Stein Analytics GmbH,Education,Mid-Market,788,158716000.0,APAC,Japan,,Crosbystad,https://www.steinanalyticsgmbh.example.com,41,2024-06-17,1
4880,Foley Logistics Inc,Energy & Utilities,SMB,112,17715000.0,LATAM,Argentina,,Port Annette,https://www.foleylogisticsinc.example.com,44,2023-03-20,1
4881,Forbes Dynamics Group,Real Estate,SMB,11,1999000.0,NA,United States,MN,New Daltonmouth,https://www.forbesdynamicsgroup.example.com,34,2024-10-09,1
4882,Shaffer Logistics GmbH,Telecommunications,Mid-Market,204,49519000.0,NA,United States,WY,Simmonsstad,https://www.shafferlogisticsgmbh.example.com,51,2021-06-10,1
4883,Holt Analytics LLC,Education,SMB,24,2484000.0,NA,United States,NY,North David,https://www.holtanalyticsllc.example.com,49,2026-07-14,1
4884,Curtis Solutions Co,Telecommunications,Enterprise,14415,3769327000.0,EMEA,United Kingdom,,Wesleychester,https://www.curtissolutionsco.example.com,60,2022-05-24,1
4885,Randolph Health PLC,Hospitality,Mid-Market,2000,401148000.0,NA,Canada,,Destinyfurt,https://www.randolphhealthplc.example.com,52,2026-01-16,1
4886,Kent Works Corp,Media & Entertainment,SMB,9,1799000.0,EMEA,UAE,,Perezchester,https://www.kentworkscorp.example.com,21,2024-01-08,1
4887,Terry Solutions LLC,Financial Services,SMB,98,17932000.0,EMEA,Germany,,Robinsonville,https://www.terrysolutionsllc.example.com,5,2021-06-02,1
4888,Stokes Works GmbH,Professional Services,Mid-Market,220,27758000.0,EMEA,Ireland,,Lopezville,https://www.stokesworksgmbh.example.com,5,2024-09-16,1
4889,Rose Energy Ltd,Energy & Utilities,Enterprise,11493,2859749000.0,NA,Canada,,New Blake,https://www.roseenergyltd.example.com,29,2023-05-25,0
4890,Wilkinson Analytics AG,Energy & Utilities,SMB,67,7075000.0,NA,Canada,,Port Tonihaven,https://www.wilkinsonanalyticsag.example.com,14,2021-09-28,1
4891,Love Dynamics PLC,Healthcare,SMB,41,8917000.0,NA,Canada,,Millsland,https://www.lovedynamicsplc.example.com,52,2021-09-26,1
4892,Mahoney Analytics PLC,Financial Services,Mid-Market,487,80123000.0,APAC,Singapore,,Leeland,https://www.mahoneyanalyticsplc.example.com,13,2026-01-23,1
4893,Acosta Foods Ltd,Professional Services,SMB,35,3253000.0,EMEA,UAE,,North Markville,https://www.acostafoodsltd.example.com,7,2026-07-21,1
4894,Choi Capital PLC,Software & SaaS,SMB,89,15282000.0,EMEA,Germany,,South Emily,https://www.choicapitalplc.example.com,27,2023-06-19,1
4895,Chan Metrics Corp,Manufacturing,Mid-Market,235,64676000.0,EMEA,Germany,,East Anthony,https://www.chanmetricscorp.example.com,36,2021-09-25,1
4896,Vaughn Digital AG,Logistics & Transportation,Mid-Market,365,61941000.0,NA,Canada,,Tiffanystad,https://www.vaughndigitalag.example.com,30,2022-05-11,1
4897,Edwards Systems GmbH,Software & SaaS,Mid-Market,638,180900000.0,NA,United States,VI,Ellisshire,https://www.edwardssystemsgmbh.example.com,22,2021-11-02,1
4898,Montes Works Group,Media & Entertainment,Mid-Market,425,90687000.0,NA,United States,NM,Crosbystad,https://www.montesworksgroup.example.com,28,2023-08-31,1
4899,Hobbs Bioscience AG,Software & SaaS,SMB,78,8762000.0,NA,United States,WV,East Mark,https://www.hobbsbioscienceag.example.com,47,2022-08-22,1
4900,Richardson Foods Group,Financial Services,Enterprise,4310,1875576000.0,NA,Canada,,Campbellport,https://www.richardsonfoodsgroup.example.com,24,2022-07-04,1
4901,Haley Cloud PLC,Automotive,SMB,75,13763000.0,NA,Canada,,West Rachelton,https://www.haleycloudplc.example.com,49,2024-11-04,1
4902,Walsh Partners AG,Media & Entertainment,SMB,44,4363000.0,EMEA,United Kingdom,,Joemouth,https://www.walshpartnersag.example.com,42,2026-03-06,1
4903,Lawrence Digital Corp,Construction,Mid-Market,1491,319945000.0,NA,United States,OK,Shawntown,https://www.lawrencedigitalcorp.example.com,15,2021-10-09,1
4904,Doyle Digital LLC,Retail & E-commerce,Mid-Market,749,205303000.0,NA,United States,ME,East Maryfurt,https://www.doyledigitalllc.example.com,22,2022-09-14,1
4905,Ho Partners AG,Professional Services,Mid-Market,446,87710000.0,NA,Canada,,New Tara,https://www.hopartnersag.example.com,11,2023-04-06,1
4906,Hamilton Works GmbH,Software & SaaS,SMB,24,2413000.0,NA,Canada,,Mccannville,https://www.hamiltonworksgmbh.example.com,51,2021-12-16,1
4907,Pittman Robotics Co,Healthcare,Enterprise,43042,15714443000.0,NA,United States,CO,Port Jamesland,https://www.pittmanroboticsco.example.com,51,2022-08-25,1
4908,Gates Cloud AG,Healthcare,SMB,56,8435000.0,NA,United States,GU,Williammouth,https://www.gatescloudag.example.com,14,2021-03-19,1
4909,Bartlett Logistics LLC,Software & SaaS,Mid-Market,572,95922000.0,NA,Canada,,Port Davidtown,https://www.bartlettlogisticsllc.example.com,31,2021-03-04,1
4910,Rodriguez Holdings Co,Construction,Enterprise,14720,3297528000.0,LATAM,Chile,,Priceside,https://www.rodriguezholdingsco.example.com,40,2024-09-25,1
4911,Zamora Cloud LLC,Logistics & Transportation,SMB,58,12715000.0,NA,Canada,,Jacobsmouth,https://www.zamoracloudllc.example.com,48,2022-05-09,1
4912,Duran Technologies LLC,Media & Entertainment,Mid-Market,1578,222508000.0,NA,United States,MH,Destinyfurt,https://www.durantechnologiesllc.example.com,34,2024-03-19,1
4913,Simmons Robotics Corp,Logistics & Transportation,Mid-Market,1250,317977000.0,NA,United States,AS,Chloemouth,https://www.simmonsroboticscorp.example.com,37,2021-04-27,1
4914,Ball Interactive Ltd,Financial Services,Mid-Market,269,57563000.0,NA,Canada,,Joshuashire,https://www.ballinteractiveltd.example.com,16,2023-12-26,1
4915,Good Interactive LLC,Biotech & Pharma,Mid-Market,379,106833000.0,EMEA,Ireland,,North Garyfurt,https://www.goodinteractivellc.example.com,45,2023-11-29,1
4916,Allen Energy Co,Energy & Utilities,Mid-Market,902,190805000.0,NA,Canada,,Brianview,https://www.allenenergyco.example.com,2,2024-12-18,1
4917,Hensley Materials GmbH,Software & SaaS,SMB,27,3401000.0,APAC,Australia,,Jaimetown,https://www.hensleymaterialsgmbh.example.com,56,2021-10-21,1
4918,Merritt Dynamics LLC,Retail & E-commerce,SMB,24,4071000.0,APAC,New Zealand,,Port Anthonychester,https://www.merrittdynamicsllc.example.com,41,2023-05-08,1
4919,Wheeler Partners Inc,Software & SaaS,Enterprise,44094,16073405000.0,EMEA,France,,Thompsonton,https://www.wheelerpartnersinc.example.com,6,2025-08-06,1
4920,Short Interactive PLC,Energy & Utilities,Enterprise,29937,7219598000.0,NA,United States,AS,Williammouth,https://www.shortinteractiveplc.example.com,53,2021-11-13,1
4921,Waller Digital Corp,Logistics & Transportation,Enterprise,35256,11041503000.0,NA,Canada,,Grahamland,https://www.wallerdigitalcorp.example.com,53,2021-06-21,1
4922,Murray Networks LLC,Non-Profit,SMB,73,11492000.0,NA,Canada,,Cunninghamview,https://www.murraynetworksllc.example.com,53,2022-05-18,1
4923,Henderson Metrics GmbH,Biotech & Pharma,SMB,110,21942000.0,EMEA,Spain,,North Kevintown,https://www.hendersonmetricsgmbh.example.com,5,2026-03-12,1
4924,Tucker Networks Corp,Software & SaaS,Mid-Market,824,167241000.0,NA,United States,MS,West Kevin,https://www.tuckernetworkscorp.example.com,8,2021-08-13,1
4925,Beard Industries LLC,Software & SaaS,Mid-Market,287,51594000.0,EMEA,Sweden,,Marymouth,https://www.beardindustriesllc.example.com,60,2021-06-14,1
4926,Santiago Industries Group,Government & Public Sector,SMB,18,2295000.0,NA,United States,AZ,West Angelbury,https://www.santiagoindustriesgroup.example.com,38,2026-07-16,1
4927,Wyatt Networks Ltd,Logistics & Transportation,SMB,25,4054000.0,NA,United States,FL,Rodriguezmouth,https://www.wyattnetworksltd.example.com,16,2022-08-05,0
4928,Anthony Digital Group,Retail & E-commerce,SMB,41,8757000.0,NA,Canada,,Wesleychester,https://www.anthonydigitalgroup.example.com,22,2021-07-28,1
4929,Myers Cloud AG,Media & Entertainment,SMB,45,5996000.0,NA,Canada,,West Rachelton,https://www.myerscloudag.example.com,26,2023-05-22,0
4930,Stewart Works Ltd,Retail & E-commerce,SMB,21,3090000.0,EMEA,Sweden,,Davidshire,https://www.stewartworksltd.example.com,4,2021-01-23,1
4931,Padilla Networks Inc,Education,SMB,129,26515000.0,EMEA,Germany,,Markshire,https://www.padillanetworksinc.example.com,27,2022-09-29,1
4932,Williamson Networks Corp,Biotech & Pharma,SMB,43,5729000.0,NA,United States,SD,Bentleyside,https://www.williamsonnetworkscorp.example.com,15,2021-02-26,0
4933,Finley Bioscience Corp,Media & Entertainment,Enterprise,15891,7623785000.0,NA,United States,DE,Baileystad,https://www.finleybiosciencecorp.example.com,34,2023-06-02,1
4934,Morse Robotics LLC,Healthcare,Mid-Market,1109,177313000.0,APAC,Japan,,New Blake,https://www.morseroboticsllc.example.com,41,2023-09-29,1
4935,Schmidt Technologies Inc,Financial Services,Enterprise,12605,5280641000.0,NA,Canada,,Port Jamesmouth,https://www.schmidttechnologiesinc.example.com,34,2021-01-07,0
4936,Berg Robotics LLC,Construction,SMB,47,6556000.0,EMEA,France,,Tylerland,https://www.bergroboticsllc.example.com,7,2023-03-01,1
4937,Martin Interactive PLC,Media & Entertainment,SMB,118,15285000.0,NA,Canada,,Duffyshire,https://www.martininteractiveplc.example.com,53,2025-12-24,1
4938,Wells Industries Group,Media & Entertainment,SMB,22,4295000.0,EMEA,Sweden,,Annashire,https://www.wellsindustriesgroup.example.com,45,2022-08-17,0
4939,Jimenez Materials Corp,Software & SaaS,SMB,29,6118000.0,EMEA,United Kingdom,,Dannyburgh,https://www.jimenezmaterialscorp.example.com,18,2026-01-29,0
4940,Santos Energy LLC,Non-Profit,SMB,12,2065000.0,NA,Canada,,West Jacqueline,https://www.santosenergyllc.example.com,49,2026-03-05,1
4941,Quinn Analytics AG,Retail & E-commerce,Mid-Market,324,92692000.0,EMEA,Netherlands,,Port Jamesmouth,https://www.quinnanalyticsag.example.com,4,2021-12-10,1
4942,Ferguson Works AG,Automotive,Mid-Market,1681,233730000.0,NA,United States,FL,New Danielleshire,https://www.fergusonworksag.example.com,39,2023-06-21,1
4943,Hansen Systems PLC,Financial Services,Mid-Market,940,282400000.0,NA,United States,HI,Daniellestad,https://www.hansensystemsplc.example.com,55,2025-01-08,1
4944,Kent Analytics Group,Healthcare,SMB,27,4619000.0,EMEA,Spain,,Lake Peterberg,https://www.kentanalyticsgroup.example.com,18,2024-03-21,1
4945,Hoover Logistics Ltd,Financial Services,SMB,10,1407000.0,NA,United States,NC,Duffyshire,https://www.hooverlogisticsltd.example.com,28,2024-07-15,0
4946,Mckinney Dynamics Corp,Manufacturing,SMB,55,5039000.0,NA,United States,WI,Angelaton,https://www.mckinneydynamicscorp.example.com,9,2022-01-03,1
4947,Murray Health AG,Construction,SMB,43,4842000.0,APAC,Singapore,,Mendozaberg,https://www.murrayhealthag.example.com,41,2025-09-30,0
4948,Hobbs Digital Ltd,Manufacturing,Mid-Market,270,33853000.0,APAC,India,,New Julieshire,https://www.hobbsdigitalltd.example.com,41,2021-12-06,1
4949,Morton Networks LLC,Professional Services,SMB,25,2729000.0,NA,Canada,,Millermouth,https://www.mortonnetworksllc.example.com,52,2023-11-10,1
4950,Newman Works Inc,Real Estate,Mid-Market,425,95391000.0,EMEA,Netherlands,,Thompsonstad,https://www.newmanworksinc.example.com,4,2025-06-12,1
4951,Wilkins Partners GmbH,Healthcare,SMB,29,3047000.0,NA,United States,CO,West Cassandra,https://www.wilkinspartnersgmbh.example.com,24,2022-06-08,1
4952,Santos Metrics PLC,Media & Entertainment,Enterprise,23917,9432769000.0,EMEA,Netherlands,,Destinyfurt,https://www.santosmetricsplc.example.com,5,2023-05-09,1
4953,Mathews Robotics PLC,Hospitality,Enterprise,44553,11643216000.0,NA,Canada,,Jaredshire,https://www.mathewsroboticsplc.example.com,28,2024-02-13,0
4954,Clayton Capital Group,Education,SMB,55,9626000.0,EMEA,Ireland,,New Julia,https://www.claytoncapitalgroup.example.com,21,2025-11-06,1
4955,Garrett Cloud PLC,Healthcare,Mid-Market,419,55168000.0,NA,United States,WY,Lisatown,https://www.garrettcloudplc.example.com,25,2022-11-09,1
4956,Gomez Partners Group,Hospitality,SMB,13,1400000.0,NA,Canada,,Meganchester,https://www.gomezpartnersgroup.example.com,53,2023-08-20,1
4957,Foley Analytics Ltd,Logistics & Transportation,Mid-Market,713,196732000.0,APAC,New Zealand,,Ramirezshire,https://www.foleyanalyticsltd.example.com,23,2021-07-14,0
4958,Warren Interactive Group,Automotive,Mid-Market,542,87966000.0,NA,Canada,,East Mark,https://www.warreninteractivegroup.example.com,25,2021-03-31,1
4959,Lopez Health LLC,Education,Mid-Market,267,62260000.0,NA,United States,WV,South Michaelside,https://www.lopezhealthllc.example.com,38,2021-02-04,1
4960,Yang Technologies GmbH,Retail & E-commerce,Mid-Market,222,67330000.0,NA,United States,HI,Jamesfurt,https://www.yangtechnologiesgmbh.example.com,38,2022-12-21,1
4961,Burke Metrics GmbH,Retail & E-commerce,SMB,36,3641000.0,EMEA,Sweden,,Lake Jessicaborough,https://www.burkemetricsgmbh.example.com,60,2023-04-26,1
4962,Perry Foods GmbH,Government & Public Sector,Mid-Market,954,238359000.0,NA,United States,CO,Fullerview,https://www.perryfoodsgmbh.example.com,33,2021-05-03,1
4963,Mcgee Digital Ltd,Automotive,Mid-Market,783,121885000.0,EMEA,Spain,,Port Anthonychester,https://www.mcgeedigitalltd.example.com,6,2021-09-17,1
4964,Richards Labs Ltd,Manufacturing,SMB,53,7406000.0,NA,United States,DC,Port Tonihaven,https://www.richardslabsltd.example.com,33,2022-01-13,1
4965,Haynes Works PLC,Financial Services,SMB,8,979000.0,EMEA,United Kingdom,,Perezchester,https://www.haynesworksplc.example.com,46,2025-06-27,1
4966,Lester Digital Ltd,Software & SaaS,Mid-Market,684,191066000.0,APAC,India,,New Jennaborough,https://www.lesterdigitalltd.example.com,23,2021-05-20,1
4967,Griffith Materials GmbH,Healthcare,Mid-Market,774,161221000.0,NA,United States,TN,Katelynfurt,https://www.griffithmaterialsgmbh.example.com,9,2023-01-12,1
4968,Parker Dynamics PLC,Manufacturing,SMB,52,5666000.0,EMEA,UAE,,Port Scott,https://www.parkerdynamicsplc.example.com,27,2024-10-01,1
4969,Conrad Capital Co,Retail & E-commerce,Enterprise,21531,4410612000.0,NA,United States,VI,Deborahberg,https://www.conradcapitalco.example.com,52,2025-05-02,1
4970,Newman Bioscience Ltd,Financial Services,Mid-Market,397,48686000.0,NA,United States,AL,Kennethland,https://www.newmanbioscienceltd.example.com,24,2024-02-19,1
4971,Kirk Energy AG,Retail & E-commerce,SMB,9,981000.0,EMEA,Ireland,,Port Patriciamouth,https://www.kirkenergyag.example.com,60,2022-01-12,1
4972,Rubio Industries Co,Biotech & Pharma,SMB,28,3453000.0,APAC,Singapore,,Port Stacey,https://www.rubioindustriesco.example.com,13,2021-06-16,1
4973,Baldwin Technologies Inc,Financial Services,SMB,13,2077000.0,APAC,Japan,,Jamesport,https://www.baldwintechnologiesinc.example.com,50,2021-08-15,1
4974,Cole Ventures GmbH,Energy & Utilities,Mid-Market,726,157798000.0,LATAM,Argentina,,Lake Emilymouth,https://www.coleventuresgmbh.example.com,40,2024-08-16,1
4975,Mendoza Robotics Inc,Software & SaaS,SMB,92,17347000.0,NA,United States,AL,Kimberlyfurt,https://www.mendozaroboticsinc.example.com,15,2022-03-04,1
4976,Hardin Partners Group,Education,SMB,13,2611000.0,EMEA,Ireland,,Tylerland,https://www.hardinpartnersgroup.example.com,27,2022-05-06,1
4977,Floyd Materials Group,Biotech & Pharma,Mid-Market,2000,564994000.0,NA,United States,ID,North Kevintown,https://www.floydmaterialsgroup.example.com,15,2021-09-11,1
4978,Walker Cloud Inc,Healthcare,Mid-Market,1526,314343000.0,LATAM,Colombia,,Deborahberg,https://www.walkercloudinc.example.com,44,2022-10-17,0
4979,Trujillo Analytics LLC,Professional Services,Mid-Market,509,138288000.0,EMEA,Spain,,East Jenny,https://www.trujilloanalyticsllc.example.com,4,2022-05-02,1
4980,Boyer Solutions LLC,Software & SaaS,SMB,9,1689000.0,NA,United States,CO,Brownland,https://www.boyersolutionsllc.example.com,26,2022-06-06,1
4981,Lindsey Ventures Co,Manufacturing,Mid-Market,427,111492000.0,APAC,Japan,,Guerreroport,https://www.lindseyventuresco.example.com,23,2021-02-23,1
4982,Nixon Technologies GmbH,Software & SaaS,SMB,34,5837000.0,EMEA,Sweden,,Garrettfurt,https://www.nixontechnologiesgmbh.example.com,20,2022-12-02,1
4983,Robles Energy Group,Manufacturing,SMB,23,4784000.0,LATAM,Mexico,,Michaelton,https://www.roblesenergygroup.example.com,44,2021-06-07,1
4984,Costa Systems Corp,Healthcare,Mid-Market,200,42276000.0,EMEA,Sweden,,Rodriguezview,https://www.costasystemscorp.example.com,3,2023-04-05,1
4985,Skinner Dynamics PLC,Energy & Utilities,Mid-Market,1409,260181000.0,APAC,Australia,,Toddhaven,https://www.skinnerdynamicsplc.example.com,13,2023-12-25,1
4986,Navarro Networks PLC,Healthcare,SMB,10,1576000.0,EMEA,Sweden,,North Heather,https://www.navarronetworksplc.example.com,6,2023-04-27,1
4987,Stone Industries AG,Professional Services,Mid-Market,1140,302451000.0,NA,Canada,,Shawmouth,https://www.stoneindustriesag.example.com,35,2021-07-23,0
4988,Olson Capital Co,Healthcare,SMB,46,7927000.0,EMEA,Netherlands,,Port Edwardfort,https://www.olsoncapitalco.example.com,27,2023-09-15,1
4989,Stephens Labs PLC,Financial Services,SMB,7,1005000.0,NA,Canada,,Kimberlyfurt,https://www.stephenslabsplc.example.com,31,2022-09-13,1
4990,Austin Energy GmbH,Retail & E-commerce,SMB,14,1856000.0,NA,United States,NV,North Williamhaven,https://www.austinenergygmbh.example.com,49,2022-06-08,1
4991,Dawson Technologies Corp,Education,SMB,20,2662000.0,LATAM,Brazil,,Katelynfurt,https://www.dawsontechnologiescorp.example.com,40,2021-07-28,1
4992,Long Cloud GmbH,Government & Public Sector,Mid-Market,420,81389000.0,APAC,Japan,,Kellerside,https://www.longcloudgmbh.example.com,13,2026-06-29,1
4993,French Digital AG,Professional Services,Mid-Market,216,33268000.0,LATAM,Argentina,,Wilcoxfort,https://www.frenchdigitalag.example.com,44,2022-08-04,1
4994,Cooper Energy LLC,Logistics & Transportation,Mid-Market,265,48806000.0,NA,United States,DC,West Bryan,https://www.cooperenergyllc.example.com,48,2022-11-23,1
4995,Peck Dynamics PLC,Construction,SMB,57,6229000.0,NA,United States,SD,Port Dwayneberg,https://www.peckdynamicsplc.example.com,24,2021-05-13,1
4996,Young Foods Ltd,Healthcare,SMB,83,16065000.0,APAC,India,,North Peterburgh,https://www.youngfoodsltd.example.com,56,2024-01-04,1
4997,Lucas Ventures GmbH,Automotive,SMB,72,6998000.0,NA,Canada,,Port Penny,https://www.lucasventuresgmbh.example.com,49,2022-02-11,1
4998,Mercado Digital Co,Manufacturing,Mid-Market,882,260514000.0,NA,Canada,,Ryanside,https://www.mercadodigitalco.example.com,38,2024-06-03,1
4999,Merritt Dynamics LLC,Healthcare,SMB,28,4976000.0,NA,Canada,,Bradleyberg,https://www.merrittdynamicsllc.example.com,51,2021-04-02,1
5000,Hogan Materials Corp,Manufacturing,SMB,5,1012000.0,APAC,Japan,,Lake Margaretport,https://www.hoganmaterialscorp.example.com,41,2022-03-06,1
